Workbook
Name RED: #REF!
Name RS: #REF!

Sheet read me
A1: Welcome to the weir-based escapement estimate workbook for Redoubt Lake sockeye and coho salmon.
A3: Instructions for use inseason:
A4: 1) | B4: enter daily weir counts into the "Currentyear" worksheet
A5: 2) | B5: print the "prediction figure" worksheet
A6: 3)
A9: Instructions for prepping the workbook for a new year:
A10: 1)
A11: 2) | B11: make a new "past year" column in the "Sockeye w EM Fill-in" worksheet by:
B12: a) "copy" the latest year column, and
B13: b) insert "insert copied cells" this copied column over the copied column. This inserts a new column to the left. Then, in the right most column…
C14: i) put the current year in the column heading
C15: ii) delete the data and cell shading
C16: iii) copy the daily counts from the "Currentyear" worksheet, and
C17: iv) run the "fill missing counts" macro based on all prior data (and interpolations)
C18: v) enter the formula to sum the daily weir counts for the new year in row 124
B19: c) delete daily counts from "Currentyear" worksheet and enter the new year
B20: d) repeat steps a to b for the "Coho w EM Fill-ini" worksheet
A21: 3)

Sheet Currentyear
A1: Redoubt Lake Adult Salmon Escapement Data | J1: Year = | K1: 45818 | L1: <==just edit for current year (i.e., leave 6/10/yyyy)
A2: Enter data into blue shaded cells. | F2: Yellow shaded cells are calculated.
B4: last updated = | C4: =VLOOKUP(MAX(C7:C126),C7:N126,12) -> 45899
A5: Date | B5: Sockeye | D5: Coho | F5: Chinook | H5: Pink | J5: Chum | L5: Dolly Varden
A6: M/D | B6: Daily | C6: Cum. | D6: Daily | E6: Cum. | F6: Daily | G6: Cum. | H6: Daily | I6: Cum. | J6: Daily | K6: Cum. | L6: Daily | M6: Cum.
A7: =K1 -> 45818 | C7: =IF(B7="","",SUM(B$7:B7)) | E7: =IF(D7="","",SUM(D$7:D7)) | G7: =IF(F7="","",SUM(F$7:F7)) | I7: =IF(H7="","",SUM(H$7:H7)) | K7: =IF(J7="","",SUM(J$7:J7)) | M7: =IF(L7="","",SUM(L$7:L7)) | N7: =A7 -> 45818
A8: =A7+1 -> 45819 | C8: =IF(B8="","",SUM(B$7:B8)) | E8: =IF(D8="","",SUM(D$7:D8)) | G8: =IF(F8="","",SUM(F$7:F8)) | I8: =IF(H8="","",SUM(H$7:H8)) | K8: =IF(J8="","",SUM(J$7:J8)) | M8: =IF(L8="","",SUM(L$7:L8)) | N8: =A8 -> 45819
A9: =A8+1 -> 45820 | C9: =IF(B9="","",SUM(B$7:B9)) | E9: =IF(D9="","",SUM(D$7:D9)) | G9: =IF(F9="","",SUM(F$7:F9)) | I9: =IF(H9="","",SUM(H$7:H9)) | K9: =IF(J9="","",SUM(J$7:J9)) | M9: =IF(L9="","",SUM(L$7:L9)) | N9: =A9 -> 45820
A10: =A9+1 -> 45821 | C10: =IF(B10="","",SUM(B$7:B10)) | G10: =IF(F10="","",SUM(F$7:F10)) | I10: =IF(H10="","",SUM(H$7:H10)) | K10: =IF(J10="","",SUM(J$7:J10)) | M10: =IF(L10="","",SUM(L$7:L10)) | N10: =A10 -> 45821
A11: =A10+1 -> 45822 | B11: 1 | C11: =IF(B11="","",SUM(B$7:B11)) -> 1 | G11: =IF(F11="","",SUM(F$7:F11)) | I11: =IF(H11="","",SUM(H$7:H11)) | K11: =IF(J11="","",SUM(J$7:J11)) | M11: =IF(L11="","",SUM(L$7:L11)) | N11: =A11 -> 45822
A12: =A11+1 -> 45823 | B12: 7 | C12: =IF(B12="","",SUM(B$7:B12)) -> 8 | E12: =IF(D12="","",SUM(D$7:D12)) | G12: =IF(F12="","",SUM(F$7:F12)) | I12: =IF(H12="","",SUM(H$7:H12)) | K12: =IF(J12="","",SUM(J$7:J12)) | M12: =IF(L12="","",SUM(L$7:L12)) | N12: =A12 -> 45823
A13: =A12+1 -> 45824 | B13: 13 | C13: =IF(B13="","",SUM(B$7:B13)) -> 21 | E13: =IF(D13="","",SUM(D$7:D13)) | N13: =A13 -> 45824
A14: =A13+1 -> 45825 | B14: 7 | C14: =IF(B14="","",SUM(B$7:B14)) -> 28 | E14: =IF(D14="","",SUM(D$7:D14)) | N14: =A14 -> 45825
A15: =A14+1 -> 45826 | B15: 1 | C15: =IF(B15="","",SUM(B$7:B15)) -> 29 | E15: =IF(D15="","",SUM(D$7:D15)) | N15: =A15 -> 45826
A16: =A15+1 -> 45827 | B16: 8 | C16: =IF(B16="","",SUM(B$7:B16)) -> 37 | E16: =IF(D16="","",SUM(D$7:D16)) | N16: =A16 -> 45827
A17: =A16+1 -> 45828 | B17: 549 | C17: =IF(B17="","",SUM(B$7:B17)) -> 586 | E17: =IF(D17="","",SUM(D$7:D17)) | N17: =A17 -> 45828
A18: =A17+1 -> 45829 | B18: 2 | C18: =IF(B18="","",SUM(B$7:B18)) -> 588 | E18: =IF(D18="","",SUM(D$7:D18)) | N18: =A18 -> 45829
A19: =A18+1 -> 45830 | B19: 0 | C19: =IF(B19="","",SUM(B$7:B19)) -> 588 | E19: =IF(D19="","",SUM(D$7:D19)) | N19: =A19 -> 45830
A20: =A19+1 -> 45831 | B20: 626 | C20: =IF(B20="","",SUM(B$7:B20)) -> 1214 | E20: =IF(D20="","",SUM(D$7:D20)) | N20: =A20 -> 45831
A21: =A20+1 -> 45832 | B21: 517 | C21: =IF(B21="","",SUM(B$7:B21)) -> 1731 | E21: =IF(D21="","",SUM(D$7:D21)) | N21: =A21 -> 45832
A22: =A21+1 -> 45833 | B22: 724 | C22: =IF(B22="","",SUM(B$7:B22)) -> 2455 | E22: =IF(D22="","",SUM(D$7:D22)) | N22: =A22 -> 45833
A23: =A22+1 -> 45834 | B23: 872 | C23: =IF(B23="","",SUM(B$7:B23)) -> 3327 | E23: =IF(D23="","",SUM(D$7:D23)) | N23: =A23 -> 45834
A24: =A23+1 -> 45835 | B24: 312 | C24: =IF(B24="","",SUM(B$7:B24)) -> 3639 | E24: =IF(D24="","",SUM(D$7:D24)) | N24: =A24 -> 45835
... A88: =A87+1 -> 45899 | B88: 208 | C88: =IF(B88="","",SUM(B$7:B88)) -> 228571 | E88: =IF(D88="","",SUM(D$7:D88)) | N88: =A88 -> 45899
A89: =A88+1 -> 45900 | C89: =IF(B89="","",SUM(B$7:B89)) | E89: =IF(D89="","",SUM(D$7:D89)) | N89: =A89 -> 45900
A90: =A89+1 -> 45901 | C90: =IF(B90="","",SUM(B$7:B90)) | E90: =IF(D90="","",SUM(D$7:D90)) | N90: =A90 -> 45901
A91: =A90+1 -> 45902 | C91: =IF(B91="","",SUM(B$7:B91)) | E91: =IF(D91="","",SUM(D$7:D91)) | G91: =IF(F91="","",SUM(F$7:F91)) | I91: =IF(H91="","",SUM(H$7:H91)) | K91: =IF(J91="","",SUM(J$7:J91)) | M91: =IF(L91="","",SUM(L$7:L91)) | N91: =A91 -> 45902
A92: =A91+1 -> 45903 | C92: =IF(B92="","",SUM(B$7:B92)) | E92: =IF(D92="","",SUM(D$7:D92)) | G92: =IF(F92="","",SUM(F$7:F92)) | I92: =IF(H92="","",SUM(H$7:H92)) | K92: =IF(J92="","",SUM(J$7:J92)) | M92: =IF(L92="","",SUM(L$7:L92)) | N92: =A92 -> 45903
A93: =A92+1 -> 45904 | C93: =IF(B93="","",SUM(B$7:B93)) | E93: =IF(D93="","",SUM(D$7:D93)) | G93: =IF(F93="","",SUM(F$7:F93)) | I93: =IF(H93="","",SUM(H$7:H93)) | K93: =IF(J93="","",SUM(J$7:J93)) | M93: =IF(L93="","",SUM(L$7:L93)) | N93: =A93 -> 45904
A94: =A93+1 -> 45905 | C94: =IF(B94="","",SUM(B$7:B94)) | E94: =IF(D94="","",SUM(D$7:D94)) | G94: =IF(F94="","",SUM(F$7:F94)) | I94: =IF(H94="","",SUM(H$7:H94)) | K94: =IF(J94="","",SUM(J$7:J94)) | M94: =IF(L94="","",SUM(L$7:L94)) | N94: =A94 -> 45905
A95: =A94+1 -> 45906 | C95: =IF(B95="","",SUM(B$7:B95)) | E95: =IF(D95="","",SUM(D$7:D95)) | G95: =IF(F95="","",SUM(F$7:F95)) | I95: =IF(H95="","",SUM(H$7:H95)) | K95: =IF(J95="","",SUM(J$7:J95)) | M95: =IF(L95="","",SUM(L$7:L95)) | N95: =A95 -> 45906
A96: =A95+1 -> 45907 | C96: =IF(B96="","",SUM(B$7:B96)) | E96: =IF(D96="","",SUM(D$7:D96)) | G96: =IF(F96="","",SUM(F$7:F96)) | I96: =IF(H96="","",SUM(H$7:H96)) | K96: =IF(J96="","",SUM(J$7:J96)) | M96: =IF(L96="","",SUM(L$7:L96)) | N96: =A96 -> 45907
A97: =A96+1 -> 45908 | C97: =IF(B97="","",SUM(B$7:B97)) | E97: =IF(D97="","",SUM(D$7:D97)) | G97: =IF(F97="","",SUM(F$7:F97)) | I97: =IF(H97="","",IF(ISERROR(H97+I96),H97,H97+I96)) | K97: =IF(J97="","",IF(ISERROR(J97+K96),J97,J97+K96)) | M97: =IF(L97="","",SUM(L$7:L97)) | N97: =A97 -> 45908
A98: =A97+1 -> 45909 | C98: =IF(B98="","",SUM(B$7:B98)) | E98: =IF(D98="","",SUM(D$7:D98)) | G98: =IF(F98="","",SUM(F$7:F98)) | I98: =IF(H98="","",IF(ISERROR(H98+I97),H98,H98+I97)) | K98: =IF(J98="","",IF(ISERROR(J98+K97),J98,J98+K97)) | M98: =IF(L98="","",SUM(L$7:L98)) | N98: =A98 -> 45909
A99: =A98+1 -> 45910 | C99: =IF(B99="","",SUM(B$7:B99)) | E99: =IF(D99="","",SUM(D$7:D99)) | G99: =IF(F99="","",SUM(F$7:F99)) | I99: =IF(H99="","",IF(ISERROR(H99+I98),H99,H99+I98)) | K99: =IF(J99="","",IF(ISERROR(J99+K98),J99,J99+K98)) | M99: =IF(L99="","",SUM(L$7:L99)) | N99: =A99 -> 45910
A100: =A99+1 -> 45911 | C100: =IF(B100="","",SUM(B$7:B100)) | E100: =IF(D100="","",SUM(D$7:D100)) | G100: =IF(F100="","",SUM(F$7:F100)) | I100: =IF(H100="","",IF(ISERROR(H100+I99),H100,H100+I99)) | K100: =IF(J100="","",IF(ISERROR(J100+K99),J100,J100+K99)) | M100: =IF(L100="","",SUM(L$7:L100)) | N100: =A100 -> 45911
A101: =A100+1 -> 45912 | C101: =IF(B101="","",SUM(B$7:B101)) | E101: =IF(D101="","",SUM(D$7:D101)) | G101: =IF(F101="","",SUM(F$7:F101)) | I101: =IF(H101="","",IF(ISERROR(H101+I100),H101,H101+I100)) | K101: =IF(J101="","",IF(ISERROR(J101+K100),J101,J101+K100)) | M101: =IF(L101="","",SUM(L$7:L101)) | N101: =A101 -> 45912
A102: =A101+1 -> 45913 | C102: =IF(B102="","",SUM(B$7:B102)) | E102: =IF(D102="","",SUM(D$7:D102)) | G102: =IF(F102="","",SUM(F$7:F102)) | I102: =IF(H102="","",IF(ISERROR(H102+I101),H102,H102+I101)) | K102: =IF(J102="","",IF(ISERROR(J102+K101),J102,J102+K101)) | M102: =IF(L102="","",SUM(L$7:L102)) | N102: =A102 -> 45913
A103: =A102+1 -> 45914 | C103: =IF(B103="","",SUM(B$7:B103)) | E103: =IF(D103="","",SUM(D$7:D103)) | G103: =IF(F103="","",SUM(F$7:F103)) | I103: =IF(H103="","",IF(ISERROR(H103+I102),H103,H103+I102)) | K103: =IF(J103="","",IF(ISERROR(J103+K102),J103,J103+K102)) | M103: =IF(L103="","",SUM(L$7:L103)) | N103: =A103 -> 45914
A104: =A103+1 -> 45915 | C104: =IF(B104="","",SUM(B$7:B104)) | E104: =IF(D104="","",SUM(D$7:D104)) | G104: =IF(F104="","",SUM(F$7:F104)) | I104: =IF(H104="","",IF(ISERROR(H104+I103),H104,H104+I103)) | K104: =IF(J104="","",IF(ISERROR(J104+K103),J104,J104+K103)) | M104: =IF(L104="","",SUM(L$7:L104)) | N104: =A104 -> 45915
A105: =A104+1 -> 45916 | C105: =IF(B105="","",SUM(B$7:B105)) | E105: =IF(D105="","",SUM(D$7:D105)) | G105: =IF(F105="","",SUM(F$7:F105)) | I105: =IF(H105="","",IF(ISERROR(H105+I104),H105,H105+I104)) | K105: =IF(J105="","",IF(ISERROR(J105+K104),J105,J105+K104)) | M105: =IF(L105="","",SUM(L$7:L105)) | N105: =A105 -> 45916
A106: =A105+1 -> 45917 | C106: =IF(B106="","",SUM(B$7:B106)) | E106: =IF(D106="","",SUM(D$7:D106)) | G106: =IF(F106="","",SUM(F$7:F106)) | I106: =IF(H106="","",IF(ISERROR(H106+I105),H106,H106+I105)) | K106: =IF(J106="","",IF(ISERROR(J106+K105),J106,J106+K105)) | M106: =IF(L106="","",SUM(L$7:L106)) | N106: =A106 -> 45917
A107: =A106+1 -> 45918 | C107: =IF(B107="","",SUM(B$7:B107)) | E107: =IF(D107="","",SUM(D$7:D107)) | G107: =IF(F107="","",SUM(F$7:F107)) | I107: =IF(H107="","",IF(ISERROR(H107+I106),H107,H107+I106)) | K107: =IF(J107="","",IF(ISERROR(J107+K106),J107,J107+K106)) | M107: =IF(L107="","",SUM(L$7:L107)) | N107: =A107 -> 45918
A108: =A107+1 -> 45919 | C108: =IF(B108="","",SUM(B$7:B108)) | E108: =IF(D108="","",SUM(D$7:D108)) | G108: =IF(F108="","",SUM(F$7:F108)) | I108: =IF(H108="","",IF(ISERROR(H108+I107),H108,H108+I107)) | K108: =IF(J108="","",IF(ISERROR(J108+K107),J108,J108+K107)) | M108: =IF(L108="","",SUM(L$7:L108)) | N108: =A108 -> 45919
... A126: =A125+1 -> 45937 | C126: =IF(B126="","",SUM(B$7:B126)) | E126: =IF(D126="","",SUM(D$7:D126)) | G126: =IF(F126="","",SUM(F$7:F126)) | I126: =IF(H126="","",IF(ISERROR(H126+I125),H126,H126+I125)) | K126: =IF(J126="","",IF(ISERROR(J126+K125),J126,J126+K125)) | M126: =IF(L126="","",SUM(L$7:L126)) | N126: =A126 -> 45937

Sheet Sockeye w EM Fill-in
A1: ="Table 1. Daily weir counts and escapement estimates for Redoubt Lake sockeye salmon, 1953 through "&MAX(B3:AU3)&"." -> Table 1. Daily weir counts and escapement estimates for Redoubt Lake sockeye salmon, 1953 through 2025.
BF2: ="Data for Charting "&MAX(B3:AN3)+1&" esc. prediction" -> Data for Charting 2019 esc. prediction | BI2: Upper | BJ2: Lower | BL2: 5-Year Running Averages:
A3: Date | B3: 1953 | C3: 1954 | D3: 1955 | E3: 1982 | F3: 1983 | G3: 1984 | H3: 1985 | I3: 1986 | J3: 1987 | K3: 1988 | L3: 1989 | M3: 1990 | N3: 1991 | O3: 1992 | P3: 1993 | Q3: 1994 | R3: 1995 | S3: 1996 | T3: 1997 | U3: 1999 | V3: 2000 | W3: 2001 | X3: 2002 | Y3: 2003 | Z3: 2004 | AA3: 2005 | AB3: 2006 | AC3: 2007 | AD3: 2008 | AE3: 2009 | AF3: 2010 | AG3: 2011 | AH3: 2012 | AI3: 2013 | AJ3: 2014 | AK3: 2015 | AL3: 2016 | AM3: 2017 | AN3: 2018 | AO3: 2019 | AP3: 2020 | AQ3: 2021 | AR3: 2022 | AS3: 2023 | AT3: 2024 | AU3: 2025 | AY3: Years w/ Weir Counts 1953-1999 | AZ3: Percent w/ Counts 1953-1999 | BA3: ="Avg. 1953-"&MAX(B3:AT3) -> Avg. 1953-2024 | BB3: ="Min. 1953-"&MAX(B3:AT3) -> Min. 1953-2024 | BC3: ="Max. 1953-"&MAX(B3:AT3) -> Max. 1953-2024 | BD3: Average Daily % of Run | BE3: Average Cum. % of Run | BF3: =A3 -> Date | BG3: ="Ave. Cum. Escapement (1953-1955 and 1982-"&MAX(B3:AT3)&")" -> Ave. Cum. Escapement (1953-1955 and 1982-2024) | BH3: ="Cumulative "&MAX(B3:AT3)+1&" Escapement = ("&ROUND(MAX(BH4:BH123),0)&")" -> Cumulative 2025 Escapement = (228571) | BI3: (w/ Mean Absolute % Error) | BK3: ="Esc. Prediction for "&MAX(B3:AT3)+1&" = ("&FIXED(VLOOKUP(Currentyear!C4,'Sockeye w EM Fill-in'!BF4:BK123,6),0)&")" -> Esc. Prediction for 2025 = (234,489) | BL3: Rho | BM3: P-value | BN3: N | BO3: Relative Change in Predictions for Current Year | BP3: Relative Error in Prediction Model
A4: =Currentyear!K1 -> 45818 | B4: 0 | C4: 0 | D4: 0 | E4: 0 | F4: 0 | G4: 0 | H4: 0 | I4: 0 | J4: 0 | K4: 0 | L4: 0 | M4: 0 | N4: 0 | O4: 0 | P4: 0 | Q4: 0 | R4: 0 | S4: 0 | T4: 0 | U4: 0 | V4: 0 | W4: 0 | X4: 3 | Y4: 2 | Z4: 6 | AA4: 0 | AB4: 1.571118 | AC4: 1.0116903 | AD4: 0 | AE4: 0.18996116 | AF4: 0.25646273 | AG4: 0.33962965 | AH4: 0.61205624 | AI4: 0.73434235 | AJ4: 0.29801843 | AK4: 0.22451598 | AL4: 0.34077095 | AM4: 0.83346801 | AN4: 1.1044092 | AO4: 0.89886672 | AP4: 0.62244181 | AQ4: 0.91682936 | AR4: 1.346739 | AS4: 2.371034 | AT4: 3.3387604 | AY4: 1 | AZ4: 0.05 | BA4: =AVERAGE(B4:AS4) -> 0.56073532 | BB4: =MIN(B4:AS4) -> 0 | BC4: =MAX(B4:AS4) -> 6 | BD4: =SUM(B4:AS4)/SUM($B$4:$AS$123) -> 1.496294e-05 | BE4: =BD4 -> 1.496294e-05 | BF4: =A4 -> 45818 | BG4: =BA4 -> 0.56073532 | BH4: =Currentyear!C7 | BI4: =IF(ISERR(BJ4/BC4),"",($BH4/$BE4)*(1+$BC264)) | BJ4: =IF(ISERR(BK4/BD4),"",($BH4/$BE4)*(1-$BC264)) | BK4: =IF(ISERR(BH4/BE4),"",$BH4/$BE4)
A5: =A4+1 -> 45819 | B5: 0 | C5: 0 | D5: 0 | E5: 0 | F5: 0 | G5: 0 | H5: 0 | I5: 0 | J5: 0 | K5: 0 | L5: 0 | M5: 0 | N5: 0 | O5: 0 | P5: 0 | Q5: 0 | R5: 0 | S5: 0 | T5: 0 | U5: 0 | V5: 0 | W5: 0 | X5: 2 | Y5: 0 | Z5: 29 | AA5: 0 | AB5: 4.4276961 | AC5: 2.8511272 | AD5: 0 | AE5: 0.5353451 | AF5: 0.72275859 | AG5: 0.9571381 | AH5: 1.7248858 | AI5: 2.0695103 | AJ5: 0.83987013 | AK5: 0.63272685 | AL5: 0.9603545 | AM5: 2.3488644 | AN5: 3.112426 | AO5: 2.5331698 | AP5: 1.7541542 | AQ5: 2.5837918 | AR5: 3.7953555 | AS5: 6.6820049 | AT5: 9.4092339 | AY5: 1 | AZ5: 0.05 | BA5: =AVERAGE(B5:AS5) -> 1.5802541 | BB5: =MIN(B5:AS5) -> 0 | BC5: =MAX(B5:AS5) -> 29 | BD5: =SUM(B5:AS5)/SUM($B$4:$AS$123) -> 4.2168285e-05 | BE5: =BD5+BE4 -> 5.7131225e-05 | BF5: =A5 -> 45819 | BG5: =BA5+BG4 -> 2.1409894 | BH5: =Currentyear!C8 | BI5: =IF(ISERR(BJ5/BC5),"",($BH5/$BE5)*(1+$BC265)) | BJ5: =IF(ISERR(BK5/BD5),"",($BH5/$BE5)*(1-$BC265)) | BK5: =IF(ISERR(BH5/BE5),"",$BH5/$BE5)
A6: =A5+1 -> 45820 | B6: 0 | C6: 0 | D6: 0 | E6: 0 | F6: 0 | G6: 0 | H6: 0 | I6: 0 | J6: 0 | K6: 0 | L6: 0 | M6: 0 | N6: 0 | O6: 0 | P6: 0 | Q6: 0 | R6: 0 | S6: 0 | T6: 0 | U6: 0 | V6: 0 | W6: 0 | X6: 1 | Y6: 2 | Z6: 18 | AA6: 0 | AB6: 2.999407 | AC6: 1.9314088 | AD6: 0 | AE6: 0.36265313 | AF6: 0.48961066 | AG6: 0.64838387 | AH6: 1.168471 | AI6: 1.4019263 | AJ6: 0.56894428 | AK6: 0.42862141 | AL6: 0.65056273 | AM6: 1.5911662 | AN6: 2.1084176 | AO6: 1.7160183 | AP6: 1.188298 | AQ6: 1.7503106 | AR6: 2.5710473 | AS6: 4.5265194 | AT6: 6.3739971 | AY6: 2 | AZ6: 0.1 | BA6: =AVERAGE(B6:AS6) -> 1.0704947 | BB6: =MIN(B6:AS6) -> 0 | BC6: =MAX(B6:AS6) -> 18 | BD6: =SUM(B6:AS6)/SUM($B$4:$AS$123) -> 2.8565613e-05 | BE6: =BD6+BE5 -> 8.5696838e-05 | BF6: =A6 -> 45820 | BG6: =BA6+BG5 -> 3.2114841 | BH6: =Currentyear!C9 | BI6: =IF(ISERR(BJ6/BC6),"",($BH6/$BE6)*(1+$BC266)) | BJ6: =IF(ISERR(BK6/BD6),"",($BH6/$BE6)*(1-$BC266)) | BK6: =IF(ISERR(BH6/BE6),"",$BH6/$BE6)
A7: =A6+1 -> 45821 | B7: 2.4607931 | C7: 2.0783826 | D7: 2.4812371 | E7: 0.048876057 | F7: 0.27232026 | G7: 1.2415643 | H7: 1.178513 | I7: 1.050577 | J7: 1.5280556 | K7: 0.34868843 | L7: 3.3850417 | M7: 7.8465492 | N7: 4.8796415 | O7: 1.1071522 | P7: 0 | Q7: 0 | R7: 3.7310617 | S7: 9 | T7: 3.0985378 | U7: 6.1924392 | V7: 1 | W7: 11 | X7: 4 | Y7: 3 | Z7: 29 | AA7: 0 | AB7: 14.272811 | AC7: 9.1906942 | AD7: 1 | AE7: 1.725701 | AF7: 2.348455 | AG7: 3.1100229 | AH7: 5.6046607 | AI7: 6.7244469 | AJ7: 2.7289848 | AK7: 2.0559154 | AL7: 1 | AM7: 7.5255462 | AN7: 9.9719275 | AO7: 26 | AP7: 6.1934968 | AQ7: 3 | AR7: 13.006983 | AS7: 0 | AT7: 29.147301 | AY7: 3 | AZ7: 0.15 | BA7: =AVERAGE(B7:AS7) -> 4.8952063 | BB7: =MIN(B7:AS7) -> 0 | BC7: =MAX(B7:AS7) -> 29 | BD7: =SUM(B7:AS7)/SUM($B$4:$AS$123) -> 0.00013062612 | BE7: =BD7+BE6 -> 0.00021632296 | BF7: =A7 -> 45821 | BG7: =BA7+BG6 -> 8.1066904 | BH7: =Currentyear!C10 | BI7: =IF(ISERR(BJ7/BC7),"",($BH7/$BE7)*(1+$BC267)) | BJ7: =IF(ISERR(BK7/BD7),"",($BH7/$BE7)*(1-$BC267)) | BK7: =IF(ISERR(BH7/BE7),"",$BH7/$BE7)
A8: =A7+1 -> 45822 | B8: 1.7396143 | C8: 1.469276 | D8: 1.7540669 | E8: 0.034552068 | F8: 0.19251201 | G8: 0.87770205 | H8: 0.83312905 | I8: 0.74268693 | J8: 1.080232 | K8: 0.24649915 | L8: 2.3929956 | M8: 5.5469799 | N8: 3.4495767 | O8: 0.78268173 | P8: 0 | Q8: 0 | R8: 6 | S8: 3 | T8: 2.1904568 | U8: 4.3776359 | V8: 0 | W8: 6 | X8: 24 | Y8: 3 | Z8: 24 | AA8: 5 | AB8: 14.098727 | AC8: 9.0785958 | AD8: 0 | AE8: 1.7046527 | AF8: 2.3014172 | AG8: 3.0477314 | AH8: 5.4924034 | AI8: 41 | AJ8: 3.3268684 | AK8: 2.5063386 | AL8: 3 | AM8: 9.2638247 | AN8: 12.27528 | AO8: 7 | AP8: 1 | AQ8: 4 | AR8: 13.998296 | AS8: 0 | AT8: 31.368732 | AU8: 1 | AY8: 4 | AZ8: 0.2 | BA8: =AVERAGE(B8:AS8) -> 5.2682894 | BB8: =MIN(B8:AS8) -> 0 | BC8: =MAX(B8:AS8) -> 41 | BD8: =SUM(B8:AS8)/SUM($B$4:$AS$123) -> 0.00014058165 | BE8: =BD8+BE7 -> 0.00035690461 | BF8: =A8 -> 45822 | BG8: =BA8+BG7 -> 13.37498 | BH8: =Currentyear!C11 -> 1 | BI8: =IF(ISERR(BJ8/BC8),"",($BH8/$BE8)*(1+$BC268)) -> 5256.0621 | BJ8: =IF(ISERR(BK8/BD8),"",($BH8/$BE8)*(1-$BC268)) -> 347.67613 | BK8: =IF(ISERR(BH8/BE8),"",$BH8/$BE8) -> 2801.8691
A9: =A8+1 -> 45823 | B9: 2.3194858 | C9: 1.9590347 | D9: 2.3387559 | E9: 0.046069425 | F9: 0.25668268 | G9: 1.1702694 | H9: 1.1108387 | I9: 0.99024924 | J9: 1.4403094 | K9: 0.32866553 | L9: 3.1906608 | M9: 7.3959732 | N9: 4.5994356 | O9: 1.0435756 | P9: 0 | Q9: 6 | R9: 2 | S9: 4 | T9: 2.920609 | U9: 5.8368479 | V9: 2 | W9: 3 | X9: 21 | Y9: 2 | Z9: 22 | AA9: 0 | AB9: 14.132558 | AC9: 9.1003808 | AD9: 7 | AE9: 1.7087432 | AF9: 2.4372866 | AG9: 3.2276612 | AH9: 5.8166601 | AI9: 33 | AJ9: 3.3256666 | AK9: 0 | AL9: 3 | AM9: 9.1345751 | AN9: 12.104014 | AO9: 57 | AP9: 1 | AQ9: 1 | AR9: 1 | AS9: 12 | AT9: 7 | AU9: 7 | AY9: 4 | AZ9: 0.2 | BA9: =AVERAGE(B9:AS9) -> 6.2485229 | BB9: =MIN(B9:AS9) -> 0 | BC9: =MAX(B9:AS9) -> 57 | BD9: =SUM(B9:AS9)/SUM($B$4:$AS$123) -> 0.00016673869 | BE9: =BD9+BE8 -> 0.0005236433 | BF9: =A9 -> 45823 | BG9: =BA9+BG8 -> 19.623503 | BH9: =Currentyear!C12 -> 8 | BI9: =IF(ISERR(BJ9/BC9),"",($BH9/$BE9)*(1+$BC269)) -> 25974.872 | BJ9: =IF(ISERR(BK9/BD9),"",($BH9/$BE9)*(1-$BC269)) -> 4580.2782 | BK9: =IF(ISERR(BH9/BE9),"",$BH9/$BE9) -> 15277.575
A10: =A9+1 -> 45824 | B10: 0 | C10: 8.8016618 | D10: 10.507695 | E10: 0.20698332 | F10: 1.1532385 | G10: 5.2578525 | H10: 4.9908391 | I10: 4.4490478 | J10: 6.4711035 | K10: 1.4766471 | L10: 14.335181 | M10: 33.229047 | N10: 1 | O10: 4.6886357 | P10: 14 | Q10: 19 | R10: 51 | S10: 0 | T10: 13.121877 | U10: 26.22412 | V10: 0 | W10: 5 | X10: 60 | Y10: 11 | Z10: 43 | AA10: 0 | AB10: 48.406705 | AC10: 31.17054 | AD10: 12 | AE10: 5.8527713 | AF10: 8.1251602 | AG10: 10.760025 | AH10: 19.390947 | AI10: 220 | AJ10: 19 | AK10: 0 | AL10: 9 | AM10: 36.32888 | AN10: 2 | AO10: 74 | AP10: 0 | AQ10: 22 | AR10: 2 | AS10: 100 | AT10: 0 | AU10: 13 | AY10: 6 | AZ10: 0.3 | BA10: =AVERAGE(B10:AS10) -> 21.794294 | BB10: =MIN(B10:AS10) -> 0 | BC10: =MAX(B10:AS10) -> 220 | BD10: =SUM(B10:AS10)/SUM($B$4:$AS$123) -> 0.00058156979 | BE10: =BD10+BE9 -> 0.0011052131 | BF10: =A10 -> 45824 | BG10: =BA10+BG9 -> 41.417797 | BH10: =Currentyear!C13 -> 21 | BI10: =IF(ISERR(BJ10/BC10),"",($BH10/$BE10)*(1+$BC270)) -> 27225.636 | BJ10: =IF(ISERR(BK10/BD10),"",($BH10/$BE10)*(1-$BC270)) -> 10776.085 | BK10: =IF(ISERR(BH10/BE10),"",$BH10/$BE10) -> 19000.861
A11: =A10+1 -> 45825 | B11: 0 | C11: 5.3305552 | D11: 6.3637808 | E11: 0.12535542 | F11: 0.69843644 | G11: 3.184316 | H11: 3.0226046 | I11: 2.6944792 | J11: 3.9190979 | K11: 0.89430257 | L11: 4 | M11: 20.124525 | N11: 0 | O11: 0 | P11: 0 | Q11: 20 | R11: 27 | S11: 12 | T11: 7.9470096 | U11: 15.882128 | V11: 4 | W11: 10 | X11: 76 | Y11: 0 | Z11: 23 | AA11: 3 | AB11: 35.591048 | AC11: 86 | AD11: 5 | AE11: 0 | AF11: 6.9973551 | AG11: 0 | AH11: 0 | AI11: 276 | AJ11: 4 | AK11: 1 | AL11: 8 | AM11: 3 | AN11: 42 | AO11: 88 | AP11: 0 | AQ11: 11 | AR11: 0 | AS11: 160 | AT11: 3 | AU11: 7 | AY11: 8 | AZ11: 0.4 | BA11: =AVERAGE(B11:AS11) -> 22.176704 | BB11: =MIN(B11:AS11) -> 0 | BC11: =MAX(B11:AS11) -> 276 | BD11: =SUM(B11:AS11)/SUM($B$4:$AS$123) -> 0.00059177421 | BE11: =BD11+BE10 -> 0.0016969873 | BF11: =A11 -> 45825 | BG11: =BA11+BG10 -> 63.594502 | BH11: =Currentyear!C14 -> 28 | BI11: =IF(ISERR(BJ11/BC11),"",($BH11/$BE11)*(1+$BC271)) -> 26397.764 | BJ11: =IF(ISERR(BK11/BD11),"",($BH11/$BE11)*(1-$BC271)) -> 6601.8939 | BK11: =IF(ISERR(BH11/BE11),"",$BH11/$BE11) -> 16499.829 | BL11: {=[1]!daniels(BK7:BK11,1)} -> #NAME? | BM11: #NAME? | BN11: #NAME? | BO11: =(BK11-AVERAGE(BK7:BK11))/AVERAGE(BK7:BK11) -> 0.23178705 | BP11: =(BI11-BK11)/BK11 -> 0.59988107
A12: =A11+1 -> 45826 | B12: 0 | C12: 9.0534826 | D12: 10.808326 | E12: 0.21290523 | F12: 1.1862333 | G12: 5.4082828 | H12: 5.13363 | I12: 4.5763377 | J12: 6.6562456 | K12: 1.5188948 | L12: 23 | M12: 34.179749 | N12: 0 | O12: 0 | P12: 3 | Q12: 32 | R12: 41 | S12: 8 | T12: 13.497302 | U12: 26.974408 | V12: 1 | W12: 0 | X12: 39 | Y12: 1 | Z12: 53 | AA12: 119 | AB12: 62.731283 | AC12: 220 | AD12: 0 | AE12: 0 | AF12: 13.44319 | AG12: 0 | AH12: 0 | AI12: 341 | AJ12: 241 | AK12: 1 | AL12: 4 | AM12: 1 | AN12: 2 | AO12: 31 | AP12: 12 | AQ12: 77 | AR12: 1 | AS12: 351 | AT12: 325 | AU12: 1 | AY12: 8 | AZ12: 0.4 | BA12: =AVERAGE(B12:AS12) -> 40.849552 | BB12: =MIN(B12:AS12) -> 0 | BC12: =MAX(B12:AS12) -> 351 | BD12: =SUM(B12:AS12)/SUM($B$4:$AS$123) -> 0.0010900497 | BE12: =BD12+BE11 -> 0.002787037 | BF12: =A12 -> 45826 | BG12: =BA12+BG11 -> 104.44405 | BH12: =Currentyear!C15 -> 29 | BI12: =IF(ISERR(BJ12/BC12),"",($BH12/$BE12)*(1+$BC272)) -> 16702.771 | BJ12: =IF(ISERR(BK12/BD12),"",($BH12/$BE12)*(1-$BC272)) -> 4107.8597 | BK12: =IF(ISERR(BH12/BE12),"",$BH12/$BE12) -> 10405.316 | BL12: {=[1]!daniels(BK8:BK12,1)} -> #NAME? | BM12: #NAME? | BN12: #NAME? | BO12: =(BK12-AVERAGE(BK8:BK12))/AVERAGE(BK8:BK12) -> -0.18689986 | BP12: =(BI12-BK12)/BK12 -> 0.60521527
A13: =A12+1 -> 45827 | B13: 0 | C13: 12.246894 | D13: 14.620719 | E13: 0.28800274 | F13: 1.6046503 | G13: 7.3159322 | H13: 6.9444018 | I13: 6.1905373 | J13: 9.0040856 | K13: 2.0546506 | L13: 25 | M13: 46.235883 | N13: 0 | O13: 1 | P13: 0 | Q13: 70 | R13: 34 | S13: 14 | T13: 19 | U13: 36.48902 | V13: 0 | W13: 6 | X13: 17 | Y13: 0 | Z13: 61 | AA13: 8 | AB13: 56.845158 | AC13: 447 | AD13: 11 | AE13: 9 | AF13: 0 | AG13: 12 | AH13: 0 | AI13: 397 | AJ13: 42 | AK13: 0 | AL13: 12 | AM13: 48 | AN13: 2 | AO13: 26 | AP13: 11 | AQ13: 60 | AR13: 52 | AS13: 20 | AT13: 1419 | AU13: 8 | AY13: 9 | AZ13: 0.45 | BA13: =AVERAGE(B13:AS13) -> 36.450908 | BB13: =MIN(B13:AS13) -> 0 | BC13: =MAX(B13:AS13) -> 447 | BD13: =SUM(B13:AS13)/SUM($B$4:$AS$123) -> 0.00097267414 | BE13: =BD13+BE12 -> 0.0037597112 | BF13: =A13 -> 45827 | BG13: =BA13+BG12 -> 140.89496 | BH13: =Currentyear!C16 -> 37 | BI13: =IF(ISERR(BJ13/BC13),"",($BH13/$BE13)*(1+$BC273)) -> 16038.11 | BJ13: =IF(ISERR(BK13/BD13),"",($BH13/$BE13)*(1-$BC273)) -> 3644.253 | BK13: =IF(ISERR(BH13/BE13),"",$BH13/$BE13) -> 9841.1814 | BL13: {=[1]!daniels(BK9:BK13,1)} -> #NAME? | BM13: #NAME? | BN13: #NAME? | BO13: =(BK13-AVERAGE(BK9:BK13))/AVERAGE(BK9:BK13) -> -0.30720067 | BP13: =(BI13-BK13)/BK13 -> 0.62969355
A14: =A13+1 -> 45828 | B14: 7 | C14: 11 | D14: 19.886881 | E14: 0.39173698 | F14: 2.1826211 | G14: 9.9510208 | H14: 9.4456707 | I14: 8.4202755 | J14: 12.247222 | K14: 2.7947049 | L14: 11 | M14: 62.889351 | N14: 1 | O14: 0 | P14: 39 | Q14: 47 | R14: 68 | S14: 18 | T14: 78 | U14: 8 | V14: 1 | W14: 10 | X14: 20 | Y14: 1 | Z14: 136 | AA14: 49 | AB14: 90.440617 | AC14: 97 | AD14: 4 | AE14: 7 | AF14: 0 | AG14: 0 | AH14: 0 | AI14: 93 | AJ14: 66 | AK14: 0 | AL14: 2 | AM14: 52 | AN14: 0 | AO14: 31 | AP14: 0 | AQ14: 96 | AR14: 0 | AS14: 108 | AT14: 37 | AU14: 549 | AY14: 11 | AZ14: 0.55 | BA14: =AVERAGE(B14:AS14) -> 29.082957 | BB14: =MIN(B14:AS14) -> 0 | BC14: =MAX(B14:AS14) -> 136 | BD14: =SUM(B14:AS14)/SUM($B$4:$AS$123) -> 0.00077606408 | BE14: =BD14+BE13 -> 0.0045357753 | BF14: =A14 -> 45828 | BG14: =BA14+BG13 -> 169.97792 | BH14: =Currentyear!C17 -> 586 | BI14: =IF(ISERR(BJ14/BC14),"",($BH14/$BE14)*(1+$BC274)) -> 213754.06 | BJ14: =IF(ISERR(BK14/BD14),"",($BH14/$BE14)*(1-$BC274)) -> 44636.163 | BK14: =IF(ISERR(BH14/BE14),"",$BH14/$BE14) -> 129195.11 | BL14: {=[1]!daniels(BK10:BK14,1)} -> #NAME? | BM14: #NAME? | BN14: #NAME? | BO14: =(BK14-AVERAGE(BK10:BK14))/AVERAGE(BK10:BK14) -> 2.4928492 | BP14: =(BI14-BK14)/BK14 -> 0.6545058
A15: =A14+1 -> 45829 | B15: 33 | C15: 12 | D15: 15 | E15: 0.52134985 | F15: 2.9047786 | G15: 0 | H15: 12.570932 | I15: 11.206267 | J15: 16.299424 | K15: 3.7193807 | L15: 11 | M15: 83.697367 | N15: 0 | O15: 0 | P15: 35 | Q15: 54 | R15: 134 | S15: 21 | T15: 32 | U15: 76 | V15: 3 | W15: 9 | X15: 36 | Y15: 0 | Z15: 36 | AA15: 58 | AB15: 99.39742 | AC15: 61 | AD15: 7 | AE15: 0 | AF15: 0 | AG15: 0 | AH15: 2 | AI15: 667 | AJ15: 349 | AK15: 1 | AL15: 6 | AM15: 170 | AN15: 0 | AO15: 30 | AP15: 0 | AQ15: 104 | AR15: 33 | AS15: 29 | AT15: 1067 | AU15: 2 | AY15: 13 | AZ15: 0.65 | BA15: =AVERAGE(B15:AS15) -> 51.234475 | BB15: =MIN(B15:AS15) -> 0 | BC15: =MAX(B15:AS15) -> 667 | BD15: =SUM(B15:AS15)/SUM($B$4:$AS$123) -> 0.0013671662 | BE15: =BD15+BE14 -> 0.0059029415 | BF15: =A15 -> 45829 | BG15: =BA15+BG14 -> 221.21239 | BH15: =Currentyear!C18 -> 588 | BI15: =IF(ISERR(BJ15/BC15),"",($BH15/$BE15)*(1+$BC275)) -> 156024.48 | BJ15: =IF(ISERR(BK15/BD15),"",($BH15/$BE15)*(1-$BC275)) -> 43198.234 | BK15: =IF(ISERR(BH15/BE15),"",$BH15/$BE15) -> 99611.355 | BL15: {=[1]!daniels(BK11:BK15,1)} -> #NAME? | BM15: #NAME? | BN15: #NAME? | BO15: =(BK15-AVERAGE(BK11:BK15))/AVERAGE(BK11:BK15) -> 0.87554711 | BP15: =(BI15-BK15)/BK15 -> 0.56633223
A16: =A15+1 -> 45830 | B16: 11 | C16: 4 | D16: 40 | E16: 0.73850855 | F16: 4.1147108 | G16: 0 | H16: 1 | I16: 15.874032 | J16: 23.08865 | K16: 5.2686204 | L16: 11 | M16: 118.55997 | N16: 0 | O16: 0 | P16: 10 | Q16: 277 | R16: 67 | S16: 10 | T16: 51 | U16: 135 | V16: 1 | W16: 4 | X16: 23 | Y16: 0 | Z16: 33 | AA16: 47 | AB16: 246 | AC16: 63 | AD16: 1 | AE16: 12 | AF16: 18 | AG16: 0 | AH16: 120 | AI16: 535 | AJ16: 155 | AK16: 2 | AL16: 1 | AM16: 334 | AN16: 6 | AO16: 10 | AP16: 1 | AQ16: 118 | AR16: 3 | AS16: 765 | AT16: 1527 | AU16: 0 | AY16: 14 | AZ16: 0.7 | BA16: =AVERAGE(B16:AS16) -> 74.605557 | BB16: =MIN(B16:AS16) -> 0 | BC16: =MAX(B16:AS16) -> 765 | BD16: =SUM(B16:AS16)/SUM($B$4:$AS$123) -> 0.0019908118 | BE16: =BD16+BE15 -> 0.0078937533 | BF16: =A16 -> 45830 | BG16: =BA16+BG15 -> 295.81795 | BH16: =Currentyear!C19 -> 588 | BI16: =IF(ISERR(BJ16/BC16),"",($BH16/$BE16)*(1+$BC276)) -> 114352.91 | BJ16: =IF(ISERR(BK16/BD16),"",($BH16/$BE16)*(1-$BC276)) -> 34625.65 | BK16: =IF(ISERR(BH16/BE16),"",$BH16/$BE16) -> 74489.28 | BL16: {=[1]!daniels(BK12:BK16,1)} -> #NAME? | BM16: #NAME? | BN16: #NAME? | BO16: =(BK16-AVERAGE(BK12:BK16))/AVERAGE(BK12:BK16) -> 0.15115231 | BP16: =(BI16-BK16)/BK16 -> 0.53515929
A17: =A16+1 -> 45831 | B17: 93 | C17: 3 | D17: 40 | E17: 8 | F17: 13 | G17: 0 | H17: 0 | I17: 26.216205 | J17: 38.131254 | K17: 8.7012062 | L17: 18 | M17: 195.80358 | N17: 0 | O17: 3 | P17: 7 | Q17: 30 | R17: 125 | S17: 7 | T17: 156 | U17: 524 | V17: 8 | W17: 10 | X17: 74 | Y17: 2 | Z17: 103 | AA17: 71 | AB17: 160 | AC17: 44 | AD17: 13 | AE17: 52 | AF17: 0 | AG17: 0 | AH17: 65 | AI17: 92 | AJ17: 143 | AK17: 3 | AL17: 81 | AM17: 108 | AN17: 358 | AO17: 6 | AP17: 1 | AQ17: 304 | AR17: 3 | AS17: 2060 | AT17: 45 | AU17: 626 | AY17: 16 | AZ17: 0.8 | BA17: =AVERAGE(B17:AS17) -> 114.92846 | BB17: =MIN(B17:AS17) -> 0 | BC17: =MAX(B17:AS17) -> 2060 | BD17: =SUM(B17:AS17)/SUM($B$4:$AS$123) -> 0.0030668082 | BE17: =BD17+BE16 -> 0.010960561 | BF17: =A17 -> 45831 | BG17: =BA17+BG16 -> 410.74641 | BH17: =Currentyear!C20 -> 1214 | BI17: =IF(ISERR(BJ17/BC17),"",($BH17/$BE17)*(1+$BC277)) -> 177146.2 | BJ17: =IF(ISERR(BK17/BD17),"",($BH17/$BE17)*(1-$BC277)) -> 44375.303 | BK17: =IF(ISERR(BH17/BE17),"",$BH17/$BE17) -> 110760.75 | BL17: {=[1]!daniels(BK13:BK17,1)} -> #NAME? | BM17: #NAME? | BN17: #NAME? | BO17: =(BK17-AVERAGE(BK13:BK17))/AVERAGE(BK13:BK17) -> 0.30645619 | BP17: =(BI17-BK17)/BK17 -> 0.59935895
A18: =A17+1 -> 45832 | B18: 38 | C18: 3 | D18: 67 | E18: 1 | F18: 11 | G18: 1 | H18: 0 | I18: 27.506781 | J18: 40.008387 | K18: 9.129551 | L18: 24 | M18: 28 | N18: 0 | O18: 3 | P18: 285 | Q18: 105 | R18: 149 | S18: 2 | T18: 155 | U18: 411 | V18: 16 | W18: 31 | X18: 54 | Y18: 7 | Z18: 561 | AA18: 89 | AB18: 143 | AC18: 15 | AD18: 2 | AE18: 14 | AF18: 4 | AG18: 0 | AH18: 66 | AI18: 311 | AJ18: 50 | AK18: 0 | AL18: 260 | AM18: 1055 | AN18: 535 | AO18: 12 | AP18: 3 | AQ18: 35 | AR18: 14 | AS18: 48 | AT18: 75 | AU18: 517 | AY18: 17 | AZ18: 0.85 | BA18: =AVERAGE(B18:AS18) -> 106.4692 | BB18: =MIN(B18:AS18) -> 0 | BC18: =MAX(B18:AS18) -> 1055 | BD18: =SUM(B18:AS18)/SUM($B$4:$AS$123) -> 0.002841077 | BE18: =BD18+BE17 -> 0.013801638 | BF18: =A18 -> 45832 | BG18: =BA18+BG17 -> 517.21561 | BH18: =Currentyear!C21 -> 1731 | BI18: =IF(ISERR(BJ18/BC18),"",($BH18/$BE18)*(1+$BC278)) -> 202383.93 | BJ18: =IF(ISERR(BK18/BD18),"",($BH18/$BE18)*(1-$BC278)) -> 48455.854 | BK18: =IF(ISERR(BH18/BE18),"",$BH18/$BE18) -> 125419.89 | BL18: {=[1]!daniels(BK14:BK18,1)} -> #NAME? | BM18: #NAME? | BN18: #NAME? | BO18: =(BK18-AVERAGE(BK14:BK18))/AVERAGE(BK14:BK18) -> 0.16242243 | BP18: =(BI18-BK18)/BK18 -> 0.61365097
A19: =A18+1 -> 45833 | B19: 47 | C19: 47 | D19: 464 | E19: 0 | F19: 12 | G19: 0 | H19: 0 | I19: 27.206629 | J19: 39.571819 | K19: 9.02993 | L19: 4 | M19: 32 | N19: 0 | O19: 1 | P19: 228 | Q19: 234 | R19: 31 | S19: 16 | T19: 92 | U19: 61 | V19: 9 | W19: 39 | X19: 42 | Y19: 11 | Z19: 343 | AA19: 9 | AB19: 71 | AC19: 63 | AD19: 0 | AE19: 0 | AF19: 2 | AG19: 19 | AH19: 41 | AI19: 205 | AJ19: 927 | AK19: 13 | AL19: 69 | AM19: 193 | AN19: 0 | AO19: 1062 | AP19: 0 | AQ19: 490 | AR19: 34 | AS19: 319 | AT19: 842 | AU19: 724 | AY19: 17 | AZ19: 0.85 | BA19: =AVERAGE(B19:AS19) -> 120.58655 | BB19: =MIN(B19:AS19) -> 0 | BC19: =MAX(B19:AS19) -> 1062 | BD19: =SUM(B19:AS19)/SUM($B$4:$AS$123) -> 0.0032177916 | BE19: =BD19+BE18 -> 0.01701943 | BF19: =A19 -> 45833 | BG19: =BA19+BG18 -> 637.80216 | BH19: =Currentyear!C22 -> 2455 | BI19: =IF(ISERR(BJ19/BC19),"",($BH19/$BE19)*(1+$BC279)) -> 237579.34 | BJ19: =IF(ISERR(BK19/BD19),"",($BH19/$BE19)*(1-$BC279)) -> 50914.457 | BK19: =IF(ISERR(BH19/BE19),"",$BH19/$BE19) -> 144246.9 | BL19: {=[1]!daniels(BK15:BK19,1)} -> #NAME? | BM19: #NAME? | BN19: #NAME? | BO19: =(BK19-AVERAGE(BK15:BK19))/AVERAGE(BK15:BK19) -> 0.30062732 | BP19: =(BI19-BK19)/BK19 -> 0.64703257
A20: =A19+1 -> 45834 | B20: 42 | C20: 36 | D20: 274 | E20: 2 | F20: 12 | G20: 37 | H20: 0 | I20: 0 | J20: 33.246019 | K20: 7.5864399 | L20: 2 | M20: 147 | N20: 180 | O20: 2 | P20: 28 | Q20: 167 | R20: 18 | S20: 7 | T20: 89 | U20: 46 | V20: 15 | W20: 54 | X20: 1 | Y20: 48 | Z20: 201 | AA20: 514 | AB20: 44 | AC20: 401 | AD20: 2 | AE20: 2 | AF20: 3 | AG20: 36 | AH20: 59 | AI20: 537 | AJ20: 124 | AK20: 12 | AL20: 160 | AM20: 32 | AN20: 799 | AO20: 1022 | AP20: 0 | AQ20: 261 | AR20: 157 | AS20: 1496 | AT20: 207 | AU20: 872 | AY20: 18 | AZ20: 0.9 | BA20: =AVERAGE(B20:AS20) -> 161.5871 | BB20: =MIN(B20:AS20) -> 0 | BC20: =MAX(B20:AS20) -> 1496 | BD20: =SUM(B20:AS20)/SUM($B$4:$AS$123) -> 0.0043118706 | BE20: =BD20+BE19 -> 0.021331301 | BF20: =A20 -> 45834 | BG20: =BA20+BG19 -> 799.38926 | BH20: =Currentyear!C23 -> 3327 | BI20: =IF(ISERR(BJ20/BC20),"",($BH20/$BE20)*(1+$BC280)) -> 249386.77 | BJ20: =IF(ISERR(BK20/BD20),"",($BH20/$BE20)*(1-$BC280)) -> 62549.206 | BK20: =IF(ISERR(BH20/BE20),"",$BH20/$BE20) -> 155967.99 | BL20: {=[1]!daniels(BK16:BK20,1)} -> #NAME? | BM20: #NAME? | BN20: #NAME? | BO20: =(BK20-AVERAGE(BK16:BK20))/AVERAGE(BK16:BK20) -> 0.27657444 | BP20: =(BI20-BK20)/BK20 -> 0.59896125
A21: =A20+1 -> 45835 | B21: 118 | C21: 4 | D21: 144 | E21: 2 | F21: 0 | G21: 8 | H21: 0 | I21: 0 | J21: 0 | K21: 14.770711 | L21: 17 | M21: 85 | N21: 54 | O21: 6 | P21: 42 | Q21: 253 | R21: 187 | S21: 7 | T21: 438 | U21: 820 | V21: 21 | W21: 77 | X21: 38 | Y21: 24 | Z21: 930 | AA21: 368 | AB21: 28 | AC21: 183 | AD21: 3 | AE21: 1 | AF21: 9 | AG21: 0 | AH21: 522 | AI21: 425 | AJ21: 146 | AK21: 93 | AL21: 176 | AM21: 3 | AN21: 502 | AO21: 1982 | AP21: 0 | AQ21: 282 | AR21: 0 | AS21: 3360 | AT21: 1109 | AU21: 312 | AY21: 19 | AZ21: 0.95 | BA21: =AVERAGE(B21:AS21) -> 258.47206 | BB21: =MIN(B21:AS21) -> 0 | BC21: =MAX(B21:AS21) -> 3360 | BD21: =SUM(B21:AS21)/SUM($B$4:$AS$123) -> 0.006897197 | BE21: =BD21+BE20 -> 0.028228498 | BF21: =A21 -> 45835 | BG21: =BA21+BG20 -> 1057.8613 | BH21: =Currentyear!C24 -> 3639 | BI21: =IF(ISERR(BJ21/BC21),"",($BH21/$BE21)*(1+$BC281)) -> 213559.2 | BJ21: =IF(ISERR(BK21/BD21),"",($BH21/$BE21)*(1-$BC281)) -> 44265.365 | BK21: =IF(ISERR(BH21/BE21),"",$BH21/$BE21) -> 128912.28 | BL21: {=[1]!daniels(BK17:BK21,1)} -> #NAME? | BM21: #NAME? | BN21: #NAME? | BO21: =(BK21-AVERAGE(BK17:BK21))/AVERAGE(BK17:BK21) -> -0.031183167 | BP21: =(BI21-BK21)/BK21 -> 0.65662414
A22: =A21+1 -> 45836 | B22: 171 | C22: 53 | D22: 148 | E22: 7 | F22: 8 | G22: 3 | H22: 0 | I22: 0 | J22: 0 | K22: 12.790016 | L22: 29 | M22: 109 | N22: 92 | O22: 3 | P22: 195 | Q22: 210 | R22: 180 | S22: 7 | T22: 267 | U22: 410 | V22: 24 | W22: 91 | X22: 8 | Y22: 74 | Z22: 197 | AA22: 433 | AB22: 142 | AC22: 71 | AD22: 3 | AE22: 17 | AF22: 1 | AG22: 0 | AH22: 201 | AI22: 1030 | AJ22: 304 | AK22: 2 | AL22: 437 | AM22: 457 | AN22: 869 | AO22: 766 | AP22: 9 | AQ22: 150 | AR22: 113 | AS22: 924 | AT22: 1345 | AU22: 3293 | AY22: 19 | AZ22: 0.95 | BA22: =AVERAGE(B22:AS22) -> 186.99523 | BB22: =MIN(B22:AS22) -> 0 | BC22: =MAX(B22:AS22) -> 1030 | BD22: =SUM(B22:AS22)/SUM($B$4:$AS$123) -> 0.0049898736 | BE22: =BD22+BE21 -> 0.033218371 | BF22: =A22 -> 45836 | BG22: =BA22+BG21 -> 1244.8566 | BH22: =Currentyear!C25 -> 6932 | BI22: =IF(ISERR(BJ22/BC22),"",($BH22/$BE22)*(1+$BC282)) -> 351189.42 | BJ22: =IF(ISERR(BK22/BD22),"",($BH22/$BE22)*(1-$BC282)) -> 66169.995 | BK22: =IF(ISERR(BH22/BE22),"",$BH22/$BE22) -> 208679.71 | BL22: {=[1]!daniels(BK18:BK22,1)} -> #NAME? | BM22: #NAME? | BN22: #NAME? | BO22: =(BK22-AVERAGE(BK18:BK22))/AVERAGE(BK18:BK22) -> 0.36708851 | BP22: =(BI22-BK22)/BK22 -> 0.68291122
... A85: =A84+1 -> 45899 | B85: 32 | C85: 23 | D85: 7 | E85: 1.5435778 | F85: 5 | G85: 17 | H85: 37.219175 | I85: 33.178767 | J85: 48.258244 | K85: 26 | L85: 106.90459 | M85: 72 | N85: 111 | O85: 86 | P85: 35 | Q85: 182 | R85: 207 | S85: 65.047046 | T85: 97.856379 | U85: 447 | V85: 10.267692 | W85: 3 | X85: 51 | Y85: 967 | Z85: 127 | AA85: 252 | AB85: 626 | AC85: 490 | AD85: 32 | AE85: 6 | AF85: 80 | AG85: 53 | AH85: 57 | AI85: 28 | AJ85: 221 | AK85: 65.101567 | AL85: 15 | AM85: 253 | AN85: 175 | AO85: 44 | AP85: 150 | AQ85: 412 | AR85: 236 | AS85: 475 | AT85: 875.32634 | AU85: 208 | AY85: 13 | AZ85: 0.65 | BA85: =AVERAGE(B85:AS85) -> 147.00857 | BB85: =MIN(B85:AS85) -> 1.5435778 | BC85: =MAX(B85:AS85) -> 967 | BD85: =SUM(B85:AS85)/SUM($B$4:$AS$123) -> 0.0039228498 | BE85: =BD85+BE84 -> 0.97476254 | BF85: =A85 -> 45899 | BG85: =BA85+BG84 -> 36529.17 | BH85: =Currentyear!C88 -> 228571 | BI85: =IF(ISERR(BJ85/BC85),"",($BH85/$BE85)*(1+$BC345)) -> 235533.34 | BJ85: =IF(ISERR(BK85/BD85),"",($BH85/$BE85)*(1-$BC345)) -> 233444.47 | BK85: =IF(ISERR(BH85/BE85),"",$BH85/$BE85) -> 234488.9 | BL85: {=[1]!daniels(BK81:BK85,1)} -> #NAME? | BM85: #NAME? | BN85: #NAME? | BO85: =(BK85-AVERAGE(BK81:BK85))/AVERAGE(BK81:BK85) -> -0.0056185389 | BP85: =(BI85-BK85)/BK85 -> 0.004454089
A86: =A85+1 -> 45900 | B86: 30 | C86: 10 | D86: 5 | E86: 1.003943 | F86: 12 | G86: 8 | H86: 24.207351 | I86: 21.57947 | J86: 31.387162 | K86: 34 | L86: 69.530747 | M86: 42 | N86: 207 | O86: 183 | P86: 25 | Q86: 77 | R86: 69 | S86: 42.306599 | T86: 63.645789 | U86: 111 | V86: 6.6781072 | W86: 2 | X86: 29 | Y86: 236 | Z86: 119 | AA86: 400 | AB86: 265.56738 | AC86: 349 | AD86: 17 | AE86: 41 | AF86: 18 | AG86: 96 | AH86: 104 | AI86: 62 | AJ86: 126 | AK86: 41.19125 | AL86: 105 | AM86: 371 | AN86: 120 | AO86: 29 | AP86: 171 | AQ86: 251 | AR86: 274 | AS86: 729 | AT86: 680.55738 | AY86: 13 | AZ86: 0.65 | BA86: =AVERAGE(B86:AS86) -> 114.29768 | BB86: =MIN(B86:AS86) -> 1.003943 | BC86: =MAX(B86:AS86) -> 729 | BD86: =SUM(B86:AS86)/SUM($B$4:$AS$123) -> 0.0030499761 | BE86: =BD86+BE85 -> 0.97781252 | BF86: =A86 -> 45900 | BG86: =BA86+BG85 -> 36643.468 | BH86: =Currentyear!C89 | BI86: =IF(ISERR(BJ86/BC86),"",($BH86/$BE86)*(1+$BC346)) | BJ86: =IF(ISERR(BK86/BD86),"",($BH86/$BE86)*(1-$BC346)) | BK86: =IF(ISERR(BH86/BE86),"",$BH86/$BE86) | BL86: {=[1]!daniels(BK82:BK86,1)} -> #NAME? | BM86: #NAME? | BN86: #NAME? | BO86: =(BK86-AVERAGE(BK82:BK86))/AVERAGE(BK82:BK86) -> #VALUE! | BP86: =(BI86-BK86)/BK86 -> #VALUE!
A87: =A86+1 -> 45901 | B87: 14 | C87: 6 | D87: 18 | E87: 1.895102 | F87: 4 | G87: 25 | H87: 45.695225 | I87: 40.734681 | J87: 59.24826 | K87: 27 | L87: 131.25034 | M87: 70 | N87: 176 | O87: 82 | P87: 98 | Q87: 108 | R87: 144.66679 | S87: 79.860433 | T87: 120.14155 | U87: 762 | V87: 12.605989 | W87: 6 | X87: 22 | Y87: 81 | Z87: 486 | AA87: 598 | AB87: 459.7803 | AC87: 304 | AD87: 6 | AE87: 63 | AF87: 37 | AG87: 46 | AH87: 4 | AI87: 103 | AJ87: 80.441431 | AK87: 60.601576 | AL87: 20 | AM87: 122 | AN87: 126 | AO87: 417 | AP87: 174 | AQ87: 313 | AR87: 100 | AS87: 776 | AT87: 870.25773 | AY87: 12 | AZ87: 0.6 | BA87: =AVERAGE(B87:AS87) -> 146.15731 | BB87: =MIN(B87:AS87) -> 1.895102 | BC87: =MAX(B87:AS87) -> 776 | BD87: =SUM(B87:AS87)/SUM($B$4:$AS$123) -> 0.0039001344 | BE87: =BD87+BE86 -> 0.98171265 | BF87: =A87 -> 45901 | BG87: =BA87+BG86 -> 36789.625 | BH87: =Currentyear!C90 | BI87: =IF(ISERR(BJ87/BC87),"",($BH87/$BE87)*(1+$BC347)) | BJ87: =IF(ISERR(BK87/BD87),"",($BH87/$BE87)*(1-$BC347)) | BK87: =IF(ISERR(BH87/BE87),"",$BH87/$BE87) | BL87: {=[1]!daniels(BK83:BK87,1)} -> #NAME? | BM87: #NAME? | BN87: #NAME? | BO87: =(BK87-AVERAGE(BK83:BK87))/AVERAGE(BK83:BK87) -> #VALUE! | BP87: =(BI87-BK87)/BK87 -> #VALUE!
A88: =A87+1 -> 45902 | B88: 15 | C88: 20 | D88: 6 | E88: 1.0888109 | F88: 1 | G88: 27 | H88: 26.25371 | I88: 23.403681 | J88: 34.040462 | K88: 26 | L88: 75.4085 | M88: 79 | N88: 64 | O88: 48 | P88: 59.758541 | Q88: 94.851295 | R88: 83.11678 | S88: 45.882969 | T88: 69.026059 | U88: 358 | V88: 7.2426382 | W88: 16 | X88: 21 | Y88: 233 | Z88: 142 | AA88: 200 | AB88: 253.67463 | AC88: 373 | AD88: 22 | AE88: 68 | AF88: 158 | AG88: 13 | AH88: 10 | AI88: 38 | AJ88: 51.424596 | AK88: 38.741374 | AL88: 31 | AM88: 307 | AN88: 199.15824 | AO88: 65 | AP88: 57 | AQ88: 158.36171 | AR88: 44 | AS88: 776 | AT88: 600.76175 | AY88: 10 | AZ88: 0.5 | BA88: =AVERAGE(B88:AS88) -> 100.89623 | BB88: =MIN(B88:AS88) -> 1 | BC88: =MAX(B88:AS88) -> 776 | BD88: =SUM(B88:AS88)/SUM($B$4:$AS$123) -> 0.0026923651 | BE88: =BD88+BE87 -> 0.98440502 | BF88: =A88 -> 45902 | BG88: =BA88+BG87 -> 36890.521 | BH88: =Currentyear!C91 | BI88: =IF(ISERR(BJ88/BC88),"",($BH88/$BE88)*(1+$BC348)) | BJ88: =IF(ISERR(BK88/BD88),"",($BH88/$BE88)*(1-$BC348)) | BK88: =IF(ISERR(BH88/BE88),"",$BH88/$BE88) | BL88: {=[1]!daniels(BK84:BK88,1)} -> #NAME? | BM88: #NAME? | BN88: #NAME? | BO88: =(BK88-AVERAGE(BK84:BK88))/AVERAGE(BK84:BK88) -> #VALUE! | BP88: =(BI88-BK88)/BK88 -> #VALUE!
A89: =A88+1 -> 45903 | B89: 23 | C89: 31.34038 | D89: 0 | E89: 0.73701261 | F89: 1 | G89: 25 | H89: 17.771052 | I89: 15.841877 | J89: 23.041881 | K89: 7 | L89: 51.043773 | M89: 21 | N89: 73.581167 | O89: 3 | P89: 40.450366 | Q89: 64.20454 | R89: 56.261484 | S89: 31.058036 | T89: 46.723519 | U89: 251 | V89: 4.9025187 | W89: 7 | X89: 68 | Y89: 175 | Z89: 397 | AA89: 321 | AB89: 250.8015 | AC89: 377 | AD89: 44 | AE89: 12 | AF89: 66 | AG89: 76 | AH89: 109.97265 | AI89: 131.94469 | AJ89: 53.547164 | AK89: 40.340438 | AL89: 12 | AM89: 244 | AN89: 201.29259 | AO89: 3 | AP89: 136 | AQ89: 160.77687 | AR89: 209 | AS89: 475 | AT89: 589.82751 | AY89: 8 | AZ89: 0.4 | BA89: =AVERAGE(B89:AS89) -> 99.059853 | BB89: =MIN(B89:AS89) -> 0 | BC89: =MAX(B89:AS89) -> 475 | BD89: =SUM(B89:AS89)/SUM($B$4:$AS$123) -> 0.0026433624 | BE89: =BD89+BE88 -> 0.98704838 | BF89: =A89 -> 45903 | BG89: =BA89+BG88 -> 36989.581 | BH89: =Currentyear!C92 | BI89: =IF(ISERR(BJ89/BC89),"",($BH89/$BE89)*(1+$BC349)) | BJ89: =IF(ISERR(BK89/BD89),"",($BH89/$BE89)*(1-$BC349)) | BK89: =IF(ISERR(BH89/BE89),"",$BH89/$BE89) | BL89: {=[1]!daniels(BK85:BK89,1)} -> #NAME? | BM89: #NAME? | BN89: #NAME? | BO89: =(BK89-AVERAGE(BK85:BK89))/AVERAGE(BK85:BK89) -> #VALUE! | BP89: =(BI89-BK89)/BK89 -> #VALUE!
A90: =A89+1 -> 45904 | B90: 0 | C90: 38.483632 | D90: 45.942944 | E90: 0.90499611 | F90: 0 | G90: 18 | H90: 21.821517 | I90: 19.452635 | J90: 28.293698 | K90: 12 | L90: 62.677919 | M90: 253 | N90: 90.352146 | O90: 20.500189 | P90: 49.670011 | Q90: 78.838351 | R90: 69.084875 | S90: 38.136935 | T90: 57.372972 | U90: 57 | V90: 6.0199247 | W90: 0 | X90: 39 | Y90: 405 | Z90: 683 | AA90: 188 | AB90: 326.01451 | AC90: 287 | AD90: 18 | AE90: 13 | AF90: 24 | AG90: 56 | AH90: 128.06778 | AI90: 153.65515 | AJ90: 62.357929 | AK90: 46.978139 | AL90: 32 | AM90: 224 | AN90: 231.74194 | AO90: 113 | AP90: 91 | AQ90: 187.10946 | AR90: 274.8468 | AS90: 797 | AT90: 723.7564 | AY90: 6 | AZ90: 0.3 | BA90: =AVERAGE(B90:AS90) -> 121.55283 | BB90: =MIN(B90:AS90) -> 0 | BC90: =MAX(B90:AS90) -> 797 | BD90: =SUM(B90:AS90)/SUM($B$4:$AS$123) -> 0.0032435761 | BE90: =BD90+BE89 -> 0.99029196 | BF90: =A90 -> 45904 | BG90: =BA90+BG89 -> 37111.134 | BH90: =Currentyear!C93 | BI90: =IF(ISERR(BJ90/BC90),"",($BH90/$BE90)*(1+$BC350)) | BJ90: =IF(ISERR(BK90/BD90),"",($BH90/$BE90)*(1-$BC350)) | BK90: =IF(ISERR(BH90/BE90),"",$BH90/$BE90) | BL90: {=[1]!daniels(BK86:BK90,1)} -> #NAME? | BM90: #NAME? | BN90: #NAME? | BO90: =(BK90-AVERAGE(BK86:BK90))/AVERAGE(BK86:BK90) -> #VALUE! | BP90: =(BI90-BK90)/BK90 -> #VALUE!
A91: =A90+1 -> 45905 | B91: 4 | C91: 24.335238 | D91: 29.052156 | E91: 0.57227695 | F91: 0 | G91: 21 | H91: 13.798901 | I91: 12.300931 | J91: 17.891603 | K91: 5 | L91: 39.634566 | M91: 7 | N91: 57.134445 | O91: 12.963355 | P91: 31.408977 | Q91: 49.853663 | R91: 43.686024 | S91: 24.116003 | T91: 36.279967 | U91: 178 | V91: 3.8067171 | W91: 4 | X91: 20 | Y91: 354 | Z91: 239 | AA91: 146 | AB91: 196.36615 | AC91: 505 | AD91: 5 | AE91: 17 | AF91: 12 | AG91: 14 | AH91: 90.482495 | AI91: 108.56049 | AJ91: 44.057146 | AK91: 33.191012 | AL91: 50.377406 | AM91: 256 | AN91: 171.69112 | AO91: 80 | AP91: 58 | AQ91: 138.02304 | AR91: 202.74331 | AS91: 356.94463 | AT91: 502.62991 | AY91: 6 | AZ91: 0.3 | BA91: =AVERAGE(B91:AS91) -> 84.415264 | BB91: =MIN(B91:AS91) -> 0 | BC91: =MAX(B91:AS91) -> 505 | BD91: =SUM(B91:AS91)/SUM($B$4:$AS$123) -> 0.0022525789 | BE91: =BD91+BE90 -> 0.99254453 | BF91: =A91 -> 45905 | BG91: =BA91+BG90 -> 37195.549 | BH91: =Currentyear!C94 | BI91: =IF(ISERR(BJ91/BC91),"",($BH91/$BE91)*(1+$BC351)) | BJ91: =IF(ISERR(BK91/BD91),"",($BH91/$BE91)*(1-$BC351)) | BK91: =IF(ISERR(BH91/BE91),"",$BH91/$BE91) | BL91: {=[1]!daniels(BK87:BK91,1)} -> #NAME? | BM91: #NAME? | BN91: #NAME? | BO91: =(BK91-AVERAGE(BK87:BK91))/AVERAGE(BK87:BK91) -> #VALUE! | BP91: =(BI91-BK91)/BK91 -> #VALUE!
A92: =A91+1 -> 45906 | B92: 5 | C92: 46.293545 | D92: 55.266659 | E92: 1.0886571 | F92: 2 | G92: 12 | H92: 26.250002 | I92: 23.400376 | J92: 34.035655 | K92: 24 | L92: 75.39785 | M92: 8 | N92: 108.68832 | O92: 24.660521 | P92: 59.750101 | Q92: 94.837899 | R92: 83.105041 | S92: 45.876489 | T92: 69.01631 | U92: 358 | V92: 7.2416152 | W92: 2 | X92: 13 | Y92: 159 | Z92: 95 | AA92: 81 | AB92: 216.22997 | AC92: 236 | AD92: 6 | AE92: 31 | AF92: 80 | AG92: 50.430113 | AH92: 90.881541 | AI92: 109.03927 | AJ92: 44.251447 | AK92: 33.337391 | AL92: 50.599581 | AM92: 54 | AN92: 159.56426 | AO92: 28 | AP92: 86.664145 | AQ92: 127.65247 | AR92: 187.50988 | AS92: 330.12505 | AT92: 464.86405 | AY92: 6 | AZ92: 0.3 | BA92: =AVERAGE(B92:AS92) -> 78.072594 | BB92: =MIN(B92:AS92) -> 1.0886571 | BC92: =MAX(B92:AS92) -> 358 | BD92: =SUM(B92:AS92)/SUM($B$4:$AS$123) -> 0.0020833279 | BE92: =BD92+BE91 -> 0.99462786 | BF92: =A92 -> 45906 | BG92: =BA92+BG91 -> 37273.622 | BH92: =Currentyear!C95 | BI92: =IF(ISERR(BJ92/BC92),"",($BH92/$BE92)*(1+$BC352)) | BJ92: =IF(ISERR(BK92/BD92),"",($BH92/$BE92)*(1-$BC352)) | BK92: =IF(ISERR(BH92/BE92),"",$BH92/$BE92) | BL92: {=[1]!daniels(BK88:BK92,1)} -> #NAME? | BM92: #NAME? | BN92: #NAME? | BO92: =(BK92-AVERAGE(BK88:BK92))/AVERAGE(BK88:BK92) -> #VALUE! | BP92: =(BI92-BK92)/BK92 -> #VALUE!
A93: =A92+1 -> 45907 | B93: 0 | C93: 3.4156074 | D93: 4.0776572 | E93: 0.080322756 | F93: 0 | G93: 11 | H93: 1.9367646 | I93: 1.7265149 | J93: 2.5112018 | K93: 6 | L93: 5.5629667 | M93: 3 | N93: 8.0191874 | O93: 1.8194903 | P93: 4.4084523 | Q93: 6.9972827 | R93: 6.1316148 | S93: 3.3848363 | T93: 5.0921271 | U93: 10.176635 | V93: 0.53429726 | W93: 0 | X93: 26 | Y93: 59 | Z93: 131 | AA93: 290 | AB93: 84.536852 | AC93: 161 | AD93: 6 | AE93: 7 | AF93: 15.835518 | AG93: 20.970733 | AH93: 37.791953 | AI93: 45.342617 | AJ93: 18.401411 | AK93: 13.862937 | AL93: 21.041203 | AM93: 253 | AN93: 80.975783 | AO93: 65.905314 | AP93: 45.637715 | AQ93: 67.222343 | AR93: 98.743515 | AS93: 173.84528 | AT93: 244.79942 | AY93: 5 | AZ93: 0.25 | BA93: =AVERAGE(B93:AS93) -> 41.113367 | BB93: =MIN(B93:AS93) -> 0 | BC93: =MAX(B93:AS93) -> 290 | BD93: =SUM(B93:AS93)/SUM($B$4:$AS$123) -> 0.0010970895 | BE93: =BD93+BE92 -> 0.99572495 | BF93: =A93 -> 45907 | BG93: =BA93+BG92 -> 37314.735 | BH93: =Currentyear!C96 | BI93: =IF(ISERR(BJ93/BC93),"",($BH93/$BE93)*(1+$BC353)) | BJ93: =IF(ISERR(BK93/BD93),"",($BH93/$BE93)*(1-$BC353)) | BK93: =IF(ISERR(BH93/BE93),"",$BH93/$BE93) | BL93: {=[1]!daniels(BK89:BK93,1)} -> #NAME? | BM93: #NAME? | BN93: #NAME? | BO93: =(BK93-AVERAGE(BK89:BK93))/AVERAGE(BK89:BK93) -> #VALUE! | BP93: =(BI93-BK93)/BK93 -> #VALUE!
A94: =A93+1 -> 45908 | B94: 0 | C94: 4.4402896 | D94: 5.3009544 | E94: 0.10441958 | F94: 0 | G94: 5 | H94: 2.5177939 | I94: 2.2444694 | J94: 3.2645623 | K94: 7 | L94: 7.2318567 | M94: 14 | N94: 10.424944 | O94: 2.3653374 | P94: 5.730988 | Q94: 9.0964675 | R94: 7.9710993 | S94: 4.4002872 | T94: 6.6197652 | U94: 13.229625 | V94: 0.69458644 | W94: 2 | X94: 5.5515428 | Y94: 129 | Z94: 151 | AA94: 157 | AB94: 79.439864 | AC94: 311 | AD94: 10.600648 | AE94: 13.238994 | AF94: 18.071093 | AG94: 23.931271 | AH94: 43.127223 | AI94: 51.74385 | AJ94: 20.999226 | AK94: 15.820034 | AL94: 24.01169 | AM94: 58.728526 | AN94: 77.819814 | AO94: 63.336705 | AP94: 43.85902 | AQ94: 64.602404 | AR94: 94.895063 | AS94: 167.0698 | AT94: 235.25855 | AY94: 5 | AZ94: 0.25 | BA94: =AVERAGE(B94:AS94) -> 39.511005 | BB94: =MIN(B94:AS94) -> 0 | BC94: =MAX(B94:AS94) -> 311 | BD94: =SUM(B94:AS94)/SUM($B$4:$AS$123) -> 0.0010543313 | BE94: =BD94+BE93 -> 0.99677928 | BF94: =A94 -> 45908 | BG94: =BA94+BG93 -> 37354.246 | BH94: =Currentyear!C97 | BI94: =IF(ISERR(BJ94/BC94),"",($BH94/$BE94)*(1+$BC354)) | BJ94: =IF(ISERR(BK94/BD94),"",($BH94/$BE94)*(1-$BC354)) | BK94: =IF(ISERR(BH94/BE94),"",$BH94/$BE94) | BL94: {=[1]!daniels(BK90:BK94,1)} -> #NAME? | BM94: #NAME? | BN94: #NAME? | BO94: =(BK94-AVERAGE(BK90:BK94))/AVERAGE(BK90:BK94) -> #VALUE! | BP94: =(BI94-BK94)/BK94 -> #VALUE!
A95: =A94+1 -> 45909 | B95: 0 | C95: 7.3435558 | D95: 8.766963 | E95: 0.17269393 | F95: 1 | G95: 3 | H95: 4.1640438 | I95: 3.7120071 | J95: 5.3990838 | K95: 3 | L95: 11.960378 | M95: 36 | N95: 17.241253 | O95: 3.9119042 | P95: 9.4781724 | Q95: 15.044158 | R95: 13.182972 | S95: 7.2773981 | T95: 10.948073 | U95: 21.879765 | V95: 1.1487391 | W95: 1 | X95: 9.0686598 | Y95: 40 | Z95: 31.002941 | AA95: 89 | AB95: 50.661807 | AC95: 257 | AD95: 7.4173673 | AE95: 9.2634411 | AF95: 12.644503 | AG95: 16.744921 | AH95: 30.176499 | AI95: 36.205629 | AJ95: 14.693344 | AK95: 11.069418 | AL95: 16.801192 | AM95: 41.092868 | AN95: 54.451211 | AO95: 44.317252 | AP95: 30.688543 | AQ95: 45.202872 | AR95: 66.398913 | AS95: 116.90021 | AT95: 164.61249 | AY95: 5 | AZ95: 0.25 | BA95: =AVERAGE(B95:AS95) -> 27.646199 | BB95: =MIN(B95:AS95) -> 0 | BC95: =MAX(B95:AS95) -> 257 | BD95: =SUM(B95:AS95)/SUM($B$4:$AS$123) -> 0.00073772492 | BE95: =BD95+BE94 -> 0.99751701 | BF95: =A95 -> 45909 | BG95: =BA95+BG94 -> 37381.893 | BH95: =Currentyear!C98 | BI95: =IF(ISERR(BJ95/BC95),"",($BH95/$BE95)*(1+$BC355)) | BJ95: =IF(ISERR(BK95/BD95),"",($BH95/$BE95)*(1-$BC355)) | BK95: =IF(ISERR(BH95/BE95),"",$BH95/$BE95) | BL95: {=[1]!daniels(BK91:BK95,1)} -> #NAME? | BM95: #NAME? | BN95: #NAME? | BO95: =(BK95-AVERAGE(BK91:BK95))/AVERAGE(BK91:BK95) -> #VALUE! | BP95: =(BI95-BK95)/BK95 -> #VALUE!
A96: =A95+1 -> 45910 | B96: 0 | C96: 2.3909252 | D96: 2.85436 | E96: 0.05622593 | F96: 1 | G96: 5 | H96: 1.3557352 | I96: 1.2085604 | J96: 1.7578412 | K96: 1 | L96: 3.8940767 | M96: 7 | N96: 5.6134312 | O96: 1.2736432 | P96: 3.0859166 | Q96: 4.8980979 | R96: 4.2921304 | S96: 2.3693854 | T96: 3.564489 | U96: 7.1236444 | V96: 0.37400808 | W96: 0 | X96: 2.9366812 | Y96: 55 | Z96: 15.593838 | AA96: 96 | AB96: 32.799657 | AC96: 21.12069 | AD96: 3.1754316 | AE96: 3.96575 | AF96: 5.4132086 | AG96: 7.1686289 | AH96: 12.91879 | AI96: 15.499907 | AJ96: 6.2903329 | AK96: 4.7389023 | AL96: 7.1927186 | AM96: 17.592171 | AN96: 23.31098 | AO96: 18.972554 | AP96: 13.138 | AQ96: 19.351695 | AR96: 28.425883 | AS96: 50.045874 | AT96: 70.471864 | AY96: 5 | AZ96: 0.25 | BA96: =AVERAGE(B96:AS96) -> 11.835549 | BB96: =MIN(B96:AS96) -> 0 | BC96: =MAX(B96:AS96) -> 96 | BD96: =SUM(B96:AS96)/SUM($B$4:$AS$123) -> 0.00031582568 | BE96: =BD96+BE95 -> 0.99783283 | BF96: =A96 -> 45910 | BG96: =BA96+BG95 -> 37393.728 | BH96: =Currentyear!C99 | BI96: =IF(ISERR(BJ96/BC96),"",($BH96/$BE96)*(1+$BC356)) | BJ96: =IF(ISERR(BK96/BD96),"",($BH96/$BE96)*(1-$BC356)) | BK96: =IF(ISERR(BH96/BE96),"",$BH96/$BE96) | BL96: {=[1]!daniels(BK92:BK96,1)} -> #NAME? | BM96: #NAME? | BN96: #NAME? | BO96: =(BK96-AVERAGE(BK92:BK96))/AVERAGE(BK92:BK96) -> #VALUE! | BP96: =(BI96-BK96)/BK96 -> #VALUE!
A97: =A96+1 -> 45911 | B97: 2 | C97: 5.2941914 | D97: 6.3203687 | E97: 0.12450027 | F97: 1 | G97: 4 | H97: 3.0019851 | I97: 2.6760981 | J97: 3.8923627 | K97: 7 | L97: 8.6225984 | M97: 17 | N97: 12.42974 | O97: 2.82021 | P97: 6.833101 | Q97: 10.845788 | R97: 9.504003 | S97: 5.2464963 | T97: 7.892797 | U97: 15.773784 | V97: 0.82816075 | W97: 0 | X97: 6.5026513 | Y97: 169 | Z97: 40.766037 | AA97: 36 | AB97: 55.042671 | AC97: 35.443638 | AD97: 5.3288436 | AE97: 6.6551145 | AF97: 9.0841639 | AG97: 12.030019 | AH97: 21.679639 | AI97: 26.011134 | AJ97: 10.556108 | AK97: 7.9525785 | AL97: 12.070445 | AM97: 29.522263 | AN97: 39.119269 | AO97: 31.83875 | AP97: 22.047506 | AQ97: 32.475004 | AR97: 47.702832 | AS97: 83.984373 | AT97: 118.2622 | AY97: 5 | AZ97: 0.25 | BA97: =AVERAGE(B97:AS97) -> 19.861801 | BB97: =MIN(B97:AS97) -> 0 | BC97: =MAX(B97:AS97) -> 169 | BD97: =SUM(B97:AS97)/SUM($B$4:$AS$123) -> 0.00053000216 | BE97: =BD97+BE96 -> 0.99836284 | BF97: =A97 -> 45911 | BG97: =BA97+BG96 -> 37413.59 | BH97: =Currentyear!C100 | BI97: =IF(ISERR(BJ97/BC97),"",($BH97/$BE97)*(1+$BC357)) | BJ97: =IF(ISERR(BK97/BD97),"",($BH97/$BE97)*(1-$BC357)) | BK97: =IF(ISERR(BH97/BE97),"",$BH97/$BE97) | BL97: {=[1]!daniels(BK93:BK97,1)} -> #NAME? | BM97: #NAME? | BN97: #NAME? | BO97: =(BK97-AVERAGE(BK93:BK97))/AVERAGE(BK93:BK97) -> #VALUE! | BP97: =(BI97-BK97)/BK97 -> #VALUE!
... A123: =A122+1 -> 45937 | B123: 0 | C123: 0 | D123: 0 | E123: 0 | F123: 0 | G123: 0 | H123: 0 | I123: 0 | J123: 0 | K123: 0 | L123: 0 | M123: 0 | N123: 0 | O123: 0 | P123: 0 | Q123: 0 | R123: 0 | S123: 0 | T123: 0 | U123: 0 | V123: 0 | W123: 0 | X123: 0 | Y123: 0 | Z123: 0 | AA123: 0 | AB123: 0 | AC123: 0 | AD123: 0 | AE123: 0 | AF123: 0 | AG123: 0 | AH123: 0 | AI123: 0 | AJ123: 0 | AK123: 0 | AL123: 0 | AM123: 0 | AN123: 0 | AO123: 0 | AP123: 0 | AQ123: 0 | AR123: 0 | AS123: 0 | AT123: 0 | AY123: 1 | AZ123: 0.05 | BA123: =AVERAGE(B123:AS123) -> 0 | BB123: =MIN(B123:AS123) -> 0 | BC123: =MAX(B123:AS123) -> 0 | BD123: =SUM(B123:AS123)/SUM($B$4:$AS$123) -> 0 | BE123: =BD123+BE122 -> 1 | BF123: =A123 -> 45937 | BG123: =BA123+BG122 -> 37474.943 | BH123: =Currentyear!C126 | BI123: =IF(ISERR(BJ123/BC123),"",($BH123/$BE123)*(1+$BC383)) | BJ123: =IF(ISERR(BK123/BD123),"",($BH123/$BE123)*(1-$BC383)) | BK123: =IF(ISERR(BH123/BE123),"",$BH123/$BE123) | BL123: {=[1]!daniels(BK119:BK123,1)} -> #NAME? | BM123: #NAME? | BN123: #NAME? | BO123: =(BK123-AVERAGE(BK119:BK123))/AVERAGE(BK119:BK123) -> #VALUE! | BP123: =(BI123-BK123)/BK123 -> #VALUE!
A124: Sum of Daily Weir Counts | B124: 22942 | C124: 19148 | D124: 22877 | E124: 430 | F124: 2525 | G124: 11545 | H124: 10669 | I124: 9414 | J124: 12990 | K124: 1889 | L124: 28669 | M124: 72517 | N124: 45039 | O124: 10231 | P124: 24707 | Q124: 39216 | R124: 34216 | S124: 18725 | T124: 28127 | U124: 57469 | V124: 2948 | W124: =SUM(W7:W97) -> 3661 | X124: =SUM(X7:X93) -> 23918.447 | Y124: =SUM(Y4:Y101) -> 69859 | Z124: =SUM(Z4:Z94) -> 77049 | AA124: =SUM(AA4:AA97) -> 65546 | AB124: =SUM(AB16:AB85) -> 101067 | AC124: =SUM(AC11:AC95) -> 66708 | AD124: =SUM(AD11:AD95) -> 10019.018 | AE124: =SUM(AE11:AE93) -> 12503 | AF124: =SUM(AF11:AF93) -> 17066.276 | AG124: =SUM(AG11:AG74,AG80:AG91) -> 21645 | AH124: =SUM(AH11:AH88) -> 40272 | AI124: =SUM(AI8:AI88) -> 48355 | AJ124: =SUM(AJ10:AJ64,AJ68:AJ86) -> 18694 | AK124: =SUM(AK10:AK51,AK54:AK77, AK80:AK84) -> 12540 | AL124: =SUM(AL7:AL90) -> 22553 | AM124: =SUM(AM11:AM93) -> 55397 | AN124: =SUM(AN10:AN87) -> 72409 | AO124: =SUM(AO7:AO92) -> 59745 | AP124: =SUM(AP8:AP91) -> 41279 | AQ124: =SUM(AQ8:AQ91) -> 60808.271 | AR124: =SUM(AR9:AR54,AR57:AR89) -> 84996 | AS124: =SUM(AS7:AS48,AS50:AS79,AS81:AS90) -> 152090 | AT124: =SUM(AT9:AT64,AT67:AT78,AT82:AT84) -> 206546 | AU124: =SUM(AU9:AU64,AU67:AU78,AU82:AU84) -> 213179 | AY124: =AVERAGE(B124:AN124) -> 31168.07
A125: Estimated passage when weir not operating | B125: =B128-B124 -> 8.5018123 | C125: =C128-C124 -> 235.96405 | D125: =D128-D124 -> 264.17291 | E125: =E128-E124 -> 25.840866 | F125: =F128-F124 -> 14.78551 | G125: =G128-G124 -> 34.40694 | H125: =H128-H124 -> 322.36136 | I125: =I128-I124 -> 384.17038 | ... AU125: =AU128-AU124 -> 15392
A126: Additional fish counted by weir personnel | AR126: =88+695+6 -> 789 | AS126: =1214+102 -> 1316 | AT126: 3618 | AU126: 3618
A127: Total Weir Count | B127: =B124+B126 -> 22942 | C127: =C124+C126 -> 19148 | D127: =D124+D126 -> 22877 | E127: =E124+E126 -> 430 | F127: =F124+F126 -> 2525 | G127: =G124+G126 -> 11545 | H127: =H124+H126 -> 10669 | I127: =I124+I126 -> 9414 | ... AU127: =AU124+AU126 -> 216797
A128: Total Count w/ EM Fill-in | B128: =SUM(B4:B123) -> 22950.502 | C128: =SUM(C4:C123) -> 19383.964 | D128: =SUM(D4:D123) -> 23141.173 | E128: =SUM(E4:E123) -> 455.84087 | F128: =SUM(F4:F123) -> 2539.7855 | G128: =SUM(G4:G123) -> 11579.407 | H128: =SUM(H4:H123) -> 10991.361 | I128: =SUM(I4:I123) -> 9798.1704 | ... AU128: =SUM(AU4:AU123) -> 228571
A129: % Weir Total of EM Total | B129: =B127/B128 -> 0.99962956 | C129: =C127/C128 -> 0.98782684 | D129: =D127/D128 -> 0.98858429 | E129: =E127/E128 -> 0.94331165 | F129: =F127/F128 -> 0.99417844 | G129: =G127/G128 -> 0.99702861 | H129: =H127/H128 -> 0.97067139 | I129: =I127/I128 -> 0.96079162 | ... AU129: =AU127/AU128 -> 0.94848865
B130: yellow shaded cells were interpolated using the EM-algorithm and 1953-1999 weir counts
B131: lavender shaded cells were interpolated using the EM-algorithm and 1953-2000 weir counts
A134: ="Table 2. Cumulative percent of escapement for Redoubt Lake sockeye, 1953 through "&MAX(B136:AO136)&"." -> Table 2. Cumulative percent of escapement for Redoubt Lake sockeye, 1953 through 2019.
A136: Date | B136: =B3 -> 1953 | C136: =C3 -> 1954 | D136: =D3 -> 1955 | E136: =E3 -> 1982 | F136: =F3 -> 1983 | G136: =G3 -> 1984 | H136: =H3 -> 1985 | I136: =I3 -> 1986 | ... AU136: =AU3 -> 2025 | AY136: Years w/ Weir Counts | AZ136: Percent w/ Counts | BA136: Avg. 1953-99 | BB136: Min. 1953-99 | BC136: Max. 1953-99 | BD136: Daily % of Run | BE136: Cum. % of Run | BH136: 80th Percentile | BI136: 20th Percentile
A137: 19520 | B137: =B4/B$128 -> 0 | C137: =C4/C$128 -> 0 | D137: =D4/D$128 -> 0 | E137: =E4/E$128 -> 0 | F137: =F4/F$128 -> 0 | G137: =G4/G$128 -> 0 | H137: =H4/H$128 -> 0 | I137: =I4/I$128 -> 0 | ... AU137: =AU4/AU$128 -> 0 | AY137: 1 | AZ137: 0.05 | BA137: =AVERAGE(B137:U137) -> 0 | BB137: =MIN(B137:U137) -> 0 | BC137: =MAX(B137:U137) -> 0 | BD137: =SUM(B137:U137)/SUM($B$4:$U$123) -> 0 | BE137: =BD137 -> 0 | BH137: =PERCENTILE(B137:U137,0.8) -> 0 | BI137: =PERCENTILE(B137:U137,0.2) -> 0
A138: 19521 | B138: =B5/B$128+B137 -> 0 | C138: =C5/C$128+C137 -> 0 | D138: =D5/D$128+D137 -> 0 | E138: =E5/E$128+E137 -> 0 | F138: =F5/F$128+F137 -> 0 | G138: =G5/G$128+G137 -> 0 | H138: =H5/H$128+H137 -> 0 | I138: =I5/I$128+I137 -> 0 | ... AU138: =AU5/AU$128+AU137 -> 0 | AY138: 1 | AZ138: 0.05 | BA138: =AVERAGE(B138:U138) -> 0 | BB138: =MIN(B138:U138) -> 0 | BC138: =MAX(B138:U138) -> 0 | BD138: =SUM(B138:U138)/SUM($B$4:$U$123) -> 0 | BE138: =BD138+BE137 -> 0 | BH138: =PERCENTILE(B138:U138,0.8) -> 0 | BI138: =PERCENTILE(B138:U138,0.2) -> 0
A139: 19522 | B139: =B6/B$128+B138 -> 0 | C139: =C6/C$128+C138 -> 0 | D139: =D6/D$128+D138 -> 0 | E139: =E6/E$128+E138 -> 0 | F139: =F6/F$128+F138 -> 0 | G139: =G6/G$128+G138 -> 0 | H139: =H6/H$128+H138 -> 0 | I139: =I6/I$128+I138 -> 0 | ... AU139: =AU6/AU$128+AU138 -> 0 | AY139: 2 | AZ139: 0.1 | BA139: =AVERAGE(B139:U139) -> 0 | BB139: =MIN(B139:U139) -> 0 | BC139: =MAX(B139:U139) -> 0 | BD139: =SUM(B139:U139)/SUM($B$4:$U$123) -> 0 | BE139: =BD139+BE138 -> 0 | BH139: =PERCENTILE(B139:U139,0.8) -> 0 | BI139: =PERCENTILE(B139:U139,0.2) -> 0
A140: 19523 | B140: =B7/B$128+B139 -> 0.00010722175 | C140: =C7/C$128+C139 -> 0.00010722175 | D140: =D7/D$128+D139 -> 0.00010722175 | E140: =E7/E$128+E139 -> 0.00010722175 | F140: =F7/F$128+F139 -> 0.00010722175 | G140: =G7/G$128+G139 -> 0.00010722175 | H140: =H7/H$128+H139 -> 0.00010722175 | I140: =I7/I$128+I139 -> 0.00010722175 | ... AU140: =AU7/AU$128+AU139 -> 0 | AY140: 3 | AZ140: 0.15 | BA140: =AVERAGE(B140:U140) -> 0.0001145646 | BB140: =MIN(B140:U140) -> 0 | BC140: =MAX(B140:U140) -> 0.00046852221 | BD140: =SUM(B140:U140)/SUM($B$4:$U$123) -> 4.7309656e-09 | BE140: =BD140+BE139 -> 4.7309656e-09 | BH140: =PERCENTILE(B140:U140,0.8) -> 0.00010722175 | BI140: =PERCENTILE(B140:U140,0.2) -> 0.00010722175
A141: 19524 | B141: =B8/B$128+B140 -> 0.00018302029 | C141: =C8/C$128+C140 -> 0.00018302029 | D141: =D8/D$128+D140 -> 0.00018302029 | E141: =E8/E$128+E140 -> 0.00018302029 | F141: =F8/F$128+F140 -> 0.00018302029 | G141: =G8/G$128+G140 -> 0.00018302029 | H141: =H8/H$128+H140 -> 0.00018302029 | I141: =I8/I$128+I140 -> 0.00018302029 | ... AU141: =AU8/AU$128+AU140 -> 4.3750082e-06 | AY141: 4 | AZ141: 0.2 | BA141: =AVERAGE(B141:U141) -> 0.00019163341 | BB141: =MIN(B141:U141) -> 0 | BC141: =MAX(B141:U141) -> 0.00062469628 | BD141: =SUM(B141:U141)/SUM($B$4:$U$123) -> 7.9135357e-09 | BE141: =BD141+BE140 -> 1.2644501e-08 | BH141: =PERCENTILE(B141:U141,0.8) -> 0.00018302029 | BI141: =PERCENTILE(B141:U141,0.2) -> 0.00018302029
A142: 19525 | B142: =B9/B$128+B141 -> 0.00028408499 | C142: =C9/C$128+C141 -> 0.00028408499 | D142: =D9/D$128+D141 -> 0.00028408499 | E142: =E9/E$128+E141 -> 0.00028408499 | F142: =F9/F$128+F141 -> 0.00028408499 | G142: =G9/G$128+G141 -> 0.00028408499 | H142: =H9/H$128+H141 -> 0.00028408499 | I142: =I9/I$128+I141 -> 0.00028408499 | ... AU142: =AU9/AU$128+AU141 -> 3.5000066e-05 | AY142: 4 | AZ142: 0.2 | BA142: =AVERAGE(B142:U142) -> 0.00029332524 | BB142: =MIN(B142:U142) -> 0 | BC142: =MAX(B142:U142) -> 0.00083292838 | BD142: =SUM(B142:U142)/SUM($B$4:$U$123) -> 1.2112918e-08 | BE142: =BD142+BE141 -> 2.4757419e-08 | BH142: =PERCENTILE(B142:U142,0.8) -> 0.00028408499 | BI142: =PERCENTILE(B142:U142,0.2) -> 0.00028408499
A143: 19526 | B143: =B10/B$128+B142 -> 0.00028408499 | C143: =C10/C$128+C142 -> 0.00073815424 | D143: =D10/D$128+D142 -> 0.00073815424 | E143: =E10/E$128+E142 -> 0.00073815424 | F143: =F10/F$128+F142 -> 0.00073815424 | G143: =G10/G$128+G142 -> 0.00073815424 | H143: =H10/H$128+H142 -> 0.00073815424 | I143: =I10/I$128+I142 -> 0.00073815424 | ... AU143: =AU10/AU$128+AU142 -> 9.1875172e-05 | AY143: 6 | AZ143: 0.3 | BA143: =AVERAGE(B143:U143) -> 0.00073745579 | BB143: =MIN(B143:U143) -> 0.00028408499 | BC143: =MAX(B143:U143) -> 0.0018027401 | BD143: =SUM(B143:U143)/SUM($B$4:$U$123) -> 3.0453368e-08 | BE143: =BD143+BE142 -> 5.5210787e-08 | BH143: =PERCENTILE(B143:U143,0.8) -> 0.00073815424 | BI143: =PERCENTILE(B143:U143,0.2) -> 0.00071643504
A144: 19527 | B144: =B11/B$128+B143 -> 0.00028408499 | C144: =C11/C$128+C143 -> 0.0010131524 | D144: =D11/D$128+D143 -> 0.0010131524 | E144: =E11/E$128+E143 -> 0.0010131524 | F144: =F11/F$128+F143 -> 0.0010131524 | G144: =G11/G$128+G143 -> 0.0010131524 | H144: =H11/H$128+H143 -> 0.0010131524 | I144: =I11/I$128+I143 -> 0.0010131524 | ... AU144: =AU11/AU$128+AU143 -> 0.00012250023 | AY144: 8 | AZ144: 0.4 | BA144: =AVERAGE(B144:U144) -> 0.0010040026 | BB144: =MIN(B144:U144) -> 0.00028408499 | BC144: =MAX(B144:U144) -> 0.0025786553 | BD144: =SUM(B144:U144)/SUM($B$4:$U$123) -> 4.1460468e-08 | BE144: =BD144+BE143 -> 9.6671255e-08 | BH144: =PERCENTILE(B144:U144,0.8) -> 0.0010131524 | BI144: =PERCENTILE(B144:U144,0.2) -> 0.00083951476
A145: 19528 | B145: =B12/B$128+B144 -> 0.00028408499 | C145: =C12/C$128+C144 -> 0.0014802129 | D145: =D12/D$128+D144 -> 0.0014802129 | E145: =E12/E$128+E144 -> 0.0014802129 | F145: =F12/F$128+F144 -> 0.0014802129 | G145: =G12/G$128+G144 -> 0.0014802129 | H145: =H12/H$128+H144 -> 0.0014802129 | I145: =I12/I$128+I144 -> 0.0014802129 | ... AU145: =AU12/AU$128+AU144 -> 0.00012687524 | AY145: 8 | AZ145: 0.4 | BA145: =AVERAGE(B145:U145) -> 0.0014466879 | BB145: =MIN(B145:U145) -> 0.00028408499 | BC145: =MAX(B145:U145) -> 0.0037568968 | BD145: =SUM(B145:U145)/SUM($B$4:$U$123) -> 5.9741235e-08 | BE145: =BD145+BE144 -> 1.5641249e-07 | BH145: =PERCENTILE(B145:U145,0.8) -> 0.001502847 | BI145: =PERCENTILE(B145:U145,0.2) -> 0.0013318011
A146: 19529 | B146: =B13/B$128+B145 -> 0.00028408499 | C146: =C13/C$128+C145 -> 0.0021120183 | D146: =D13/D$128+D145 -> 0.0021120183 | E146: =E13/E$128+E145 -> 0.0021120183 | F146: =F13/F$128+F145 -> 0.0021120183 | G146: =G13/G$128+G145 -> 0.0021120183 | H146: =H13/H$128+H145 -> 0.0021120183 | I146: =I13/I$128+I145 -> 0.0021120183 | ... AU146: =AU13/AU$128+AU145 -> 0.0001618753 | AY146: 9 | AZ146: 0.45 | BA146: =AVERAGE(B146:U146) -> 0.0020449236 | BB146: =MIN(B146:U146) -> 0.00028408499 | BC146: =MAX(B146:U146) -> 0.0047339752 | BD146: =SUM(B146:U146)/SUM($B$4:$U$123) -> 8.4445483e-08 | BE146: =BD146+BE145 -> 2.4085797e-07 | BH146: =PERCENTILE(B146:U146,0.8) -> 0.0021872034 | BI146: =PERCENTILE(B146:U146,0.2) -> 0.0018566144
A147: 19530 | B147: =B14/B$128+B146 -> 0.00058908922 | C147: =C14/C$128+C146 -> 0.0026794977 | D147: =D14/D$128+D146 -> 0.0029713905 | E147: =E14/E$128+E146 -> 0.0029713905 | F147: =F14/F$128+F146 -> 0.0029713905 | G147: =G14/G$128+G146 -> 0.0029713905 | H147: =H14/H$128+H146 -> 0.0029713905 | I147: =I14/I$128+I146 -> 0.0029713905 | ... AU147: =AU14/AU$128+AU146 -> 0.0025637548 | AY147: 11 | AZ147: 0.55 | BA147: =AVERAGE(B147:U147) -> 0.0029173477 | BB147: =MIN(B147:U147) -> 0.00032803156 | BC147: =MAX(B147:U147) -> 0.0066881319 | BD147: =SUM(B147:U147)/SUM($B$4:$U$123) -> 1.2047239e-07 | BE147: =BD147+BE146 -> 3.6133037e-07 | BH147: =PERCENTILE(B147:U147,0.8) -> 0.0030851015 | BI147: =PERCENTILE(B147:U147,0.2) -> 0.0022480995
A148: 19531 | B148: =B15/B$128+B147 -> 0.0020269663 | C148: =C15/C$128+C147 -> 0.0032985661 | D148: =D15/D$128+D147 -> 0.0036195858 | E148: =E15/E$128+E147 -> 0.0041151007 | F148: =F15/F$128+F147 -> 0.0041151007 | G148: =G15/G$128+G147 -> 0.0029713905 | H148: =H15/H$128+H147 -> 0.0041151007 | I148: =I15/I$128+I147 -> 0.0041151007 | ... AU148: =AU15/AU$128+AU147 -> 0.0025725048 | AY148: 13 | AZ148: 0.65 | BA148: =AVERAGE(B148:U148) -> 0.0039766313 | BB148: =MIN(B148:U148) -> 0.00032803156 | BC148: =MAX(B148:U148) -> 0.01053897 | BD148: =SUM(B148:U148)/SUM($B$4:$U$123) -> 1.642157e-07 | BE148: =BD148+BE147 -> 5.2554606e-07 | BH148: =PERCENTILE(B148:U148,0.8) -> 0.0042187134 | BI148: =PERCENTILE(B148:U148,0.2) -> 0.0030599713
A149: 19532 | B149: =B16/B$128+B148 -> 0.0025062586 | C149: =C16/C$128+C148 -> 0.0035049222 | D149: =D16/D$128+D148 -> 0.0053481067 | E149: =E16/E$128+E148 -> 0.0057352024 | F149: =F16/F$128+F148 -> 0.0057352024 | G149: =G16/G$128+G148 -> 0.0029713905 | H149: =H16/H$128+H148 -> 0.0042060813 | I149: =I16/I$128+I148 -> 0.0057352024 | ... AU149: =AU16/AU$128+AU148 -> 0.0025725048 | AY149: 14 | AZ149: 0.7 | BA149: =AVERAGE(B149:U149) -> 0.0053015172 | BB149: =MIN(B149:U149) -> 0.00032803156 | BC149: =MAX(B149:U149) -> 0.013220724 | BD149: =SUM(B149:U149)/SUM($B$4:$U$123) -> 2.1892709e-07 | BE149: =BD149+BE148 -> 7.4447316e-07 | BH149: =PERCENTILE(B149:U149,0.8) -> 0.0057689603 | BI149: =PERCENTILE(B149:U149,0.2) -> 0.0033387127
... A256: 19639 | B256: =B123/B$128+B255 -> 1 | C256: =C123/C$128+C255 -> 1 | D256: =D123/D$128+D255 -> 1 | E256: =E123/E$128+E255 -> 1 | F256: =F123/F$128+F255 -> 1 | G256: =G123/G$128+G255 -> 1 | H256: =H123/H$128+H255 -> 1 | I256: =I123/I$128+I255 -> 1 | ... AU256: =AU123/AU$128+AU255 -> 1 | AY256: 1 | AZ256: 0.05 | BA256: =AVERAGE(B256:U256) -> 1 | BB256: =MIN(B256:U256) -> 1 | BC256: =MAX(B256:U256) -> 1 | BD256: =SUM(B256:U256)/SUM($B$4:$U$123) -> 4.1295178e-05 | BE256: =BD256+BE255 -> 0.0030348539 | BH256: =PERCENTILE(B256:U256,0.8) -> 1 | BI256: =PERCENTILE(B256:U256,0.2) -> 1
A261: Table 3. Average absolute percent error.
A263: Date | B263: =B3 -> 1953 | C263: =C3 -> 1954 | D263: =D3 -> 1955 | E263: =E3 -> 1982 | F263: =F3 -> 1983 | G263: =G3 -> 1984 | H263: =H3 -> 1985 | I263: =I3 -> 1986 | ... AG263: =AG3 -> 2011 | AH263: 2012 | AI263: 2013 | AJ263: 2014 | AK263: 2015 | AL263: 2016 | AM263: 2017 | AN263: 2018 | AO263: 2019 | AP263: 2020 | AQ263: 2020 | AR263: 2020 | AS263: 2020 | AT263: 2020 | AU263: 2020 | AZ263: Median Cum. % of Run | BA263: Upper 80th Percentile | BB263: Lower 80th Percentile | BC263: Median Abs. % Error | BD263: 80th Percentile
A264: 19520 | U264: =IF(U137=0,"",ABS((U137-$BA137)/$BA137)) | V264: =IF(V137=0,"",ABS((V137-$BA137)/$BA137)) | W264: =IF(W137=0,"",ABS((W137-$BA137)/$BA137)) | X264: =IF(X137=0,"",ABS((X137-$BA137)/$BA137)) -> #DIV/0! | Y264: =IF(Y137=0,"",ABS((Y137-$BA137)/$BA137)) -> #DIV/0! | Z264: =IF(Z137=0,"",ABS((Z137-$BA137)/$BA137)) -> #DIV/0! | AA264: =IF(AA137=0,"",ABS((AA137-$BA137)/$BA137)) | AB264: =IF(AB137=0,"",ABS((AB137-$BA137)/$BA137)) -> #DIV/0! | ... AU264: =IF(AU137=0,"",ABS((AU137-$BA137)/$BA137)) | AZ264: =MEDIAN($B137:$AU137) -> 0 | BA264: =PERCENTILE($B264:$AU264,0.9) -> #DIV/0! | BB264: =PERCENTILE($B264:$AU264,0.1) -> #DIV/0! | BC264: =MEDIAN($B264:$AU264) -> #DIV/0! | BD264: =PERCENTILE($B264:$AU264,0.8) -> #DIV/0!
A265: 19521 | U265: =IF(U138=0,"",ABS((U138-$BA138)/$BA138)) | V265: =IF(V138=0,"",ABS((V138-$BA138)/$BA138)) | W265: =IF(W138=0,"",ABS((W138-$BA138)/$BA138)) | X265: =IF(X138=0,"",ABS((X138-$BA138)/$BA138)) -> #DIV/0! | Y265: =IF(Y138=0,"",ABS((Y138-$BA138)/$BA138)) -> #DIV/0! | Z265: =IF(Z138=0,"",ABS((Z138-$BA138)/$BA138)) -> #DIV/0! | AA265: =IF(AA138=0,"",ABS((AA138-$BA138)/$BA138)) | AB265: =IF(AB138=0,"",ABS((AB138-$BA138)/$BA138)) -> #DIV/0! | ... AU265: =IF(AU138=0,"",ABS((AU138-$BA138)/$BA138)) | AZ265: =MEDIAN($B138:$AU138) -> 0 | BA265: =PERCENTILE($B265:$AU265,0.9) -> #DIV/0! | BB265: =PERCENTILE($B265:$AU265,0.1) -> #DIV/0! | BC265: =MEDIAN($B265:$AU265) -> #DIV/0! | BD265: =PERCENTILE($B265:$AU265,0.8) -> #DIV/0!
A266: 19522 | U266: =IF(U139=0,"",ABS((U139-$BA139)/$BA139)) | V266: =IF(V139=0,"",ABS((V139-$BA139)/$BA139)) | W266: =IF(W139=0,"",ABS((W139-$BA139)/$BA139)) | X266: =IF(X139=0,"",ABS((X139-$BA139)/$BA139)) -> #DIV/0! | Y266: =IF(Y139=0,"",ABS((Y139-$BA139)/$BA139)) -> #DIV/0! | Z266: =IF(Z139=0,"",ABS((Z139-$BA139)/$BA139)) -> #DIV/0! | AA266: =IF(AA139=0,"",ABS((AA139-$BA139)/$BA139)) | AB266: =IF(AB139=0,"",ABS((AB139-$BA139)/$BA139)) -> #DIV/0! | ... AU266: =IF(AU139=0,"",ABS((AU139-$BA139)/$BA139)) | AZ266: =MEDIAN($B139:$AU139) -> 0 | BA266: =PERCENTILE($B266:$AU266,0.9) -> #DIV/0! | BB266: =PERCENTILE($B266:$AU266,0.1) -> #DIV/0! | BC266: =MEDIAN($B266:$AU266) -> #DIV/0! | BD266: =PERCENTILE($B266:$AU266,0.8) -> #DIV/0!
A267: 19523 | S267: =IF(S140=0,"",ABS((S140-$BA140)/$BA140)) -> 3.0895897 | U267: =IF(U140=0,"",ABS((U140-$BA140)/$BA140)) -> 0.064093511 | V267: =IF(V140=0,"",ABS((V140-$BA140)/$BA140)) -> 1.8786705 | W267: =IF(W140=0,"",ABS((W140-$BA140)/$BA140)) -> 25.183758 | X267: =IF(X140=0,"",ABS((X140-$BA140)/$BA140)) -> 2.63882 | Y267: =IF(Y140=0,"",ABS((Y140-$BA140)/$BA140)) -> 0.12579086 | Z267: =IF(Z140=0,"",ABS((Z140-$BA140)/$BA140)) -> 8.2638888 | AA267: =IF(AA140=0,"",ABS((AA140-$BA140)/$BA140)) | AB267: =IF(AB140=0,"",ABS((AB140-$BA140)/$BA140)) -> 0.95401897 | ... AU267: =IF(AU140=0,"",ABS((AU140-$BA140)/$BA140)) | AZ267: =MEDIAN($B140:$AU140) -> 0.00010722175 | BA267: =PERCENTILE($B267:$AU267,0.9) -> 3.3077301 | BB267: =PERCENTILE($B267:$AU267,0.1) -> 0.13198528 | BC267: =MEDIAN($B267:$AU267) -> 0.94214872 | BD267: =PERCENTILE($B267:$AU267,0.8) -> 1.8786705
A268: 19524 | Q268: =IF(Q141=0,"",ABS((Q141-$BA141)/$BA141)) | R268: =IF(R141=0,"",ABS((R141-$BA141)/$BA141)) -> 0.45928284 | S268: =IF(S141=0,"",ABS((S141-$BA141)/$BA141)) -> 2.2598506 | U268: =IF(U141=0,"",ABS((U141-$BA141)/$BA141)) -> 0.044945839 | V268: =IF(V141=0,"",ABS((V141-$BA141)/$BA141)) -> 0.72096157 | W268: =IF(W141=0,"",ABS((W141-$BA141)/$BA141)) -> 23.191758 | X268: =IF(X141=0,"",ABS((X141-$BA141)/$BA141)) -> 6.3963715 | Y268: =IF(Y141=0,"",ABS((Y141-$BA141)/$BA141)) -> 0.25338533 | Z268: =IF(Z141=0,"",ABS((Z141-$BA141)/$BA141)) -> 6.1592012 | AA268: =IF(AA141=0,"",ABS((AA141-$BA141)/$BA141)) -> 0.60258737 | AB268: =IF(AB141=0,"",ABS((AB141-$BA141)/$BA141)) -> 0.87591279 | ... AU268: =IF(AU141=0,"",ABS((AU141-$BA141)/$BA141)) -> 0.97716991 | AZ268: =MEDIAN($B141:$AU141) -> 0.00019147965 | BA268: =PERCENTILE($B268:$AU268,0.9) -> 4.84493 | BB268: =PERCENTILE($B268:$AU268,0.1) -> 0.33033021 | BC268: =MEDIAN($B268:$AU268) -> 0.87591279 | BD268: =PERCENTILE($B268:$AU268,0.8) -> 1.613435
A269: 19525 | Q269: =IF(Q142=0,"",ABS((Q142-$BA142)/$BA142)) -> 0.48489266 | R269: =IF(R142=0,"",ABS((R142-$BA142)/$BA142)) -> 0.14931311 | S269: =IF(S142=0,"",ABS((S142-$BA142)/$BA142)) -> 1.8396069 | U269: =IF(U142=0,"",ABS((U142-$BA142)/$BA142)) -> 0.031501709 | V269: =IF(V142=0,"",ABS((V142-$BA142)/$BA142)) -> 2.3729835 | W269: =IF(W142=0,"",ABS((W142-$BA142)/$BA142)) -> 17.593892 | X269: =IF(X142=0,"",ABS((X142-$BA142)/$BA142)) -> 6.816715 | Y269: =IF(Y142=0,"",ABS((Y142-$BA142)/$BA142)) -> 0.41467165 | Z269: =IF(Z142=0,"",ABS((Z142-$BA142)/$BA142)) -> 4.647945 | AA269: =IF(AA142=0,"",ABS((AA142-$BA142)/$BA142)) -> 0.74036487 | AB269: =IF(AB142=0,"",ABS((AB142-$BA142)/$BA142)) -> 0.68904377 | ... AU269: =IF(AU142=0,"",ABS((AU142-$BA142)/$BA142)) -> 0.8806783 | AZ269: =MEDIAN($B142:$AU142) -> 0.00028408499 | BA269: =PERCENTILE($B269:$AU269,0.9) -> 4.6725594 | BB269: =PERCENTILE($B269:$AU269,0.1) -> 0.25139008 | BC269: =MEDIAN($B269:$AU269) -> 0.700196 | BD269: =PERCENTILE($B269:$AU269,0.8) -> 1.9462822
A270: 19526 | B270: =IF(B143=0,"",ABS((B143-$BA143)/$BA143)) -> 0.61477692 | N270: =IF(N143=0,"",ABS((N143-$BA143)/$BA143)) -> 0.58498084 | P270: =IF(P143=0,"",ABS((P143-$BA143)/$BA143)) -> 0.24119314 | Q270: =IF(Q143=0,"",ABS((Q143-$BA143)/$BA143)) -> 0.14631049 | R270: =IF(R143=0,"",ABS((R143-$BA143)/$BA143)) -> 1.4445399 | S270: =IF(S143=0,"",ABS((S143-$BA143)/$BA143)) -> 0.12946211 | U270: =IF(U143=0,"",ABS((U143-$BA143)/$BA143)) -> 0.00094709992 | V270: =IF(V143=0,"",ABS((V143-$BA143)/$BA143)) -> 0.34161426 | W270: =IF(W143=0,"",ABS((W143-$BA143)/$BA143)) -> 8.2447199 | X270: =IF(X143=0,"",ABS((X143-$BA143)/$BA143)) -> 5.5008909 | Y270: =IF(Y143=0,"",ABS((Y143-$BA143)/$BA143)) -> 0.55376915 | Z270: =IF(Z143=0,"",ABS((Z143-$BA143)/$BA143)) -> 2.0011662 | AA270: =IF(AA143=0,"",ABS((AA143-$BA143)/$BA143)) -> 0.89672935 | AB270: =IF(AB143=0,"",ABS((AB143-$BA143)/$BA143)) -> 0.30326369 | ... AU270: =IF(AU143=0,"",ABS((AU143-$BA143)/$BA143)) -> 0.87541603 | AZ270: =MEDIAN($B143:$AU143) -> 0.00073815424 | BA270: =PERCENTILE($B270:$AU270,0.9) -> 2.6547509 | BB270: =PERCENTILE($B270:$AU270,0.1) -> 0.13283179 | BC270: =MEDIAN($B270:$AU270) -> 0.43286332 | BD270: =PERCENTILE($B270:$AU270,0.8) -> 1.2853426
A271: 19527 | B271: =IF(B144=0,"",ABS((B144-$BA144)/$BA144)) -> 0.71704756 | L271: =IF(L144=0,"",ABS((L144-$BA144)/$BA144)) -> 0.13859301 | N271: =IF(N144=0,"",ABS((N144-$BA144)/$BA144)) -> 0.69516188 | O271: =IF(O144=0,"",ABS((O144-$BA144)/$BA144)) -> 0.26478856 | P271: =IF(P144=0,"",ABS((P144-$BA144)/$BA144)) -> 0.44264438 | Q271: =IF(Q144=0,"",ABS((Q144-$BA144)/$BA144)) -> 0.12868715 | R271: =IF(R144=0,"",ABS((R144-$BA144)/$BA144)) -> 1.568375 | S271: =IF(S144=0,"",ABS((S144-$BA144)/$BA144)) -> 0.45181356 | U271: =IF(U144=0,"",ABS((U144-$BA144)/$BA144)) -> 0.0091133092 | V271: =IF(V144=0,"",ABS((V144-$BA144)/$BA144)) -> 1.2993527 | W271: =IF(W144=0,"",ABS((W144-$BA144)/$BA144)) -> 8.5065498 | X271: =IF(X144=0,"",ABS((X144-$BA144)/$BA144)) -> 6.9306637 | Y271: =IF(Y144=0,"",ABS((Y144-$BA144)/$BA144)) -> 0.67223639 | Z271: =IF(Z144=0,"",ABS((Z144-$BA144)/$BA144)) -> 1.5009027 | AA271: =IF(AA144=0,"",ABS((AA144-$BA144)/$BA144)) -> 0.87863373 | AB271: =IF(AB144=0,"",ABS((AB144-$BA144)/$BA144)) -> 0.29827962 | ... AU271: =IF(AU144=0,"",ABS((AU144-$BA144)/$BA144)) -> 0.87798814 | AZ271: =MEDIAN($B144:$AU144) -> 0.0010131524 | BA271: =PERCENTILE($B271:$AU271,0.9) -> 2.5854721 | BB271: =PERCENTILE($B271:$AU271,0.1) -> 0.077114211 | BC271: =MEDIAN($B271:$AU271) -> 0.59988107 | BD271: =PERCENTILE($B271:$AU271,0.8) -> 1.3343226
A272: 19528 | B272: =IF(B145=0,"",ABS((B145-$BA145)/$BA145)) -> 0.80363077 | L272: =IF(L145=0,"",ABS((L145-$BA145)/$BA145)) -> 0.10140111 | N272: =IF(N145=0,"",ABS((N145-$BA145)/$BA145)) -> 0.78844209 | O272: =IF(O145=0,"",ABS((O145-$BA145)/$BA145)) -> 0.48976264 | P272: =IF(P145=0,"",ABS((P145-$BA145)/$BA145)) -> 0.53030789 | Q272: =IF(Q145=0,"",ABS((Q145-$BA145)/$BA145)) -> 0.34033016 | R272: =IF(R145=0,"",ABS((R145-$BA145)/$BA145)) -> 1.5968951 | S272: =IF(S145=0,"",ABS((S145-$BA145)/$BA145)) -> 0.29543408 | U272: =IF(U145=0,"",ABS((U145-$BA145)/$BA145)) -> 0.023173576 | V272: =IF(V145=0,"",ABS((V145-$BA145)/$BA145)) -> 0.82371735 | W272: =IF(W145=0,"",ABS((W145-$BA145)/$BA145)) -> 5.5975536 | X272: =IF(X145=0,"",ABS((X145-$BA145)/$BA145)) -> 5.6277177 | Y272: =IF(Y145=0,"",ABS((Y145-$BA145)/$BA145)) -> 0.76264186 | Z272: =IF(Z145=0,"",ABS((Z145-$BA145)/$BA145)) -> 1.2097952 | AA272: =IF(AA145=0,"",ABS((AA145-$BA145)/$BA145)) -> 0.33712422 | AB272: =IF(AB145=0,"",ABS((AB145-$BA145)/$BA145)) -> 0.31813856 | ... AU272: =IF(AU145=0,"",ABS((AU145-$BA145)/$BA145)) -> 0.91229951 | AZ272: =MEDIAN($B145:$AU145) -> 0.0014802129 | BA272: =PERCENTILE($B272:$AU272,0.9) -> 4.4882242 | BB272: =PERCENTILE($B272:$AU272,0.1) -> 0.14646742 | BC272: =MEDIAN($B272:$AU272) -> 0.60521527 | BD272: =PERCENTILE($B272:$AU272,0.8) -> 1.6328919
A273: 19529 | B273: =IF(B146=0,"",ABS((B146-$BA146)/$BA146)) -> 0.86107794 | L273: =IF(L146=0,"",ABS((L146-$BA146)/$BA146)) -> 0.16643127 | N273: =IF(N146=0,"",ABS((N146-$BA146)/$BA146)) -> 0.85033266 | O273: =IF(O146=0,"",ABS((O146-$BA146)/$BA146)) -> 0.59167233 | P273: =IF(P146=0,"",ABS((P146-$BA146)/$BA146)) -> 0.66771477 | Q273: =IF(Q146=0,"",ABS((Q146-$BA146)/$BA146)) -> 0.81024008 | R273: =IF(R146=0,"",ABS((R146-$BA146)/$BA146)) -> 1.3149888 | S273: =IF(S146=0,"",ABS((S146-$BA146)/$BA146)) -> 0.27285987 | T273: =IF(T146=0,"",ABS((T146-$BA146)/$BA146)) -> 0.045363547 | U273: =IF(U146=0,"",ABS((U146-$BA146)/$BA146)) -> 0.032810376 | ... AU273: =IF(AU146=0,"",ABS((AU146-$BA146)/$BA146)) -> 0.92084041 | AZ273: =MEDIAN($B146:$AU146) -> 0.0021120183 | BA273: =PERCENTILE($B273:$AU273,0.9) -> 4.2514807 | BB273: =PERCENTILE($B273:$AU273,0.1) -> 0.051734363 | BC273: =MEDIAN($B273:$AU273) -> 0.62969355 | BD273: =PERCENTILE($B273:$AU273,0.8) -> 1.3149888
A274: 19530 | B274: =IF(B147=0,"",ABS((B147-$BA147)/$BA147)) -> 0.79807371 | C274: =IF(C147=0,"",ABS((C147-$BA147)/$BA147)) -> 0.081529552 | L274: =IF(L147=0,"",ABS((L147-$BA147)/$BA147)) -> 0.06295379 | N274: =IF(N147=0,"",ABS((N147-$BA147)/$BA147)) -> 0.88755829 | O274: =IF(O147=0,"",ABS((O147-$BA147)/$BA147)) -> 0.71378151 | P274: =IF(P147=0,"",ABS((P147-$BA147)/$BA147)) -> 0.23274623 | Q274: =IF(Q147=0,"",ABS((Q147-$BA147)/$BA147)) -> 0.67459371 | R274: =IF(R147=0,"",ABS((R147-$BA147)/$BA147)) -> 1.2925385 | S274: =IF(S147=0,"",ABS((S147-$BA147)/$BA147)) -> 0.21341229 | T274: =IF(T147=0,"",ABS((T147-$BA147)/$BA147)) -> 0.65794407 | U274: =IF(U147=0,"",ABS((U147-$BA147)/$BA147)) -> 0.22856715 | ... AU274: =IF(AU147=0,"",ABS((AU147-$BA147)/$BA147)) -> 0.12120356 | AZ274: =MEDIAN($B147:$AU147) -> 0.0029713905 | BA274: =PERCENTILE($B274:$AU274,0.9) -> 3.1620526 | BB274: =PERCENTILE($B274:$AU274,0.1) -> 0.074099247 | BC274: =MEDIAN($B274:$AU274) -> 0.6545058 | BD274: =PERCENTILE($B274:$AU274,0.8) -> 0.96973379
A275: 19531 | B275: =IF(B148=0,"",ABS((B148-$BA148)/$BA148)) -> 0.49028056 | C275: =IF(C148=0,"",ABS((C148-$BA148)/$BA148)) -> 0.17051246 | D275: =IF(D148=0,"",ABS((D148-$BA148)/$BA148)) -> 0.08978591 | L275: =IF(L148=0,"",ABS((L148-$BA148)/$BA148)) -> 0.22494287 | N275: =IF(N148=0,"",ABS((N148-$BA148)/$BA148)) -> 0.91751019 | O275: =IF(O148=0,"",ABS((O148-$BA148)/$BA148)) -> 0.79002356 | P275: =IF(P148=0,"",ABS((P148-$BA148)/$BA148)) -> 0.085328245 | Q275: =IF(Q148=0,"",ABS((Q148-$BA148)/$BA148)) -> 0.57047952 | R275: =IF(R148=0,"",ABS((R148-$BA148)/$BA148)) -> 1.6502256 | S275: =IF(S148=0,"",ABS((S148-$BA148)/$BA148)) -> 0.16509773 | T275: =IF(T148=0,"",ABS((T148-$BA148)/$BA148)) -> 0.49476439 | U275: =IF(U148=0,"",ABS((U148-$BA148)/$BA148)) -> 0.10314195 | ... AU275: =IF(AU148=0,"",ABS((AU148-$BA148)/$BA148)) -> 0.35309446 | AZ275: =MEDIAN($B148:$AU148) -> 0.0041151007 | BA275: =PERCENTILE($B275:$AU275,0.9) -> 2.4166814 | BB275: =PERCENTILE($B275:$AU275,0.1) -> 0.08844861 | BC275: =MEDIAN($B275:$AU275) -> 0.56633223 | BD275: =PERCENTILE($B275:$AU275,0.8) -> 0.91452684
A276: 19532 | B276: =IF(B149=0,"",ABS((B149-$BA149)/$BA149)) -> 0.52725634 | C276: =IF(C149=0,"",ABS((C149-$BA149)/$BA149)) -> 0.33888317 | D276: =IF(D149=0,"",ABS((D149-$BA149)/$BA149)) -> 0.0087879606 | G276: =IF(G149=0,"",ABS((G149-$BA149)/$BA149)) -> 0.43952072 | H276: =IF(H149=0,"",ABS((H149-$BA149)/$BA149)) -> 0.20662687 | L276: =IF(L149=0,"",ABS((L149-$BA149)/$BA149)) -> 0.35291292 | N276: =IF(N149=0,"",ABS((N149-$BA149)/$BA149)) -> 0.93812496 | O276: =IF(O149=0,"",ABS((O149-$BA149)/$BA149)) -> 0.84249813 | P276: =IF(P149=0,"",ABS((P149-$BA149)/$BA149)) -> 0.23851666 | Q276: =IF(Q149=0,"",ABS((Q149-$BA149)/$BA149)) -> 1.4937623 | R276: =IF(R149=0,"",ABS((R149-$BA149)/$BA149)) -> 1.3510985 | S276: =IF(S149=0,"",ABS((S149-$BA149)/$BA149)) -> 0.027873692 | T276: =IF(T149=0,"",ABS((T149-$BA149)/$BA149)) -> 0.45409886 | U276: =IF(U149=0,"",ABS((U149-$BA149)/$BA149)) -> 0.11364189 | ... AU276: =IF(AU149=0,"",ABS((AU149-$BA149)/$BA149)) -> 0.51476064 | AZ276: =MEDIAN($B149:$AU149) -> 0.0052509255 | BA276: =PERCENTILE($B276:$AU276,0.9) -> 1.9625318 | BB276: =PERCENTILE($B276:$AU276,0.1) -> 0.16408468 | BC276: =MEDIAN($B276:$AU276) -> 0.53515929 | BD276: =PERCENTILE($B276:$AU276,0.8) -> 1.2989031
A277: 19533 | B277: =IF(B150=0,"",ABS((B150-$BA150)/$BA150)) -> 0.20820577 | C277: =IF(C150=0,"",ABS((C150-$BA150)/$BA150)) -> 0.55817037 | D277: =IF(D150=0,"",ABS((D150-$BA150)/$BA150)) -> 0.14564777 | E277: =IF(E150=0,"",ABS((E150-$BA150)/$BA150)) -> 1.8111909 | F277: =IF(F150=0,"",ABS((F150-$BA150)/$BA150)) -> 0.31035879 | G277: =IF(G150=0,"",ABS((G150-$BA150)/$BA150)) -> 0.64126781 | H277: =IF(H150=0,"",ABS((H150-$BA150)/$BA150)) -> 0.49220517 | L277: =IF(L150=0,"",ABS((L150-$BA150)/$BA150)) -> 0.51700104 | N277: =IF(N150=0,"",ABS((N150-$BA150)/$BA150)) -> 0.96039717 | O277: =IF(O150=0,"",ABS((O150-$BA150)/$BA150)) -> 0.86411586 | P277: =IF(P150=0,"",ABS((P150-$BA150)/$BA150)) -> 0.478837 | Q277: =IF(Q150=0,"",ABS((Q150-$BA150)/$BA150)) -> 0.68732804 | R277: =IF(R150=0,"",ABS((R150-$BA150)/$BA150)) -> 0.93849155 | S277: =IF(S150=0,"",ABS((S150-$BA150)/$BA150)) -> 0.33380072 | T277: =IF(T150=0,"",ABS((T150-$BA150)/$BA150)) -> 0.58240972 | U277: =IF(U150=0,"",ABS((U150-$BA150)/$BA150)) -> 0.80815698 | ... AU277: =IF(AU150=0,"",ABS((AU150-$BA150)/$BA150)) -> 0.35877835 | AZ277: =MEDIAN($B150:$AU150) -> 0.007001148 | BA277: =PERCENTILE($B277:$AU277,0.9) -> 1.4396012 | BB277: =PERCENTILE($B277:$AU277,0.1) -> 0.16830616 | BC277: =MEDIAN($B277:$AU277) -> 0.59935895 | BD277: =PERCENTILE($B277:$AU277,0.8) -> 0.95310475
A278: 19534 | B278: =IF(B151=0,"",ABS((B151-$BA151)/$BA151)) -> 0.24548624 | C278: =IF(C151=0,"",ABS((C151-$BA151)/$BA151)) -> 0.64962361 | D278: =IF(D151=0,"",ABS((D151-$BA151)/$BA151)) -> 0.084032465 | E278: =IF(E151=0,"",ABS((E151-$BA151)/$BA151)) -> 1.3403641 | F278: =IF(F151=0,"",ABS((F151-$BA151)/$BA151)) -> 0.39479954 | G278: =IF(G151=0,"",ABS((G151-$BA151)/$BA151)) -> 0.71913072 | H278: =IF(H151=0,"",ABS((H151-$BA151)/$BA151)) -> 0.61365097 | L278: =IF(L151=0,"",ABS((L151-$BA151)/$BA151)) -> 0.56268815 | M278: =IF(M151=0,"",ABS((M151-$BA151)/$BA151)) -> 0.19227974 | N278: =IF(N151=0,"",ABS((N151-$BA151)/$BA151)) -> 0.9698687 | O278: =IF(O151=0,"",ABS((O151-$BA151)/$BA151)) -> 0.86992738 | P278: =IF(P151=0,"",ABS((P151-$BA151)/$BA151)) -> 0.44289231 | Q278: =IF(Q151=0,"",ABS((Q151-$BA151)/$BA151)) -> 0.52665895 | R278: =IF(R151=0,"",ABS((R151-$BA151)/$BA151)) -> 0.8681894 | S278: =IF(S151=0,"",ABS((S151-$BA151)/$BA151)) -> 0.48356746 | ... AU278: =IF(AU151=0,"",ABS((AU151-$BA151)/$BA151)) -> 0.30437032 | AZ278: =MEDIAN($B151:$AU151) -> 0.010595032 | BA278: =PERCENTILE($B278:$AU278,0.9) -> 1.297373 | BB278: =PERCENTILE($B278:$AU278,0.1) -> 0.22562832 | BC278: =MEDIAN($B278:$AU278) -> 0.61365097 | BD278: =PERCENTILE($B278:$AU278,0.8) -> 0.93807347
A279: 19535 | B279: =IF(B152=0,"",ABS((B152-$BA152)/$BA152)) -> 0.25890428 | C279: =IF(C152=0,"",ABS((C152-$BA152)/$BA152)) -> 0.54942851 | D279: =IF(D152=0,"",ABS((D152-$BA152)/$BA152)) -> 1.1681496 | E279: =IF(E152=0,"",ABS((E152-$BA152)/$BA152)) -> 0.84000991 | F279: =IF(F152=0,"",ABS((F152-$BA152)/$BA152)) -> 0.43781178 | G279: =IF(G152=0,"",ABS((G152-$BA152)/$BA152)) -> 0.77917869 | H279: =IF(H152=0,"",ABS((H152-$BA152)/$BA152)) -> 0.69624981 | L279: =IF(L152=0,"",ABS((L152-$BA152)/$BA152)) -> 0.64703257 | M279: =IF(M152=0,"",ABS((M152-$BA152)/$BA152)) -> 0.33338632 | N279: =IF(N152=0,"",ABS((N152-$BA152)/$BA152)) -> 0.97631057 | O279: =IF(O152=0,"",ABS((O152-$BA152)/$BA152)) -> 0.89074222 | P279: =IF(P152=0,"",ABS((P152-$BA152)/$BA152)) -> 0.79254349 | Q279: =IF(Q152=0,"",ABS((Q152-$BA152)/$BA152)) -> 0.62581955 | R279: =IF(R152=0,"",ABS((R152-$BA152)/$BA152)) -> 0.53311855 | S279: =IF(S152=0,"",ABS((S152-$BA152)/$BA152)) -> 0.53382578 | ... AU279: =IF(AU152=0,"",ABS((AU152-$BA152)/$BA152)) -> 0.22434381 | AZ279: =MEDIAN($B152:$AU152) -> 0.013994868 | BA279: =PERCENTILE($B279:$AU279,0.9) -> 1.1297818 | BB279: =PERCENTILE($B279:$AU279,0.1) -> 0.25916243 | BC279: =MEDIAN($B279:$AU279) -> 0.64703257 | BD279: =PERCENTILE($B279:$AU279,0.8) -> 0.87898016
A280: 19536 | B280: =IF(B153=0,"",ABS((B153-$BA153)/$BA153)) -> 0.25757879 | C280: =IF(C153=0,"",ABS((C153-$BA153)/$BA153)) -> 0.50290715 | D280: =IF(D153=0,"",ABS((D153-$BA153)/$BA153)) -> 1.5702769 | E280: =IF(E153=0,"",ABS((E153-$BA153)/$BA153)) -> 0.83371467 | F280: =IF(F153=0,"",ABS((F153-$BA153)/$BA153)) -> 0.51248495 | G280: =IF(G153=0,"",ABS((G153-$BA153)/$BA153)) -> 0.61607861 | H280: =IF(H153=0,"",ABS((H153-$BA153)/$BA153)) -> 0.74175846 | I280: =IF(I153=0,"",ABS((I153-$BA153)/$BA153)) -> 0.14075452 | L280: =IF(L153=0,"",ABS((L153-$BA153)/$BA153)) -> 0.69602555 | M280: =IF(M153=0,"",ABS((M153-$BA153)/$BA153)) -> 0.30992979 | N280: =IF(N153=0,"",ABS((N153-$BA153)/$BA153)) -> 0.73702219 | O280: =IF(O153=0,"",ABS((O153-$BA153)/$BA153)) -> 0.89521953 | P280: =IF(P153=0,"",ABS((P153-$BA153)/$BA153)) -> 0.59269397 | Q280: =IF(Q153=0,"",ABS((Q153-$BA153)/$BA153)) -> 0.64043771 | R280: =IF(R153=0,"",ABS((R153-$BA153)/$BA153)) -> 0.33518202 | S280: =IF(S153=0,"",ABS((S153-$BA153)/$BA153)) -> 0.58129572 | ... AU280: =IF(AU153=0,"",ABS((AU153-$BA153)/$BA153)) -> 0.10632397 | AZ280: =MEDIAN($B153:$AU153) -> 0.0163277 | BA280: =PERCENTILE($B280:$AU280,0.9) -> 1.4615697 | BB280: =PERCENTILE($B280:$AU280,0.1) -> 0.26193041 | BC280: =MEDIAN($B280:$AU280) -> 0.59896125 | BD280: =PERCENTILE($B280:$AU280,0.8) -> 0.90445344
A281: 19537 | B281: =IF(B154=0,"",ABS((B154-$BA154)/$BA154)) -> 0.12419607 | C281: =IF(C154=0,"",ABS((C154-$BA154)/$BA154)) -> 0.57806047 | D281: =IF(D154=0,"",ABS((D154-$BA154)/$BA154)) -> 1.4436975 | E281: =IF(E154=0,"",ABS((E154-$BA154)/$BA154)) -> 0.74076885 | F281: =IF(F154=0,"",ABS((F154-$BA154)/$BA154)) -> 0.25191075 | G281: =IF(G154=0,"",ABS((G154-$BA154)/$BA154)) -> 0.64711113 | H281: =IF(H154=0,"",ABS((H154-$BA154)/$BA154)) -> 0.78624888 | I281: =IF(I154=0,"",ABS((I154-$BA154)/$BA154)) -> 0.2887872 | J281: =IF(J154=0,"",ABS((J154-$BA154)/$BA154)) -> 0.17023377 | L281: =IF(L154=0,"",ABS((L154-$BA154)/$BA154)) -> 0.72102973 | M281: =IF(M154=0,"",ABS((M154-$BA154)/$BA154)) -> 0.36978916 | N281: =IF(N154=0,"",ABS((N154-$BA154)/$BA154)) -> 0.72202828 | O281: =IF(O154=0,"",ABS((O154-$BA154)/$BA154)) -> 0.88374174 | P281: =IF(P154=0,"",ABS((P154-$BA154)/$BA154)) -> 0.40361498 | Q281: =IF(Q154=0,"",ABS((Q154-$BA154)/$BA154)) -> 0.68159742 | R281: =IF(R154=0,"",ABS((R154-$BA154)/$BA154)) -> 0.37825467 | S281: =IF(S154=0,"",ABS((S154-$BA154)/$BA154)) -> 0.63491205 | ... AU281: =IF(AU154=0,"",ABS((AU154-$BA154)/$BA154)) -> 0.19091962 | AZ281: =MEDIAN($B154:$AU154) -> 0.021586387 | BA281: =PERCENTILE($B281:$AU281,0.9) -> 1.6788186 | BB281: =PERCENTILE($B281:$AU281,0.1) -> 0.17850811 | BC281: =MEDIAN($B281:$AU281) -> 0.65662414 | BD281: =PERCENTILE($B281:$AU281,0.8) -> 0.91963917
A282: 19538 | B282: =IF(B155=0,"",ABS((B155-$BA155)/$BA155)) -> 0.044829364 | C282: =IF(C155=0,"",ABS((C155-$BA155)/$BA155)) -> 0.53283496 | D282: =IF(D155=0,"",ABS((D155-$BA155)/$BA155)) -> 1.3060565 | E282: =IF(E155=0,"",ABS((E155-$BA155)/$BA155)) -> 1.0998731 | F282: =IF(F155=0,"",ABS((F155-$BA155)/$BA155)) -> 0.1760397 | G282: =IF(G155=0,"",ABS((G155-$BA155)/$BA155)) -> 0.69511345 | H282: =IF(H155=0,"",ABS((H155-$BA155)/$BA155)) -> 0.82196719 | I282: =IF(I155=0,"",ABS((I155-$BA155)/$BA155)) -> 0.40763252 | J282: =IF(J155=0,"",ABS((J155-$BA155)/$BA155)) -> 0.30888964 | L282: =IF(L155=0,"",ABS((L155-$BA155)/$BA155)) -> 0.72876515 | M282: =IF(M155=0,"",ABS((M155-$BA155)/$BA155)) -> 0.4120535 | N282: =IF(N155=0,"",ABS((N155-$BA155)/$BA155)) -> 0.68291122 | O282: =IF(O155=0,"",ABS((O155-$BA155)/$BA155)) -> 0.89087119 | P282: =IF(P155=0,"",ABS((P155-$BA155)/$BA155)) -> 0.4989782 | Q282: =IF(Q155=0,"",ABS((Q155-$BA155)/$BA155)) -> 0.62443853 | R282: =IF(R155=0,"",ABS((R155-$BA155)/$BA155)) -> 0.36689532 | S282: =IF(S155=0,"",ABS((S155-$BA155)/$BA155)) -> 0.6804947 | ... AU282: =IF(AU155=0,"",ABS((AU155-$BA155)/$BA155)) -> 0.28368899 | AZ282: =MEDIAN($B155:$AU155) -> 0.027062474 | BA282: =PERCENTILE($B282:$AU282,0.9) -> 1.4875541 | BB282: =PERCENTILE($B282:$AU282,0.1) -> 0.16252562 | BC282: =MEDIAN($B282:$AU282) -> 0.68291122 | BD282: =PERCENTILE($B282:$AU282,0.8) -> 0.97621906
A283: 19539 | B283: =IF(B156=0,"",ABS((B156-$BA156)/$BA156)) -> 0.34771901 | C283: =IF(C156=0,"",ABS((C156-$BA156)/$BA156)) -> 0.076259222 | D283: =IF(D156=0,"",ABS((D156-$BA156)/$BA156)) -> 1.1829099 | E283: =IF(E156=0,"",ABS((E156-$BA156)/$BA156)) -> 0.83836621 | F283: =IF(F156=0,"",ABS((F156-$BA156)/$BA156)) -> 0.013860656 | G283: =IF(G156=0,"",ABS((G156-$BA156)/$BA156)) -> 0.73124908 | H283: =IF(H156=0,"",ABS((H156-$BA156)/$BA156)) -> 0.85680272 | I283: =IF(I156=0,"",ABS((I156-$BA156)/$BA156)) -> 0.52354058 | J283: =IF(J156=0,"",ABS((J156-$BA156)/$BA156)) -> 0.43217406 | L283: =IF(L156=0,"",ABS((L156-$BA156)/$BA156)) -> 0.73438828 | M283: =IF(M156=0,"",ABS((M156-$BA156)/$BA156)) -> 0.42521265 | N283: =IF(N156=0,"",ABS((N156-$BA156)/$BA156)) -> 0.26019537 | O283: =IF(O156=0,"",ABS((O156-$BA156)/$BA156)) -> 0.90233303 | P283: =IF(P156=0,"",ABS((P156-$BA156)/$BA156)) -> 0.82211959 | Q283: =IF(Q156=0,"",ABS((Q156-$BA156)/$BA156)) -> 0.38974794 | R283: =IF(R156=0,"",ABS((R156-$BA156)/$BA156)) -> 0.36262025 | S283: =IF(S156=0,"",ABS((S156-$BA156)/$BA156)) -> 0.74301204 | ... AU283: =IF(AU156=0,"",ABS((AU156-$BA156)/$BA156)) -> 0.20812083 | AZ283: =MEDIAN($B156:$AU156) -> 0.030504981 | BA283: =PERCENTILE($B283:$AU283,0.9) -> 1.1746118 | BB283: =PERCENTILE($B283:$AU283,0.1) -> 0.12254166 | BC283: =MEDIAN($B283:$AU283) -> 0.69793653 | BD283: =PERCENTILE($B283:$AU283,0.8) -> 0.88578352
A284: 19540 | B284: =IF(B157=0,"",ABS((B157-$BA157)/$BA157)) -> 0.61796159 | C284: =IF(C157=0,"",ABS((C157-$BA157)/$BA157)) -> 0.31216472 | D284: =IF(D157=0,"",ABS((D157-$BA157)/$BA157)) -> 1.0116733 | E284: =IF(E157=0,"",ABS((E157-$BA157)/$BA157)) -> 0.63559804 | F284: =IF(F157=0,"",ABS((F157-$BA157)/$BA157)) -> 0.32984988 | G284: =IF(G157=0,"",ABS((G157-$BA157)/$BA157)) -> 0.75224797 | H284: =IF(H157=0,"",ABS((H157-$BA157)/$BA157)) -> 0.87452494 | I284: =IF(I157=0,"",ABS((I157-$BA157)/$BA157)) -> 0.60794864 | J284: =IF(J157=0,"",ABS((J157-$BA157)/$BA157)) -> 0.49541997 | L284: =IF(L157=0,"",ABS((L157-$BA157)/$BA157)) -> 0.76103426 | M284: =IF(M157=0,"",ABS((M157-$BA157)/$BA157)) -> 0.44971344 | N284: =IF(N157=0,"",ABS((N157-$BA157)/$BA157)) -> 0.35001445 | O284: =IF(O157=0,"",ABS((O157-$BA157)/$BA157)) -> 0.88165341 | P284: =IF(P157=0,"",ABS((P157-$BA157)/$BA157)) -> 0.68855297 | Q284: =IF(Q157=0,"",ABS((Q157-$BA157)/$BA157)) -> 0.19927558 | R284: =IF(R157=0,"",ABS((R157-$BA157)/$BA157)) -> 0.36273869 | S284: =IF(S157=0,"",ABS((S157-$BA157)/$BA157)) -> 0.78708087 | ... AU284: =IF(AU157=0,"",ABS((AU157-$BA157)/$BA157)) -> 0.56902852 | AZ284: =MEDIAN($B157:$AU157) -> 0.042736743 | BA284: =PERCENTILE($B284:$AU284,0.9) -> 0.99933903 | BB284: =PERCENTILE($B284:$AU284,0.1) -> 0.2647557 | BC284: =MEDIAN($B284:$AU284) -> 0.63559804 | BD284: =PERCENTILE($B284:$AU284,0.8) -> 0.88195713
A285: 19541 | B285: =IF(B158=0,"",ABS((B158-$BA158)/$BA158)) -> 0.51278087 | C285: =IF(C158=0,"",ABS((C158-$BA158)/$BA158)) -> 0.301294 | D285: =IF(D158=0,"",ABS((D158-$BA158)/$BA158)) -> 0.87786364 | E285: =IF(E158=0,"",ABS((E158-$BA158)/$BA158)) -> 0.83654591 | F285: =IF(F158=0,"",ABS((F158-$BA158)/$BA158)) -> 0.27191612 | G285: =IF(G158=0,"",ABS((G158-$BA158)/$BA158)) -> 0.56052645 | H285: =IF(H158=0,"",ABS((H158-$BA158)/$BA158)) -> 0.88507032 | I285: =IF(I158=0,"",ABS((I158-$BA158)/$BA158)) -> 0.65658727 | J285: =IF(J158=0,"",ABS((J158-$BA158)/$BA158)) -> 0.54231082 | L285: =IF(L158=0,"",ABS((L158-$BA158)/$BA158)) -> 0.78679512 | M285: =IF(M158=0,"",ABS((M158-$BA158)/$BA158)) -> 0.30017661 | N285: =IF(N158=0,"",ABS((N158-$BA158)/$BA158)) -> 0.24433069 | O285: =IF(O158=0,"",ABS((O158-$BA158)/$BA158)) -> 0.8673766 | P285: =IF(P158=0,"",ABS((P158-$BA158)/$BA158)) -> 0.5883118 | Q285: =IF(Q158=0,"",ABS((Q158-$BA158)/$BA158)) -> 0.38254978 | R285: =IF(R158=0,"",ABS((R158-$BA158)/$BA158)) -> 0.44827536 | S285: =IF(S158=0,"",ABS((S158-$BA158)/$BA158)) -> 0.81617714 | ... AU285: =IF(AU158=0,"",ABS((AU158-$BA158)/$BA158)) -> 0.8321472 | AZ285: =MEDIAN($B158:$AU158) -> 0.049778851 | BA285: =PERCENTILE($B285:$AU285,0.9) -> 0.88218765 | BB285: =PERCENTILE($B285:$AU285,0.1) -> 0.26858571 | BC285: =MEDIAN($B285:$AU285) -> 0.5883118 | BD285: =PERCENTILE($B285:$AU285,0.8) -> 0.83903187
A286: 19542 | B286: =IF(B159=0,"",ABS((B159-$BA159)/$BA159)) -> 0.42673023 | C286: =IF(C159=0,"",ABS((C159-$BA159)/$BA159)) -> 0.16626377 | D286: =IF(D159=0,"",ABS((D159-$BA159)/$BA159)) -> 0.76239569 | E286: =IF(E159=0,"",ABS((E159-$BA159)/$BA159)) -> 1.3208384 | F286: =IF(F159=0,"",ABS((F159-$BA159)/$BA159)) -> 0.077921792 | G286: =IF(G159=0,"",ABS((G159-$BA159)/$BA159)) -> 0.50541761 | H286: =IF(H159=0,"",ABS((H159-$BA159)/$BA159)) -> 0.89886992 | I286: =IF(I159=0,"",ABS((I159-$BA159)/$BA159)) -> 0.70896503 | J286: =IF(J159=0,"",ABS((J159-$BA159)/$BA159)) -> 0.61211818 | L286: =IF(L159=0,"",ABS((L159-$BA159)/$BA159)) -> 0.43885755 | M286: =IF(M159=0,"",ABS((M159-$BA159)/$BA159)) -> 0.17556325 | N286: =IF(N159=0,"",ABS((N159-$BA159)/$BA159)) -> 0.19159321 | O286: =IF(O159=0,"",ABS((O159-$BA159)/$BA159)) -> 0.80423395 | P286: =IF(P159=0,"",ABS((P159-$BA159)/$BA159)) -> 0.54022734 | Q286: =IF(Q159=0,"",ABS((Q159-$BA159)/$BA159)) -> 0.39982384 | R286: =IF(R159=0,"",ABS((R159-$BA159)/$BA159)) -> 0.40998214 | S286: =IF(S159=0,"",ABS((S159-$BA159)/$BA159)) -> 0.84421404 | ... AU286: =IF(AU159=0,"",ABS((AU159-$BA159)/$BA159)) -> 1.039815 | AZ286: =MEDIAN($B159:$AU159) -> 0.053502759 | BA286: =PERCENTILE($B286:$AU286,0.9) -> 1.208429 | BB286: =PERCENTILE($B286:$AU286,0.1) -> 0.16508225 | BC286: =MEDIAN($B286:$AU286) -> 0.50541761 | BD286: =PERCENTILE($B286:$AU286,0.8) -> 0.81222997
A287: 19543 | B287: =IF(B160=0,"",ABS((B160-$BA160)/$BA160)) -> 0.34265483 | C287: =IF(C160=0,"",ABS((C160-$BA160)/$BA160)) -> 0.037836071 | D287: =IF(D160=0,"",ABS((D160-$BA160)/$BA160)) -> 0.6734873 | E287: =IF(E160=0,"",ABS((E160-$BA160)/$BA160)) -> 1.1876384 | F287: =IF(F160=0,"",ABS((F160-$BA160)/$BA160)) -> 0.034757875 | G287: =IF(G160=0,"",ABS((G160-$BA160)/$BA160)) -> 0.36138127 | H287: =IF(H160=0,"",ABS((H160-$BA160)/$BA160)) -> 0.90989893 | I287: =IF(I160=0,"",ABS((I160-$BA160)/$BA160)) -> 0.71062894 | J287: =IF(J160=0,"",ABS((J160-$BA160)/$BA160)) -> 0.64054571 | L287: =IF(L160=0,"",ABS((L160-$BA160)/$BA160)) -> 0.500019 | M287: =IF(M160=0,"",ABS((M160-$BA160)/$BA160)) -> 0.19522096 | N287: =IF(N160=0,"",ABS((N160-$BA160)/$BA160)) -> 0.27624884 | O287: =IF(O160=0,"",ABS((O160-$BA160)/$BA160)) -> 0.79053846 | P287: =IF(P160=0,"",ABS((P160-$BA160)/$BA160)) -> 0.67135902 | Q287: =IF(Q160=0,"",ABS((Q160-$BA160)/$BA160)) -> 0.4553191 | R287: =IF(R160=0,"",ABS((R160-$BA160)/$BA160)) -> 0.28654282 | S287: =IF(S160=0,"",ABS((S160-$BA160)/$BA160)) -> 0.86371673 | ... AU287: =IF(AU160=0,"",ABS((AU160-$BA160)/$BA160)) -> 0.94142662 | AZ287: =MEDIAN($B160:$AU160) -> 0.059461906 | BA287: =PERCENTILE($B287:$AU287,0.9) -> 1.0891537 | BB287: =PERCENTILE($B287:$AU287,0.1) -> 0.17148829 | BC287: =MEDIAN($B287:$AU287) -> 0.55144709 | BD287: =PERCENTILE($B287:$AU287,0.8) -> 0.82715621
A288: 19544 | B288: =IF(B161=0,"",ABS((B161-$BA161)/$BA161)) -> 0.16706047 | C288: =IF(C161=0,"",ABS((C161-$BA161)/$BA161)) -> 0.072288849 | D288: =IF(D161=0,"",ABS((D161-$BA161)/$BA161)) -> 0.47545997 | E288: =IF(E161=0,"",ABS((E161-$BA161)/$BA161)) -> 1.9056748 | F288: =IF(F161=0,"",ABS((F161-$BA161)/$BA161)) -> 0.021178179 | G288: =IF(G161=0,"",ABS((G161-$BA161)/$BA161)) -> 0.4263052 | H288: =IF(H161=0,"",ABS((H161-$BA161)/$BA161)) -> 0.92176675 | I288: =IF(I161=0,"",ABS((I161-$BA161)/$BA161)) -> 0.75165155 | J288: =IF(J161=0,"",ABS((J161-$BA161)/$BA161)) -> 0.6075995 | L288: =IF(L161=0,"",ABS((L161-$BA161)/$BA161)) -> 0.44862436 | M288: =IF(M161=0,"",ABS((M161-$BA161)/$BA161)) -> 0.18534597 | N288: =IF(N161=0,"",ABS((N161-$BA161)/$BA161)) -> 0.28430083 | O288: =IF(O161=0,"",ABS((O161-$BA161)/$BA161)) -> 0.80062888 | P288: =IF(P161=0,"",ABS((P161-$BA161)/$BA161)) -> 0.61305459 | Q288: =IF(Q161=0,"",ABS((Q161-$BA161)/$BA161)) -> 0.39943045 | R288: =IF(R161=0,"",ABS((R161-$BA161)/$BA161)) -> 0.23257166 | S288: =IF(S161=0,"",ABS((S161-$BA161)/$BA161)) -> 0.88377194 | ... AU288: =IF(AU161=0,"",ABS((AU161-$BA161)/$BA161)) -> 0.89999471 | AZ288: =MEDIAN($B161:$AU161) -> 0.068908246 | BA288: =PERCENTILE($B288:$AU288,0.9) -> 1.2091718 | BB288: =PERCENTILE($B288:$AU288,0.1) -> 0.092282537 | BC288: =MEDIAN($B288:$AU288) -> 0.44862436 | BD288: =PERCENTILE($B288:$AU288,0.8) -> 0.82889872
A289: 19545 | B289: =IF(B162=0,"",ABS((B162-$BA162)/$BA162)) -> 0.065461661 | C289: =IF(C162=0,"",ABS((C162-$BA162)/$BA162)) -> 0.048620343 | D289: =IF(D162=0,"",ABS((D162-$BA162)/$BA162)) -> 0.42818893 | E289: =IF(E162=0,"",ABS((E162-$BA162)/$BA162)) -> 1.711424 | F289: =IF(F162=0,"",ABS((F162-$BA162)/$BA162)) -> 0.12052838 | G289: =IF(G162=0,"",ABS((G162-$BA162)/$BA162)) -> 0.4635827 | H289: =IF(H162=0,"",ABS((H162-$BA162)/$BA162)) -> 0.89293084 | I289: =IF(I162=0,"",ABS((I162-$BA162)/$BA162)) -> 0.7753945 | J289: =IF(J162=0,"",ABS((J162-$BA162)/$BA162)) -> 0.48152563 | L289: =IF(L162=0,"",ABS((L162-$BA162)/$BA162)) -> 0.33835914 | M289: =IF(M162=0,"",ABS((M162-$BA162)/$BA162)) -> 0.092149439 | N289: =IF(N162=0,"",ABS((N162-$BA162)/$BA162)) -> 0.33658016 | O289: =IF(O162=0,"",ABS((O162-$BA162)/$BA162)) -> 0.79144736 | P289: =IF(P162=0,"",ABS((P162-$BA162)/$BA162)) -> 0.74769428 | Q289: =IF(Q162=0,"",ABS((Q162-$BA162)/$BA162)) -> 0.47819673 | R289: =IF(R162=0,"",ABS((R162-$BA162)/$BA162)) -> 0.28435148 | S289: =IF(S162=0,"",ABS((S162-$BA162)/$BA162)) -> 0.89394971 | ... AU289: =IF(AU162=0,"",ABS((AU162-$BA162)/$BA162)) -> 1.0412151 | AZ289: =MEDIAN($B162:$AU162) -> 0.080867494 | BA289: =PERCENTILE($B289:$AU289,0.9) -> 1.1017259 | BB289: =PERCENTILE($B289:$AU289,0.1) -> 0.079891564 | BC289: =MEDIAN($B289:$AU289) -> 0.4635827 | BD289: =PERCENTILE($B289:$AU289,0.8) -> 0.81567722
A290: 19546 | B290: =IF(B163=0,"",ABS((B163-$BA163)/$BA163)) -> 0.041539931 | C290: =IF(C163=0,"",ABS((C163-$BA163)/$BA163)) -> 0.24786412 | D290: =IF(D163=0,"",ABS((D163-$BA163)/$BA163)) -> 0.39719385 | E290: =IF(E163=0,"",ABS((E163-$BA163)/$BA163)) -> 1.6498832 | F290: =IF(F163=0,"",ABS((F163-$BA163)/$BA163)) -> 0.25249569 | G290: =IF(G163=0,"",ABS((G163-$BA163)/$BA163)) -> 0.51624819 | H290: =IF(H163=0,"",ABS((H163-$BA163)/$BA163)) -> 0.88946713 | I290: =IF(I163=0,"",ABS((I163-$BA163)/$BA163)) -> 0.78824928 | J290: =IF(J163=0,"",ABS((J163-$BA163)/$BA163)) -> 0.051807806 | L290: =IF(L163=0,"",ABS((L163-$BA163)/$BA163)) -> 0.32700025 | M290: =IF(M163=0,"",ABS((M163-$BA163)/$BA163)) -> 0.13060389 | N290: =IF(N163=0,"",ABS((N163-$BA163)/$BA163)) -> 0.38460313 | O290: =IF(O163=0,"",ABS((O163-$BA163)/$BA163)) -> 0.80620397 | P290: =IF(P163=0,"",ABS((P163-$BA163)/$BA163)) -> 1.1053442 | Q290: =IF(Q163=0,"",ABS((Q163-$BA163)/$BA163)) -> 0.30045285 | R290: =IF(R163=0,"",ABS((R163-$BA163)/$BA163)) -> 0.27102688 | S290: =IF(S163=0,"",ABS((S163-$BA163)/$BA163)) -> 0.89383422 | ... AU290: =IF(AU163=0,"",ABS((AU163-$BA163)/$BA163)) -> 0.97881252 | AZ290: =MEDIAN($B163:$AU163) -> 0.097743614 | BA290: =PERCENTILE($B290:$AU290,0.9) -> 1.087936 | BB290: =PERCENTILE($B290:$AU290,0.1) -> 0.14005458 | BC290: =MEDIAN($B290:$AU290) -> 0.40088967 | BD290: =PERCENTILE($B290:$AU290,0.8) -> 0.85059439
A291: 19547 | B291: =IF(B164=0,"",ABS((B164-$BA164)/$BA164)) -> 0.052248227 | C291: =IF(C164=0,"",ABS((C164-$BA164)/$BA164)) -> 0.21375983 | D291: =IF(D164=0,"",ABS((D164-$BA164)/$BA164)) -> 0.68750822 | E291: =IF(E164=0,"",ABS((E164-$BA164)/$BA164)) -> 1.3494231 | F291: =IF(F164=0,"",ABS((F164-$BA164)/$BA164)) -> 0.33354804 | G291: =IF(G164=0,"",ABS((G164-$BA164)/$BA164)) -> 0.5397263 | H291: =IF(H164=0,"",ABS((H164-$BA164)/$BA164)) -> 0.90546517 | I291: =IF(I164=0,"",ABS((I164-$BA164)/$BA164)) -> 0.36877768 | J291: =IF(J164=0,"",ABS((J164-$BA164)/$BA164)) -> 0.041789094 | L291: =IF(L164=0,"",ABS((L164-$BA164)/$BA164)) -> 0.42454626 | M291: =IF(M164=0,"",ABS((M164-$BA164)/$BA164)) -> 0.15804011 | N291: =IF(N164=0,"",ABS((N164-$BA164)/$BA164)) -> 0.38754079 | O291: =IF(O164=0,"",ABS((O164-$BA164)/$BA164)) -> 0.8296352 | P291: =IF(P164=0,"",ABS((P164-$BA164)/$BA164)) -> 0.84430709 | Q291: =IF(Q164=0,"",ABS((Q164-$BA164)/$BA164)) -> 0.13370896 | R291: =IF(R164=0,"",ABS((R164-$BA164)/$BA164)) -> 0.21053134 | S291: =IF(S164=0,"",ABS((S164-$BA164)/$BA164)) -> 0.33998881 | ... AU291: =IF(AU164=0,"",ABS((AU164-$BA164)/$BA164)) -> 0.97387718 | AZ291: =MEDIAN($B164:$AU164) -> 0.10695315 | BA291: =PERCENTILE($B291:$AU291,0.9) -> 0.94651237 | BB291: =PERCENTILE($B291:$AU291,0.1) -> 0.12866598 | BC291: =MEDIAN($B291:$AU291) -> 0.33998881 | BD291: =PERCENTILE($B291:$AU291,0.8) -> 0.84436713
A292: 19548 | B292: =IF(B165=0,"",ABS((B165-$BA165)/$BA165)) -> 0.017683009 | C292: =IF(C165=0,"",ABS((C165-$BA165)/$BA165)) -> 0.30614121 | D292: =IF(D165=0,"",ABS((D165-$BA165)/$BA165)) -> 0.79999368 | E292: =IF(E165=0,"",ABS((E165-$BA165)/$BA165)) -> 1.3133769 | F292: =IF(F165=0,"",ABS((F165-$BA165)/$BA165)) -> 0.33013053 | G292: =IF(G165=0,"",ABS((G165-$BA165)/$BA165)) -> 0.29905286 | H292: =IF(H165=0,"",ABS((H165-$BA165)/$BA165)) -> 0.91725862 | I292: =IF(I165=0,"",ABS((I165-$BA165)/$BA165)) -> 0.10741414 | J292: =IF(J165=0,"",ABS((J165-$BA165)/$BA165)) -> 0.16283008 | L292: =IF(L165=0,"",ABS((L165-$BA165)/$BA165)) -> 0.27544828 | M292: =IF(M165=0,"",ABS((M165-$BA165)/$BA165)) -> 0.14083052 | N292: =IF(N165=0,"",ABS((N165-$BA165)/$BA165)) -> 0.36355747 | O292: =IF(O165=0,"",ABS((O165-$BA165)/$BA165)) -> 0.84512944 | P292: =IF(P165=0,"",ABS((P165-$BA165)/$BA165)) -> 0.70538262 | Q292: =IF(Q165=0,"",ABS((Q165-$BA165)/$BA165)) -> 0.16386761 | R292: =IF(R165=0,"",ABS((R165-$BA165)/$BA165)) -> 0.092469868 | S292: =IF(S165=0,"",ABS((S165-$BA165)/$BA165)) -> 0.3943918 | ... AU292: =IF(AU165=0,"",ABS((AU165-$BA165)/$BA165)) -> 0.8394696 | AZ292: =MEDIAN($B165:$AU165) -> 0.12558181 | BA292: =PERCENTILE($B292:$AU292,0.9) -> 0.90101479 | BB292: =PERCENTILE($B292:$AU292,0.1) -> 0.052824897 | BC292: =MEDIAN($B292:$AU292) -> 0.30614121 | BD292: =PERCENTILE($B292:$AU292,0.8) -> 0.79814891
... A306: 19562 | B306: =IF(B179=0,"",ABS((B179-$BA179)/$BA179)) -> 0.16079768 | C306: =IF(C179=0,"",ABS((C179-$BA179)/$BA179)) -> 0.41094682 | D306: =IF(D179=0,"",ABS((D179-$BA179)/$BA179)) -> 0.76097803 | E306: =IF(E179=0,"",ABS((E179-$BA179)/$BA179)) -> 0.01933453 | F306: =IF(F179=0,"",ABS((F179-$BA179)/$BA179)) -> 0.10629737 | G306: =IF(G179=0,"",ABS((G179-$BA179)/$BA179)) -> 0.10679502 | H306: =IF(H179=0,"",ABS((H179-$BA179)/$BA179)) -> 0.36760801 | I306: =IF(I179=0,"",ABS((I179-$BA179)/$BA179)) -> 0.023079874 | J306: =IF(J179=0,"",ABS((J179-$BA179)/$BA179)) -> 0.29467856 | L306: =IF(L179=0,"",ABS((L179-$BA179)/$BA179)) -> 0.052481112 | M306: =IF(M179=0,"",ABS((M179-$BA179)/$BA179)) -> 0.13141635 | N306: =IF(N179=0,"",ABS((N179-$BA179)/$BA179)) -> 0.07120356 | O306: =IF(O179=0,"",ABS((O179-$BA179)/$BA179)) -> 0.27890898 | P306: =IF(P179=0,"",ABS((P179-$BA179)/$BA179)) -> 0.20702581 | Q306: =IF(Q179=0,"",ABS((Q179-$BA179)/$BA179)) -> 0.10888908 | R306: =IF(R179=0,"",ABS((R179-$BA179)/$BA179)) -> 0.10448758 | S306: =IF(S179=0,"",ABS((S179-$BA179)/$BA179)) -> 0.24557164 | ... AU306: =IF(AU179=0,"",ABS((AU179-$BA179)/$BA179)) -> 0.32667033 | AZ306: =MEDIAN($B179:$AU179) -> 0.42567932 | BA306: =PERCENTILE($B306:$AU306,0.9) -> 0.40750673 | BB306: =PERCENTILE($B306:$AU306,0.1) -> 0.045941463 | BC306: =MEDIAN($B306:$AU306) -> 0.13719893 | BD306: =PERCENTILE($B306:$AU306,0.8) -> 0.32677046
A307: 19563 | B307: =IF(B180=0,"",ABS((B180-$BA180)/$BA180)) -> 0.1565303 | C307: =IF(C180=0,"",ABS((C180-$BA180)/$BA180)) -> 0.4545877 | D307: =IF(D180=0,"",ABS((D180-$BA180)/$BA180)) -> 0.71336198 | E307: =IF(E180=0,"",ABS((E180-$BA180)/$BA180)) -> 0.043683079 | F307: =IF(F180=0,"",ABS((F180-$BA180)/$BA180)) -> 0.067166158 | G307: =IF(G180=0,"",ABS((G180-$BA180)/$BA180)) -> 0.09512726 | H307: =IF(H180=0,"",ABS((H180-$BA180)/$BA180)) -> 0.35707265 | I307: =IF(I180=0,"",ABS((I180-$BA180)/$BA180)) -> 0.044331326 | ... AU307: =IF(AU180=0,"",ABS((AU180-$BA180)/$BA180)) -> 0.25893492 | AZ307: =MEDIAN($B180:$AU180) -> 0.4443892 | BA307: =PERCENTILE($B307:$AU307,0.9) -> 0.37068041 | BB307: =PERCENTILE($B307:$AU307,0.1) -> 0.04331008 | BC307: =MEDIAN($B307:$AU307) -> 0.14643153 | BD307: =PERCENTILE($B307:$AU307,0.8) -> 0.29919004
A308: 19564 | B308: =IF(B181=0,"",ABS((B181-$BA181)/$BA181)) -> 0.16577025 | C308: =IF(C181=0,"",ABS((C181-$BA181)/$BA181)) -> 0.49128841 | D308: =IF(D181=0,"",ABS((D181-$BA181)/$BA181)) -> 0.66778123 | E308: =IF(E181=0,"",ABS((E181-$BA181)/$BA181)) -> 0.091230002 | F308: =IF(F181=0,"",ABS((F181-$BA181)/$BA181)) -> 0.077044285 | G308: =IF(G181=0,"",ABS((G181-$BA181)/$BA181)) -> 0.057418782 | H308: =IF(H181=0,"",ABS((H181-$BA181)/$BA181)) -> 0.35031674 | I308: =IF(I181=0,"",ABS((I181-$BA181)/$BA181)) -> 0.035200192 | ... AU308: =IF(AU181=0,"",ABS((AU181-$BA181)/$BA181)) -> 0.22644779 | AZ308: =MEDIAN($B181:$AU181) -> 0.46753868 | BA308: =PERCENTILE($B308:$AU308,0.9) -> 0.34867362 | BB308: =PERCENTILE($B308:$AU308,0.1) -> 0.036280455 | BC308: =MEDIAN($B308:$AU308) -> 0.1608905 | BD308: =PERCENTILE($B308:$AU308,0.8) -> 0.29458656
A309: 19565 | B309: =IF(B182=0,"",ABS((B182-$BA182)/$BA182)) -> 0.15396059 | C309: =IF(C182=0,"",ABS((C182-$BA182)/$BA182)) -> 0.46836973 | D309: =IF(D182=0,"",ABS((D182-$BA182)/$BA182)) -> 0.60645838 | E309: =IF(E182=0,"",ABS((E182-$BA182)/$BA182)) -> 0.13208517 | F309: =IF(F182=0,"",ABS((F182-$BA182)/$BA182)) -> 0.050476899 | G309: =IF(G182=0,"",ABS((G182-$BA182)/$BA182)) -> 0.046611405 | H309: =IF(H182=0,"",ABS((H182-$BA182)/$BA182)) -> 0.2883123 | I309: =IF(I182=0,"",ABS((I182-$BA182)/$BA182)) -> 0.084187326 | ... AU309: =IF(AU182=0,"",ABS((AU182-$BA182)/$BA182)) -> 0.18739484 | AZ309: =MEDIAN($B182:$AU182) -> 0.4971234 | BA309: =PERCENTILE($B309:$AU309,0.9) -> 0.33107706 | BB309: =PERCENTILE($B309:$AU309,0.1) -> 0.040444735 | BC309: =MEDIAN($B309:$AU309) -> 0.14244621 | BD309: =PERCENTILE($B309:$AU309,0.8) -> 0.23897669
A310: 19566 | B310: =IF(B183=0,"",ABS((B183-$BA183)/$BA183)) -> 0.14792822 | C310: =IF(C183=0,"",ABS((C183-$BA183)/$BA183)) -> 0.45238899 | D310: =IF(D183=0,"",ABS((D183-$BA183)/$BA183)) -> 0.57588631 | E310: =IF(E183=0,"",ABS((E183-$BA183)/$BA183)) -> 0.17812444 | F310: =IF(F183=0,"",ABS((F183-$BA183)/$BA183)) -> 0.080690854 | G310: =IF(G183=0,"",ABS((G183-$BA183)/$BA183)) -> 0.088018125 | H310: =IF(H183=0,"",ABS((H183-$BA183)/$BA183)) -> 0.31019582 | I310: =IF(I183=0,"",ABS((I183-$BA183)/$BA183)) -> 0.13444897 | ... AU310: =IF(AU183=0,"",ABS((AU183-$BA183)/$BA183)) -> 0.15357953 | AZ310: =MEDIAN($B183:$AU183) -> 0.51346557 | BA310: =PERCENTILE($B310:$AU310,0.9) -> 0.32125251 | BB310: =PERCENTILE($B310:$AU310,0.1) -> 0.040196476 | BC310: =MEDIAN($B310:$AU310) -> 0.1333168 | BD310: =PERCENTILE($B310:$AU310,0.8) -> 0.23906674
A311: 19567 | B311: =IF(B184=0,"",ABS((B184-$BA184)/$BA184)) -> 0.18015929 | C311: =IF(C184=0,"",ABS((C184-$BA184)/$BA184)) -> 0.47035965 | D311: =IF(D184=0,"",ABS((D184-$BA184)/$BA184)) -> 0.54154164 | E311: =IF(E184=0,"",ABS((E184-$BA184)/$BA184)) -> 0.20323448 | F311: =IF(F184=0,"",ABS((F184-$BA184)/$BA184)) -> 0.086624664 | G311: =IF(G184=0,"",ABS((G184-$BA184)/$BA184)) -> 0.14769464 | H311: =IF(H184=0,"",ABS((H184-$BA184)/$BA184)) -> 0.31983061 | I311: =IF(I184=0,"",ABS((I184-$BA184)/$BA184)) -> 0.15416101 | ... AU311: =IF(AU184=0,"",ABS((AU184-$BA184)/$BA184)) -> 0.12181702 | AZ311: =MEDIAN($B184:$AU184) -> 0.54516233 | BA311: =PERCENTILE($B311:$AU311,0.9) -> 0.32241318 | BB311: =PERCENTILE($B311:$AU311,0.1) -> 0.026782078 | BC311: =MEDIAN($B311:$AU311) -> 0.11643339 | BD311: =PERCENTILE($B311:$AU311,0.8) -> 0.23679893
A312: 19568 | B312: =IF(B185=0,"",ABS((B185-$BA185)/$BA185)) -> 0.187611 | C312: =IF(C185=0,"",ABS((C185-$BA185)/$BA185)) -> 0.44794908 | D312: =IF(D185=0,"",ABS((D185-$BA185)/$BA185)) -> 0.51695807 | E312: =IF(E185=0,"",ABS((E185-$BA185)/$BA185)) -> 0.17304664 | F312: =IF(F185=0,"",ABS((F185-$BA185)/$BA185)) -> 0.084540224 | G312: =IF(G185=0,"",ABS((G185-$BA185)/$BA185)) -> 0.15919662 | H312: =IF(H185=0,"",ABS((H185-$BA185)/$BA185)) -> 0.332714 | I312: =IF(I185=0,"",ABS((I185-$BA185)/$BA185)) -> 0.17392812 | ... AU312: =IF(AU185=0,"",ABS((AU185-$BA185)/$BA185)) -> 0.11146718 | AZ312: =MEDIAN($B185:$AU185) -> 0.5662209 | BA312: =PERCENTILE($B312:$AU312,0.9) -> 0.31133658 | BB312: =PERCENTILE($B312:$AU312,0.1) -> 0.022067543 | BC312: =MEDIAN($B312:$AU312) -> 0.11151898 | BD312: =PERCENTILE($B312:$AU312,0.8) -> 0.22229276
A313: 19569 | B313: =IF(B186=0,"",ABS((B186-$BA186)/$BA186)) -> 0.18826329 | C313: =IF(C186=0,"",ABS((C186-$BA186)/$BA186)) -> 0.41380156 | D313: =IF(D186=0,"",ABS((D186-$BA186)/$BA186)) -> 0.45602172 | E313: =IF(E186=0,"",ABS((E186-$BA186)/$BA186)) -> 0.055002473 | F313: =IF(F186=0,"",ABS((F186-$BA186)/$BA186)) -> 0.080632918 | G313: =IF(G186=0,"",ABS((G186-$BA186)/$BA186)) -> 0.12956923 | H313: =IF(H186=0,"",ABS((H186-$BA186)/$BA186)) -> 0.34082919 | I313: =IF(I186=0,"",ABS((I186-$BA186)/$BA186)) -> 0.16596983 | ... AU313: =IF(AU186=0,"",ABS((AU186-$BA186)/$BA186)) -> 0.083593226 | AZ313: =MEDIAN($B186:$AU186) -> 0.59513466 | BA313: =PERCENTILE($B313:$AU313,0.9) -> 0.30478883 | BB313: =PERCENTILE($B313:$AU313,0.1) -> 0.030121043 | BC313: =MEDIAN($B313:$AU313) -> 0.12394006 | BD313: =PERCENTILE($B313:$AU313,0.8) -> 0.22418587
A314: 19570 | B314: =IF(B187=0,"",ABS((B187-$BA187)/$BA187)) -> 0.16468855 | C314: =IF(C187=0,"",ABS((C187-$BA187)/$BA187)) -> 0.38434871 | D314: =IF(D187=0,"",ABS((D187-$BA187)/$BA187)) -> 0.40934682 | E314: =IF(E187=0,"",ABS((E187-$BA187)/$BA187)) -> 0.067988939 | F314: =IF(F187=0,"",ABS((F187-$BA187)/$BA187)) -> 0.08893632 | G314: =IF(G187=0,"",ABS((G187-$BA187)/$BA187)) -> 0.088439135 | H314: =IF(H187=0,"",ABS((H187-$BA187)/$BA187)) -> 0.34045886 | I314: =IF(I187=0,"",ABS((I187-$BA187)/$BA187)) -> 0.14228546 | ... AU314: =IF(AU187=0,"",ABS((AU187-$BA187)/$BA187)) -> 0.079452645 | AZ314: =MEDIAN($B187:$AU187) -> 0.61870843 | BA314: =PERCENTILE($B314:$AU314,0.9) -> 0.31028915 | BB314: =PERCENTILE($B314:$AU314,0.1) -> 0.038719391 | BC314: =MEDIAN($B314:$AU314) -> 0.10860402 | BD314: =PERCENTILE($B314:$AU314,0.8) -> 0.21398139
...

Sheet Coho w EM Fill-in
A1: ="Table 1. Daily weir counts and escapement estimates for Redoubt Lake coho salmon, 1953 through "&MAX(B3:AT3)&"." -> Table 1. Daily weir counts and escapement estimates for Redoubt Lake coho salmon, 1953 through 2024.
BC2: ="Data for Charting "&MAX(B3:AT3)+1&" esc. prediction" -> Data for Charting 2025 esc. prediction | BF2: Upper | BG2: Lower | BI2: 5-Year Running Averages:
A3: Date | B3: 1953 | C3: 1954 | D3: 1955 | E3: 1982 | F3: 1983 | G3: 1984 | H3: 1985 | I3: 1986 | J3: 1987 | K3: 1988 | L3: 1989 | M3: 1990 | N3: 1991 | O3: 1992 | P3: 1993 | Q3: 1994 | R3: 1995 | S3: 1996 | T3: 1997 | U3: 1999 | V3: 2000 | W3: 2001 | X3: 2002 | Y3: 2003 | Z3: 2004 | AA3: 2005 | AB3: 2006 | AC3: 2007 | AD3: 2008 | AE3: 2009 | AF3: 2010 | AG3: 2011 | AH3: 2012 | AI3: 2013 | AJ3: 2014 | AK3: 2015 | AL3: 2016 | AM3: 2017 | AN3: 2018 | AO3: 2019 | AP3: 2020 | AQ3: 2021 | AR3: 2022 | AS3: 2023 | AT3: 2024 | AV3: Years w/ Weir Counts 1953-2005 | AW3: Percent w/ Counts 1953-2005 | AX3: ="Avg. 1953-"&MAX(B3:AT3) -> Avg. 1953-2024 | AY3: ="Min. 1953-"&MAX(B3:AT3) -> Min. 1953-2024 | AZ3: ="Max. 1953-"&MAX(B3:AT3) -> Max. 1953-2024 | BA3: Average Daily % of Run | BB3: Average Cum. % of Run | BC3: =A3 -> Date | BD3: ="Ave. Cum. Escapement (1953-1955 and 1982-"&MAX(B3:AT3)&")" -> Ave. Cum. Escapement (1953-1955 and 1982-2024) | BE3: ="Cumulative "&MAX(B3:AT3)+1&" Escapement = ("&ROUND(MAX(BE4:BE123),0)&")" -> Cumulative 2025 Escapement = (0) | BF3: (w/ Mean Absolute % Error) | BH3: ="Esc. Prediction for "&MAX(B3:AT3)+1&" = ("&FIXED(VLOOKUP(Currentyear!C4,'Coho w EM Fill-in'!BC4:BH123,6),0)&")" -> #VALUE! | BI3: Rho | BJ3: P-value | BK3: N | BL3: Relative Change in Predictions for Current Year | BM3: Relative Error in Prediction Model
A4: =Currentyear!K1 -> 45818 | B4: 0 | C4: 0 | D4: 0 | E4: 0 | F4: 0 | G4: 0 | H4: 0 | I4: 0 | J4: 0 | K4: 0 | L4: 0 | M4: 0 | N4: 0 | O4: 0 | P4: 0 | Q4: 0 | R4: 0 | S4: 0 | T4: 0 | U4: 0 | V4: 0 | W4: 0 | X4: 0 | Y4: 0 | Z4: 0 | AA4: 0 | AB4: 0 | AC4: 0 | AD4: 0 | AE4: 0 | AF4: 0 | AG4: 0 | AH4: 0 | AI4: 0 | AJ4: 0 | AK4: 0 | AL4: 0 | AM4: 0 | AN4: 0 | AO4: 0 | AP4: 0 | AQ4: 0 | AR4: 0 | AS4: 0 | AT4: 0 | AV4: 3 | AW4: 0.11538462 | AX4: =AVERAGE(B4:AP4) -> 0 | AY4: =MIN(B4:AP4) -> 0 | AZ4: =MAX(B4:AP4) -> 0 | BA4: =SUM(B4:AP4)/SUM($B$4:$AP$123) -> 0 | BB4: =BA4 -> 0 | BC4: =A4 -> 45818 | BD4: =AX4 -> 0 | BE4: =Currentyear!E7 | BF4: =IF(ISERR(BG4/AZ4),"",($BE4/$BB4)*(1+$AZ263)) | BG4: =IF(ISERR(BH4/BA4),"",($BE4/$BB4)*(1-$AZ263)) | BH4: =IF(ISERR(BE4/BB4),"",$BE4/$BB4)
A5: =A4+1 -> 45819 | B5: 0 | C5: 0 | D5: 0 | E5: 0 | F5: 0 | G5: 0 | H5: 0 | I5: 0 | J5: 0 | K5: 0 | L5: 0 | M5: 0 | N5: 0 | O5: 0 | P5: 0 | Q5: 0 | R5: 0 | S5: 0 | T5: 0 | U5: 0 | V5: 0 | W5: 0 | X5: 0 | Y5: 0 | Z5: 0 | AA5: 0 | AB5: 0 | AC5: 0 | AD5: 0 | AE5: 0 | AF5: 0 | AG5: 0 | AH5: 0 | AI5: 0 | AJ5: 0 | AK5: 0 | AL5: 0 | AM5: 0 | AN5: 0 | AO5: 0 | AP5: 0 | AQ5: 0 | AR5: 0 | AS5: 0 | AT5: 0 | AV5: 4 | AW5: 0.15384615 | AX5: =AVERAGE(B5:AP5) -> 0 | AY5: =MIN(B5:AP5) -> 0 | AZ5: =MAX(B5:AP5) -> 0 | BA5: =SUM(B5:AP5)/SUM($B$4:$AP$123) -> 0 | BB5: =BA5+BB4 -> 0 | BC5: =A5 -> 45819 | BD5: =AX5+BD4 -> 0 | BE5: =Currentyear!E8 | BF5: =IF(ISERR(BG5/AZ5),"",($BE5/$BB5)*(1+$AZ264)) | BG5: =IF(ISERR(BH5/BA5),"",($BE5/$BB5)*(1-$AZ264)) | BH5: =IF(ISERR(BE5/BB5),"",$BE5/$BB5)
A6: =A5+1 -> 45820 | B6: 0 | C6: 0 | D6: 0 | E6: 0 | F6: 0 | G6: 0 | H6: 0 | I6: 0 | J6: 0 | K6: 0 | L6: 0 | M6: 0 | N6: 0 | O6: 0 | P6: 0 | Q6: 0 | R6: 0 | S6: 0 | T6: 0 | U6: 0 | V6: 0 | W6: 0 | X6: 0 | Y6: 0 | Z6: 0 | AA6: 0 | AB6: 0 | AC6: 0 | AD6: 0 | AE6: 0 | AF6: 0 | AG6: 0 | AH6: 0 | AI6: 0 | AJ6: 0 | AK6: 0 | AL6: 0 | AM6: 0 | AN6: 0 | AO6: 0 | AP6: 0 | AQ6: 0 | AR6: 0 | AS6: 0 | AT6: 0 | AV6: 4 | AW6: 0.15384615 | AX6: =AVERAGE(B6:AP6) -> 0 | AY6: =MIN(B6:AP6) -> 0 | AZ6: =MAX(B6:AP6) -> 0 | BA6: =SUM(B6:AP6)/SUM($B$4:$AP$123) -> 0 | BB6: =BA6+BB5 -> 0 | BC6: =A6 -> 45820 | BD6: =AX6+BD5 -> 0 | BE6: =Currentyear!E9 | BF6: =IF(ISERR(BG6/AZ6),"",($BE6/$BB6)*(1+$AZ265)) | BG6: =IF(ISERR(BH6/BA6),"",($BE6/$BB6)*(1-$AZ265)) | BH6: =IF(ISERR(BE6/BB6),"",$BE6/$BB6)
A7: =A6+1 -> 45821 | B7: 0 | C7: 0 | D7: 0 | E7: 0 | F7: 0 | G7: 0 | H7: 0 | I7: 0 | J7: 0 | K7: 0 | L7: 0 | M7: 0 | N7: 0 | O7: 0 | P7: 0 | Q7: 0 | R7: 0 | S7: 0 | T7: 0 | U7: 0 | V7: 0 | W7: 0 | X7: 0 | Y7: 0 | Z7: 0 | AA7: 0 | AB7: 0 | AC7: 0 | AD7: 0 | AE7: 0 | AF7: 0 | AG7: 0 | AH7: 0 | AI7: 0 | AJ7: 0 | AK7: 0 | AL7: 0 | AM7: 0 | AN7: 0 | AO7: 0 | AP7: 0 | AQ7: 0 | AR7: 0 | AS7: 0 | AT7: 0 | AV7: 7 | AW7: 0.26923077 | AX7: =AVERAGE(B7:AP7) -> 0 | AY7: =MIN(B7:AP7) -> 0 | AZ7: =MAX(B7:AP7) -> 0 | BA7: =SUM(B7:AP7)/SUM($B$4:$AP$123) -> 0 | BB7: =BA7+BB6 -> 0 | BC7: =A7 -> 45821 | BD7: =AX7+BD6 -> 0 | BE7: =Currentyear!E10 -> 0 | BF7: =IF(ISERR(BG7/AZ7),"",($BE7/$BB7)*(1+$AZ266)) | BG7: =IF(ISERR(BH7/BA7),"",($BE7/$BB7)*(1-$AZ266)) | BH7: =IF(ISERR(BE7/BB7),"",$BE7/$BB7)
A8: =A7+1 -> 45822 | B8: 0 | C8: 0 | D8: 0 | E8: 0 | F8: 0 | G8: 0 | H8: 0 | I8: 0 | J8: 0 | K8: 0 | L8: 0 | M8: 0 | N8: 0 | O8: 0 | P8: 0 | Q8: 0 | R8: 0 | S8: 0 | T8: 0 | U8: 0 | V8: 0 | W8: 0 | X8: 0 | Y8: 0 | Z8: 0 | AA8: 0 | AB8: 0 | AC8: 0 | AD8: 0 | AE8: 0 | AF8: 0 | AG8: 0 | AH8: 0 | AI8: 0 | AJ8: 0 | AK8: 0 | AL8: 0 | AM8: 0 | AN8: 0 | AO8: 0 | AP8: 0 | AQ8: 0 | AR8: 0 | AS8: 0 | AT8: 0 | AV8: 8 | AW8: 0.30769231 | AX8: =AVERAGE(B8:AP8) -> 0 | AY8: =MIN(B8:AP8) -> 0 | AZ8: =MAX(B8:AP8) -> 0 | BA8: =SUM(B8:AP8)/SUM($B$4:$AP$123) -> 0 | BB8: =BA8+BB7 -> 0 | BC8: =A8 -> 45822 | BD8: =AX8+BD7 -> 0 | BE8: =Currentyear!E11 -> 0 | BF8: =IF(ISERR(BG8/AZ8),"",($BE8/$BB8)*(1+$AZ267)) | BG8: =IF(ISERR(BH8/BA8),"",($BE8/$BB8)*(1-$AZ267)) | BH8: =IF(ISERR(BE8/BB8),"",$BE8/$BB8)
A9: =A8+1 -> 45823 | B9: 0 | C9: 0 | D9: 0 | E9: 0 | F9: 0 | G9: 0 | H9: 0 | I9: 0 | J9: 0 | K9: 0 | L9: 0 | M9: 0 | N9: 0 | O9: 0 | P9: 0 | Q9: 0 | R9: 0 | S9: 0 | T9: 0 | U9: 0 | V9: 0 | W9: 0 | X9: 0 | Y9: 0 | Z9: 0 | AA9: 0 | AB9: 0 | AC9: 0 | AD9: 0 | AE9: 0 | AF9: 0 | AG9: 0 | AH9: 0 | AI9: 0 | AJ9: 0 | AK9: 0 | AL9: 0 | AM9: 0 | AN9: 0 | AO9: 0 | AP9: 0 | AQ9: 0 | AR9: 0 | AS9: 0 | AT9: 0 | AV9: 11 | AW9: 0.42307692 | AX9: =AVERAGE(B9:AP9) -> 0 | AY9: =MIN(B9:AP9) -> 0 | AZ9: =MAX(B9:AP9) -> 0 | BA9: =SUM(B9:AP9)/SUM($B$4:$AP$123) -> 0 | BB9: =BA9+BB8 -> 0 | BC9: =A9 -> 45823 | BD9: =AX9+BD8 -> 0 | BE9: =Currentyear!E12 | BF9: =IF(ISERR(BG9/AZ9),"",($BE9/$BB9)*(1+$AZ268)) | BG9: =IF(ISERR(BH9/BA9),"",($BE9/$BB9)*(1-$AZ268)) | BH9: =IF(ISERR(BE9/BB9),"",$BE9/$BB9)
A10: =A9+1 -> 45824 | B10: 0 | C10: 0 | D10: 0 | E10: 0 | F10: 0 | G10: 0 | H10: 0 | I10: 0 | J10: 0 | K10: 0 | L10: 0 | M10: 0 | N10: 0 | O10: 0 | P10: 0 | Q10: 0 | R10: 0 | S10: 0 | T10: 0 | U10: 0 | V10: 0 | W10: 0 | X10: 0 | Y10: 0 | Z10: 0 | AA10: 0 | AB10: 0 | AC10: 0 | AD10: 0 | AE10: 0 | AF10: 0 | AG10: 0 | AH10: 0 | AI10: 0 | AJ10: 0 | AK10: 0 | AL10: 0 | AM10: 0 | AN10: 0 | AO10: 0 | AP10: 0 | AQ10: 0 | AR10: 0 | AS10: 0 | AT10: 0 | AV10: 13 | AW10: 0.5 | AX10: =AVERAGE(B10:AP10) -> 0 | AY10: =MIN(B10:AP10) -> 0 | AZ10: =MAX(B10:AP10) -> 0 | BA10: =SUM(B10:AP10)/SUM($B$4:$AP$123) -> 0 | BB10: =BA10+BB9 -> 0 | BC10: =A10 -> 45824 | BD10: =AX10+BD9 -> 0 | BE10: =Currentyear!E13 | BF10: =IF(ISERR(BG10/AZ10),"",($BE10/$BB10)*(1+$AZ269)) | BG10: =IF(ISERR(BH10/BA10),"",($BE10/$BB10)*(1-$AZ269)) | BH10: =IF(ISERR(BE10/BB10),"",$BE10/$BB10)
A11: =A10+1 -> 45825 | B11: 0 | C11: 0 | D11: 0 | E11: 0 | F11: 0 | G11: 0 | H11: 0 | I11: 0 | J11: 0 | K11: 0 | L11: 0 | M11: 0 | N11: 0 | O11: 0 | P11: 0 | Q11: 0 | R11: 0 | S11: 0 | T11: 0 | U11: 0 | V11: 0 | W11: 0 | X11: 0 | Y11: 0 | Z11: 0 | AA11: 0 | AB11: 0 | AC11: 0 | AD11: 0 | AE11: 0 | AF11: 0 | AG11: 0 | AH11: 0 | AI11: 0 | AJ11: 0 | AK11: 0 | AL11: 0 | AM11: 0 | AN11: 0 | AO11: 0 | AP11: 0 | AQ11: 0 | AR11: 0 | AS11: 0 | AT11: 0 | AV11: 13 | AW11: 0.5 | AX11: =AVERAGE(B11:AP11) -> 0 | AY11: =MIN(B11:AP11) -> 0 | AZ11: =MAX(B11:AP11) -> 0 | BA11: =SUM(B11:AP11)/SUM($B$4:$AP$123) -> 0 | BB11: =BA11+BB10 -> 0 | BC11: =A11 -> 45825 | BD11: =AX11+BD10 -> 0 | BE11: =Currentyear!E14 | BF11: =IF(ISERR(BG11/AZ11),"",($BE11/$BB11)*(1+$AZ270)) | BG11: =IF(ISERR(BH11/BA11),"",($BE11/$BB11)*(1-$AZ270)) | BH11: =IF(ISERR(BE11/BB11),"",$BE11/$BB11) | BI11: {=[1]!daniels(BH7:BH11,1)} -> #NAME? | BJ11: #NAME? | BK11: #NAME? | BL11: =(BH11-AVERAGE(BH7:BH11))/AVERAGE(BH7:BH11) -> #VALUE! | BM11: =(BF11-BH11)/BH11 -> #VALUE!
A12: =A11+1 -> 45826 | B12: 0 | C12: 0 | D12: 0 | E12: 0 | F12: 0 | G12: 0 | H12: 0 | I12: 0 | J12: 0 | K12: 0 | L12: 0 | M12: 0 | N12: 0 | O12: 0 | P12: 0 | Q12: 0 | R12: 0 | S12: 0 | T12: 0 | U12: 0 | V12: 0 | W12: 0 | X12: 0 | Y12: 0 | Z12: 0 | AA12: 0 | AB12: 0 | AC12: 0 | AD12: 0 | AE12: 0 | AF12: 0 | AG12: 0 | AH12: 0 | AI12: 0 | AJ12: 0 | AK12: 0 | AL12: 0 | AM12: 0 | AN12: 0 | AO12: 0 | AP12: 0 | AQ12: 0 | AR12: 0 | AS12: 0 | AT12: 0 | AV12: 14 | AW12: 0.53846154 | AX12: =AVERAGE(B12:AP12) -> 0 | AY12: =MIN(B12:AP12) -> 0 | AZ12: =MAX(B12:AP12) -> 0 | BA12: =SUM(B12:AP12)/SUM($B$4:$AP$123) -> 0 | BB12: =BA12+BB11 -> 0 | BC12: =A12 -> 45826 | BD12: =AX12+BD11 -> 0 | BE12: =Currentyear!E15 | BF12: =IF(ISERR(BG12/AZ12),"",($BE12/$BB12)*(1+$AZ271)) | BG12: =IF(ISERR(BH12/BA12),"",($BE12/$BB12)*(1-$AZ271)) | BH12: =IF(ISERR(BE12/BB12),"",$BE12/$BB12) | BI12: {=[1]!daniels(BH8:BH12,1)} -> #NAME? | BJ12: #NAME? | BK12: #NAME? | BL12: =(BH12-AVERAGE(BH8:BH12))/AVERAGE(BH8:BH12) -> #VALUE! | BM12: =(BF12-BH12)/BH12 -> #VALUE!
A13: =A12+1 -> 45827 | B13: 0 | C13: 0 | D13: 0 | E13: 0 | F13: 0 | G13: 0 | H13: 0 | I13: 0 | J13: 0 | K13: 0 | L13: 0 | M13: 0 | N13: 0 | O13: 0 | P13: 0 | Q13: 0 | R13: 0 | S13: 0 | T13: 0 | U13: 0 | V13: 0 | W13: 0 | X13: 0 | Y13: 0 | Z13: 0 | AA13: 0 | AB13: 0 | AC13: 0 | AD13: 0 | AE13: 0 | AF13: 0 | AG13: 0 | AH13: 0 | AI13: 0 | AJ13: 0 | AK13: 0 | AL13: 0 | AM13: 0 | AN13: 0 | AO13: 0 | AP13: 0 | AQ13: 0 | AR13: 0 | AS13: 0 | AT13: 0 | AV13: 16 | AW13: 0.61538462 | AX13: =AVERAGE(B13:AP13) -> 0 | AY13: =MIN(B13:AP13) -> 0 | AZ13: =MAX(B13:AP13) -> 0 | BA13: =SUM(B13:AP13)/SUM($B$4:$AP$123) -> 0 | BB13: =BA13+BB12 -> 0 | BC13: =A13 -> 45827 | BD13: =AX13+BD12 -> 0 | BE13: =Currentyear!E16 | BF13: =IF(ISERR(BG13/AZ13),"",($BE13/$BB13)*(1+$AZ272)) | BG13: =IF(ISERR(BH13/BA13),"",($BE13/$BB13)*(1-$AZ272)) | BH13: =IF(ISERR(BE13/BB13),"",$BE13/$BB13) | BI13: {=[1]!daniels(BH9:BH13,1)} -> #NAME? | BJ13: #NAME? | BK13: #NAME? | BL13: =(BH13-AVERAGE(BH9:BH13))/AVERAGE(BH9:BH13) -> #VALUE! | BM13: =(BF13-BH13)/BH13 -> #VALUE!
A14: =A13+1 -> 45828 | B14: 0 | C14: 0 | D14: 0 | E14: 0 | F14: 0 | G14: 0 | H14: 0 | I14: 0 | J14: 0 | K14: 0 | L14: 0 | M14: 0 | N14: 0 | O14: 0 | P14: 0 | Q14: 0 | R14: 0 | S14: 0 | T14: 0 | U14: 0 | V14: 0 | W14: 0 | X14: 0 | Y14: 0 | Z14: 0 | AA14: 0 | AB14: 0 | AC14: 0 | AD14: 0 | AE14: 0 | AF14: 0 | AG14: 0 | AH14: 0 | AI14: 0 | AJ14: 0 | AK14: 0 | AL14: 0 | AM14: 0 | AN14: 0 | AO14: 0 | AP14: 0 | AQ14: 0 | AR14: 0 | AS14: 0 | AT14: 0 | AV14: 18 | AW14: 0.69230769 | AX14: =AVERAGE(B14:AP14) -> 0 | AY14: =MIN(B14:AP14) -> 0 | AZ14: =MAX(B14:AP14) -> 0 | BA14: =SUM(B14:AP14)/SUM($B$4:$AP$123) -> 0 | BB14: =BA14+BB13 -> 0 | BC14: =A14 -> 45828 | BD14: =AX14+BD13 -> 0 | BE14: =Currentyear!E17 | BF14: =IF(ISERR(BG14/AZ14),"",($BE14/$BB14)*(1+$AZ273)) | BG14: =IF(ISERR(BH14/BA14),"",($BE14/$BB14)*(1-$AZ273)) | BH14: =IF(ISERR(BE14/BB14),"",$BE14/$BB14) | BI14: {=[1]!daniels(BH10:BH14,1)} -> #NAME? | BJ14: #NAME? | BK14: #NAME? | BL14: =(BH14-AVERAGE(BH10:BH14))/AVERAGE(BH10:BH14) -> #VALUE! | BM14: =(BF14-BH14)/BH14 -> #VALUE!
A15: =A14+1 -> 45829 | B15: 0 | C15: 0 | D15: 0 | E15: 0 | F15: 0 | G15: 0 | H15: 0 | I15: 0 | J15: 0 | K15: 0 | L15: 0 | M15: 0 | N15: 0 | O15: 0 | P15: 0 | Q15: 0 | R15: 0 | S15: 0 | T15: 0 | U15: 0 | V15: 0 | W15: 0 | X15: 0 | Y15: 0 | Z15: 0 | AA15: 0 | AB15: 0 | AC15: 0 | AD15: 0 | AE15: 0 | AF15: 0 | AG15: 0 | AH15: 0 | AI15: 0 | AJ15: 0 | AK15: 0 | AL15: 0 | AM15: 0 | AN15: 0 | AO15: 0 | AP15: 0 | AQ15: 0 | AR15: 0 | AS15: 0 | AT15: 0 | AV15: 19 | AW15: 0.73076923 | AX15: =AVERAGE(B15:AP15) -> 0 | AY15: =MIN(B15:AP15) -> 0 | AZ15: =MAX(B15:AP15) -> 0 | BA15: =SUM(B15:AP15)/SUM($B$4:$AP$123) -> 0 | BB15: =BA15+BB14 -> 0 | BC15: =A15 -> 45829 | BD15: =AX15+BD14 -> 0 | BE15: =Currentyear!E18 | BF15: =IF(ISERR(BG15/AZ15),"",($BE15/$BB15)*(1+$AZ274)) | BG15: =IF(ISERR(BH15/BA15),"",($BE15/$BB15)*(1-$AZ274)) | BH15: =IF(ISERR(BE15/BB15),"",$BE15/$BB15) | BI15: {=[1]!daniels(BH11:BH15,1)} -> #NAME? | BJ15: #NAME? | BK15: #NAME? | BL15: =(BH15-AVERAGE(BH11:BH15))/AVERAGE(BH11:BH15) -> #VALUE! | BM15: =(BF15-BH15)/BH15 -> #VALUE!
A16: =A15+1 -> 45830 | B16: 0 | C16: 0 | D16: 0 | E16: 0 | F16: 0 | G16: 0 | H16: 0 | I16: 0 | J16: 0 | K16: 0 | L16: 0 | M16: 0 | N16: 0 | O16: 0 | P16: 0 | Q16: 0 | R16: 0 | S16: 0 | T16: 0 | U16: 0 | V16: 0 | W16: 0 | X16: 0 | Y16: 0 | Z16: 0 | AA16: 0 | AB16: 0 | AC16: 0 | AD16: 0 | AE16: 0 | AF16: 0 | AG16: 0 | AH16: 0 | AI16: 0 | AJ16: 0 | AK16: 0 | AL16: 0 | AM16: 0 | AN16: 0 | AO16: 0 | AP16: 0 | AQ16: 0 | AR16: 0 | AS16: 0 | AT16: 0 | AV16: 21 | AW16: 0.80769231 | AX16: =AVERAGE(B16:AP16) -> 0 | AY16: =MIN(B16:AP16) -> 0 | AZ16: =MAX(B16:AP16) -> 0 | BA16: =SUM(B16:AP16)/SUM($B$4:$AP$123) -> 0 | BB16: =BA16+BB15 -> 0 | BC16: =A16 -> 45830 | BD16: =AX16+BD15 -> 0 | BE16: =Currentyear!E19 | BF16: =IF(ISERR(BG16/AZ16),"",($BE16/$BB16)*(1+$AZ275)) | BG16: =IF(ISERR(BH16/BA16),"",($BE16/$BB16)*(1-$AZ275)) | BH16: =IF(ISERR(BE16/BB16),"",$BE16/$BB16) | BI16: {=[1]!daniels(BH12:BH16,1)} -> #NAME? | BJ16: #NAME? | BK16: #NAME? | BL16: =(BH16-AVERAGE(BH12:BH16))/AVERAGE(BH12:BH16) -> #VALUE! | BM16: =(BF16-BH16)/BH16 -> #VALUE!
A17: =A16+1 -> 45831 | B17: 0 | C17: 0 | D17: 0 | E17: 0 | F17: 0 | G17: 0 | H17: 0 | I17: 0 | J17: 0 | K17: 0 | L17: 0 | M17: 0 | N17: 0 | O17: 0 | P17: 0 | Q17: 0 | R17: 0 | S17: 0 | T17: 0 | U17: 0 | V17: 0 | W17: 0 | X17: 0 | Y17: 0 | Z17: 0 | AA17: 0 | AB17: 0 | AC17: 0 | AD17: 0 | AE17: 0 | AF17: 0 | AG17: 0 | AH17: 0 | AI17: 0 | AJ17: 0 | AK17: 0 | AL17: 0 | AM17: 0 | AN17: 0 | AO17: 0 | AP17: 0 | AQ17: 0 | AR17: 0 | AS17: 0 | AT17: 0 | AV17: 22 | AW17: 0.84615385 | AX17: =AVERAGE(B17:AP17) -> 0 | AY17: =MIN(B17:AP17) -> 0 | AZ17: =MAX(B17:AP17) -> 0 | BA17: =SUM(B17:AP17)/SUM($B$4:$AP$123) -> 0 | BB17: =BA17+BB16 -> 0 | BC17: =A17 -> 45831 | BD17: =AX17+BD16 -> 0 | BE17: =Currentyear!E20 | BF17: =IF(ISERR(BG17/AZ17),"",($BE17/$BB17)*(1+$AZ276)) | BG17: =IF(ISERR(BH17/BA17),"",($BE17/$BB17)*(1-$AZ276)) | BH17: =IF(ISERR(BE17/BB17),"",$BE17/$BB17) | BI17: {=[1]!daniels(BH13:BH17,1)} -> #NAME? | BJ17: #NAME? | BK17: #NAME? | BL17: =(BH17-AVERAGE(BH13:BH17))/AVERAGE(BH13:BH17) -> #VALUE! | BM17: =(BF17-BH17)/BH17 -> #VALUE!
A18: =A17+1 -> 45832 | B18: 2 | C18: 0.1321949 | D18: 0.065790117 | E18: 0.023152916 | F18: 0.043121192 | G18: 0.093179809 | H18: 0.040870545 | I18: 0.078047533 | J18: 0.068624315 | K18: 0.076996014 | L18: 0.0054374311 | M18: 0.038656766 | N18: 0.10242937 | O18: 0.21473078 | P18: 0.044240491 | Q18: 0.061015112 | R18: 0.15685248 | S18: 0.067710842 | T18: 0.072158647 | U18: 0.054113429 | V18: 0.13157643 | W18: 0.14305845 | X18: 0.23461084 | Y18: 0.072833164 | Z18: 0.10587326 | AA18: 0.097721485 | AB18: 0.2780307 | AC18: 0.16928533 | AD18: 0.25146353 | AE18: 0.14336401 | AF18: 0.12988256 | AG18: 0.11425555 | AH18: 0.11448525 | AI18: 0.10665574 | AJ18: 0 | AK18: 0 | AL18: 0 | AM18: 0 | AN18: 0 | AO18: 0 | AP18: 0 | AQ18: 0 | AR18: 0 | AS18: 0 | AT18: 0 | AV18: 22 | AW18: 0.84615385 | AX18: =AVERAGE(B18:AP18) -> 0.13493705 | AY18: =MIN(B18:AP18) -> 0 | AZ18: =MAX(B18:AP18) -> 2 | BA18: =SUM(B18:AP18)/SUM($B$4:$AP$123) -> 2.5277332e-05 | BB18: =BA18+BB17 -> 2.5277332e-05 | BC18: =A18 -> 45832 | BD18: =AX18+BD17 -> 0.13493705 | BE18: =Currentyear!E21 | BF18: =IF(ISERR(BG18/AZ18),"",($BE18/$BB18)*(1+$AZ277)) | BG18: =IF(ISERR(BH18/BA18),"",($BE18/$BB18)*(1-$AZ277)) | BH18: =IF(ISERR(BE18/BB18),"",$BE18/$BB18) | BI18: {=[1]!daniels(BH14:BH18,1)} -> #NAME? | BJ18: #NAME? | BK18: #NAME? | BL18: =(BH18-AVERAGE(BH14:BH18))/AVERAGE(BH14:BH18) -> #VALUE! | BM18: =(BF18-BH18)/BH18 -> #VALUE!
A19: =A18+1 -> 45833 | B19: 4 | C19: 0.30824116 | D19: 0.15340411 | E19: 0.053986128 | F19: 0.10054663 | G19: 0.21726969 | H19: 0.095298924 | I19: 0.15436687 | J19: 0.13209383 | K19: 0.14820838 | L19: 0.012972441 | M19: 0.092226066 | N19: 0.24437304 | O19: 0.5123001 | P19: 0.10554808 | Q19: 0.14556876 | R19: 0.37421667 | S19: 0.16154383 | T19: 0.17215553 | U19: 0.12910349 | V19: 0.31391483 | W19: 0.34130931 | X19: 0.4515986 | Y19: 0.17376578 | Z19: 0.25259339 | AA19: 0.23314514 | AB19: 0.66333176 | AC19: 0.40388564 | AD19: 0.59995081 | AE19: 1 | AF19: 0.301112 | AG19: 0.26488371 | AH19: 0.26541665 | AI19: 0.2472655 | AJ19: 0 | AK19: 0 | AL19: 0 | AM19: 0 | AN19: 0 | AO19: 0 | AP19: 0 | AQ19: 0 | AR19: 0 | AS19: 0 | AT19: 0 | AV19: 23 | AW19: 0.88461538 | AX19: =AVERAGE(B19:AP19) -> 0.31281944 | AY19: =MIN(B19:AP19) -> 0 | AZ19: =MAX(B19:AP19) -> 4 | BA19: =SUM(B19:AP19)/SUM($B$4:$AP$123) -> 5.8599479e-05 | BB19: =BA19+BB18 -> 8.3876811e-05 | BC19: =A19 -> 45833 | BD19: =AX19+BD18 -> 0.44775648 | BE19: =Currentyear!E22 | BF19: =IF(ISERR(BG19/AZ19),"",($BE19/$BB19)*(1+$AZ278)) | BG19: =IF(ISERR(BH19/BA19),"",($BE19/$BB19)*(1-$AZ278)) | BH19: =IF(ISERR(BE19/BB19),"",$BE19/$BB19) | BI19: {=[1]!daniels(BH15:BH19,1)} -> #NAME? | BJ19: #NAME? | BK19: #NAME? | BL19: =(BH19-AVERAGE(BH15:BH19))/AVERAGE(BH15:BH19) -> #VALUE! | BM19: =(BF19-BH19)/BH19 -> #VALUE!
A20: =A19+1 -> 45834 | B20: 3 | C20: 0.18474266 | D20: 0.091941961 | E20: 0.032356312 | F20: 0.060262131 | G20: 0.13021963 | H20: 0.057117009 | I20: 0.092519189 | J20: 0.082997781 | K20: 0.10760287 | L20: 0.0079329667 | M20: 0.05639853 | N20: 0.14944035 | O20: 0.31328537 | P20: 0.064545543 | Q20: 0.089019354 | R20: 0.22884441 | S20: 0.098788858 | T20: 0.10527834 | U20: 0.078950769 | V20: 0.19196899 | W20: 0.20872207 | X20: 0.3278715 | Y20: 0.10626372 | Z20: 0.15446977 | AA20: 0.14257672 | AB20: 0.4056535 | AC20: 0.24699276 | AD20: 0.36689651 | AE20: 0.20915759 | AF20: 0.18950528 | AG20: 0.16670532 | AH20: 0.16704111 | AI20: 0.15561793 | AJ20: 0 | AK20: 0 | AL20: 0 | AM20: 0 | AN20: 0 | AO20: 0 | AP20: 0 | AQ20: 0 | AR20: 0 | AS20: 0 | AT20: 0 | AV20: 24 | AW20: 0.92307692 | AX20: =AVERAGE(B20:AP20) -> 0.19687041 | AY20: =MIN(B20:AP20) -> 0 | AZ20: =MAX(B20:AP20) -> 3 | BA20: =SUM(B20:AP20)/SUM($B$4:$AP$123) -> 3.6879113e-05 | BB20: =BA20+BB19 -> 0.00012075592 | BC20: =A20 -> 45834 | BD20: =AX20+BD19 -> 0.64462689 | BE20: =Currentyear!E23 | BF20: =IF(ISERR(BG20/AZ20),"",($BE20/$BB20)*(1+$AZ279)) | BG20: =IF(ISERR(BH20/BA20),"",($BE20/$BB20)*(1-$AZ279)) | BH20: =IF(ISERR(BE20/BB20),"",$BE20/$BB20) | BI20: {=[1]!daniels(BH16:BH20,1)} -> #NAME? | BJ20: #NAME? | BK20: #NAME? | BL20: =(BH20-AVERAGE(BH16:BH20))/AVERAGE(BH16:BH20) -> #VALUE! | BM20: =(BF20-BH20)/BH20 -> #VALUE!
A21: =A20+1 -> 45835 | B21: 12 | C21: 0.73901947 | D21: 0.36779296 | E21: 0.12943419 | F21: 0.24106552 | G21: 0.52091686 | H21: 0.22848516 | I21: 0.3701053 | J21: 0.33201737 | K21: 0.43041146 | L21: 0.031734381 | M21: 0.22561229 | N21: 0.59781157 | O21: 1.2532557 | P21: 0.25820606 | Q21: 0.35611106 | R21: 0.91546871 | S21: 0.39519558 | T21: 0.42115708 | U21: 0.31583639 | V21: 0.76796007 | W21: 0.83498337 | X21: 1.311486 | Y21: 0.4251042 | Z21: 0.61795274 | AA21: 0.57037651 | AB21: 1.6228255 | AC21: 0.98810464 | AD21: 1.4677951 | AE21: 0.8367529 | AF21: 0.75813488 | AG21: 0.66692345 | AH21: 0.6682689 | AI21: 0.62257087 | AJ21: 0 | AK21: 0 | AL21: 0 | AM21: 0 | AN21: 0 | AO21: 0 | AP21: 0 | AQ21: 0 | AR21: 0 | AS21: 0 | AT21: 0 | AV21: 24 | AW21: 0.92307692 | AX21: =AVERAGE(B21:AP21) -> 0.78753357 | AY21: =MIN(B21:AP21) -> 0 | AZ21: =MAX(B21:AP21) -> 12 | BA21: =SUM(B21:AP21)/SUM($B$4:$AP$123) -> 0.00014752618 | BB21: =BA21+BB20 -> 0.00026828211 | BC21: =A21 -> 45835 | BD21: =AX21+BD20 -> 1.4321605 | BE21: =Currentyear!E24 | BF21: =IF(ISERR(BG21/AZ21),"",($BE21/$BB21)*(1+$AZ280)) | BG21: =IF(ISERR(BH21/BA21),"",($BE21/$BB21)*(1-$AZ280)) | BH21: =IF(ISERR(BE21/BB21),"",$BE21/$BB21) | BI21: {=[1]!daniels(BH17:BH21,1)} -> #NAME? | BJ21: #NAME? | BK21: #NAME? | BL21: =(BH21-AVERAGE(BH17:BH21))/AVERAGE(BH17:BH21) -> #VALUE! | BM21: =(BF21-BH21)/BH21 -> #VALUE!
A22: =A21+1 -> 45836 | B22: 14 | C22: 0.86217366 | D22: 0.42908489 | E22: 0.15100424 | F22: 0.28123921 | G22: 0.60772992 | H22: 0.2665636 | I22: 0.43178665 | J22: 0.3873519 | K22: 0.50214671 | L22: 0.03702329 | M22: 0.26321364 | N22: 0.69744795 | O22: 1.4621479 | P22: 0.30124435 | Q22: 0.41546948 | R22: 1.0680716 | S22: 0.4610737 | T22: 0.49136462 | U22: 0.36848778 | V22: 0.89598846 | W22: 0.97419249 | X22: 1.530067 | Y22: 0.49597978 | Z22: 0.72098503 | AA22: 0.66547978 | AB22: 1.8934408 | AC22: 1.1528876 | AD22: 1.7125992 | AE22: 0.97631759 | AF22: 0.88459332 | AG22: 0.77817286 | AH22: 0.77974804 | AI22: 0.72643137 | AJ22: 0 | AK22: 0 | AL22: 0 | AM22: 0 | AN22: 0 | AO22: 0 | AP22: 0 | AQ22: 0 | AR22: 0 | AS22: 0 | AT22: 0 | AV22: 24 | AW22: 0.92307692 | AX22: =AVERAGE(B22:AP22) -> 0.91881728 | AY22: =MIN(B22:AP22) -> 0 | AZ22: =MAX(B22:AP22) -> 14 | BA22: =SUM(B22:AP22)/SUM($B$4:$AP$123) -> 0.00017211914 | BB22: =BA22+BB21 -> 0.00044040125 | BC22: =A22 -> 45836 | BD22: =AX22+BD21 -> 2.3509777 | BE22: =Currentyear!E25 | BF22: =IF(ISERR(BG22/AZ22),"",($BE22/$BB22)*(1+$AZ281)) | BG22: =IF(ISERR(BH22/BA22),"",($BE22/$BB22)*(1-$AZ281)) | BH22: =IF(ISERR(BE22/BB22),"",$BE22/$BB22) | BI22: {=[1]!daniels(BH18:BH22,1)} -> #NAME? | BJ22: #NAME? | BK22: #NAME? | BL22: =(BH22-AVERAGE(BH18:BH22))/AVERAGE(BH18:BH22) -> #VALUE! | BM22: =(BF22-BH22)/BH22 -> #VALUE!
... A123: =A122+1 -> 45937 | B123: 94.775678 | C123: 100.23423 | D123: 48.648563 | E123: 16.972507 | F123: 31.109812 | G123: 65 | H123: 28.102395 | I123: 44.490538 | J123: 39.118888 | K123: 43.891126 | L123: 3.7316491 | M123: 26.176157 | N123: 66.993638 | O123: 131.07204 | P123: 26.638237 | Q123: 36.064075 | R123: 88.53171 | S123: 37.488374 | T123: 39.154524 | U123: 28.930392 | V123: 67.911884 | W123: 71.163025 | X123: 133.73853 | Y123: 35.573966 | Z123: 50.385252 | AA123: 45.430162 | AB123: 121.27429 | AC123: 71.165256 | AD123: 100.31302 | AE123: 55.572227 | AF123: 49.088165 | AG123: 42.253125 | AH123: 41.444724 | AI123: 37.866027 | AJ123: 130.81051 | AK123: 469.20775 | AL123: 151.64666 | AM123: 72.876798 | AN123: 21.806137 | AO123: 25.752412 | AP123: 122.42076 | AQ123: 98.308498 | AR123: 80.425888 | AS123: 63.96898 | AT123: 96.598679 | AV123: 1 | AW123: 0.038461538 | AX123: =AVERAGE(B123:AP123) -> 71.093298 | AY123: =MIN(B123:AP123) -> 3.7316491 | AZ123: =MAX(B123:AP123) -> 469.20775 | BA123: =SUM(B123:AP123)/SUM($B$4:$AP$123) -> 0.013317683 | BB123: =BA123+BB122 -> 1 | BC123: =A123 -> 45937 | BD123: =AX123+BD122 -> 5338.2631 | BE123: =Currentyear!E126 | BF123: =IF(ISERR(BG123/AZ123),"",($BE123/$BB123)*(1+$AZ382)) | BG123: =IF(ISERR(BH123/BA123),"",($BE123/$BB123)*(1-$AZ382)) | BH123: =IF(ISERR(BE123/BB123),"",$BE123/$BB123) | BI123: {=[1]!daniels(BH119:BH123,1)} -> #NAME? | BJ123: #NAME? | BK123: #NAME? | BL123: =(BH123-AVERAGE(BH119:BH123))/AVERAGE(BH119:BH123) -> #VALUE! | BM123: =(BF123-BH123)/BH123 -> #VALUE!
A124: Sum of Daily Weir Counts | B124: 6465 | C124: 2934 | D124: 1534 | E124: 170 | F124: 2213 | G124: 4807 | H124: 506 | I124: 801 | J124: 268 | K124: 3140 | L124: 19 | M124: 1347 | N124: 1961 | O124: 4133 | P124: 715 | Q124: 968 | R124: 2178 | S124: 675 | T124: 705 | U124: 1080 | V124: 1117 | W124: 3266 | X124: 5222 | Y124: 1901 | Z124: 2083 | AA124: 2085 | AB124: =SUM(AB16:AB85) -> 2749.6749 | AC124: =SUM(AC11:AC95) -> 3091.2795 | AD124: =SUM(AD11:AD95) -> 4490.8406 | AE124: =SUM(AE11:AE93) -> 2314.0456 | AF124: =SUM(AF11:AF93) -> 1929.2273 | AG124: =SUM(AG11:AG93) -> 1655.4983 | AH124: =SUM(AH11:AH88) -> 1233.5174 | AI124: =SUM(AI11:AI88) -> 1119.5182 | AJ124: =SUM(AJ10:AJ64,AJ68:AJ86) -> 3247 | AK124: =SUM(AK9:AK51,AK55:AK77,AK80:AK84) -> 8946 | AL124: =SUM(AL7:AL90) -> 5315 | AM124: =SUM(AM11:AM93) -> 2913 | AN124: =SUM(AN10:AN87) -> 613 | AO124: =SUM(AO4:AO94) -> 1091 | AP124: =SUM(AP37:AP93) -> 4895 | AQ124: =SUM(AQ37:AQ89) -> 3216 | AR124: =SUM(AR37:AR89) -> 2631 | AS124: =SUM(AS37:AS89) -> 2092.6394 | AT124: =SUM(AT37:AT64,AT67:AT78,AT82:AT84) -> 1663 | AV124: =AVERAGE(B124:AN124) -> 2356.6821
A125: Estimated Passage when Weir was not Operating | B125: =B126-B124 -> 683.47841 | C125: =C126-C124 -> 4485.3154 | D125: =D126-D124 -> 2096.0606 | E125: =E126-E124 -> 1128.5265 | F125: =F126-F124 -> 122.78538 | G125: =G126-G124 -> 91.087357 | H125: =H126-H124 -> 1602.7028 | I125: =I126-I124 -> 2510.7733 | ... AT125: =AT126-AT124 -> 5590.4145
A126: Total Esc. W/ EM Fill-in | B126: =SUM(B4:B123) -> 7148.4784 | C126: =SUM(C4:C123) -> 7419.3154 | D126: =SUM(D4:D123) -> 3630.0606 | E126: =SUM(E4:E123) -> 1298.5265 | F126: =SUM(F4:F123) -> 2335.7854 | G126: =SUM(G4:G123) -> 4898.0874 | H126: =SUM(H4:H123) -> 2108.7028 | I126: =SUM(I4:I123) -> 3311.7733 | ... AT126: =SUM(AT4:AT123) -> 7253.4145 | AV126: =AVERAGE(AK126:AT126) -> 9033.1968
A128: % Weir Total of EM Total | B128: =B124/B126 -> 0.90438827 | C128: =C124/C126 -> 0.39545428 | D128: =D124/D126 -> 0.42258247 | E128: =E124/E126 -> 0.13091763 | F128: =F124/F126 -> 0.94743294 | G128: =G124/G126 -> 0.98140348 | H128: =H124/H126 -> 0.23995795 | I128: =I124/I126 -> 0.24186438 | ... AT128: =AT124/AT126 -> 0.22927133
B129: yellow shaded cells were interpolated using the EM-algorithm and 1953-2005 weir counts
A133: ="Table 2. Cumulative percent of escapement for Redoubt Lake coho, 1953 through "&MAX(B135:AT135)&"." -> Table 2. Cumulative percent of escapement for Redoubt Lake coho, 1953 through 2024.
A135: Date | B135: =B3 -> 1953 | C135: =C3 -> 1954 | D135: =D3 -> 1955 | E135: =E3 -> 1982 | F135: =F3 -> 1983 | G135: =G3 -> 1984 | H135: =H3 -> 1985 | I135: =I3 -> 1986 | ... AD135: =AD3 -> 2008 | AE135: 2009 | AF135: =AF3 -> 2010 | AG135: =AG3 -> 2011 | AH135: 2010 | AI135: =AI3 -> 2013 | AJ135: =AJ3 -> 2014 | AK135: =AK3 -> 2015 | AL135: =AL3 -> 2016 | AM135: =AM3 -> 2017 | AN135: =AN3 -> 2018 | AO135: =AO3 -> 2019 | AP135: =AP3 -> 2020 | ... AT135: =AT3 -> 2024 | AV135: Years w/ Wier Counts | AW135: Percent w/ Counts | AX135: Avg. 1953-99 | AY135: Min. 1953-99 | AZ135: Max. 1953-99 | BA135: Daily % of Run | BB135: Cum. % of Run | BE135: 80th Percentile | BF135: 20th Percentile
A136: 19520 | B136: =B4/B$126 -> 0 | C136: =C4/C$126 -> 0 | D136: =D4/D$126 -> 0 | E136: =E4/E$126 -> 0 | F136: =F4/F$126 -> 0 | G136: =G4/G$126 -> 0 | H136: =H4/H$126 -> 0 | I136: =I4/I$126 -> 0 | ... AT136: =AT4/AT$126 -> 0 | AV136: =AV4 -> 3 | AW136: =AW4 -> 0.11538462 | AX136: =AVERAGE(B136:AT136) -> 0 | AY136: =MIN(B136:AT136) -> 0 | AZ136: =MAX(B136:AT136) -> 0 | BA136: =SUM(B136:AT136)/SUM($B$4:$AT$123) -> 0 | BB136: =BA136 -> 0 | BE136: =PERCENTILE(B136:U136,0.8) -> 0 | BF136: =PERCENTILE(B136:U136,0.2) -> 0
A137: 19521 | B137: =B5/B$126+B136 -> 0 | C137: =C5/C$126+C136 -> 0 | D137: =D5/D$126+D136 -> 0 | E137: =E5/E$126+E136 -> 0 | F137: =F5/F$126+F136 -> 0 | G137: =G5/G$126+G136 -> 0 | H137: =H5/H$126+H136 -> 0 | I137: =I5/I$126+I136 -> 0 | ... AT137: =AT5/AT$126+AT136 -> 0 | AV137: =AV5 -> 4 | AW137: =AW5 -> 0.15384615 | AX137: =AVERAGE(B137:AT137) -> 0 | AY137: =MIN(B137:AT137) -> 0 | AZ137: =MAX(B137:AT137) -> 0 | BA137: =SUM(B137:AT137)/SUM($B$4:$AT$123) -> 0 | BB137: =BA137+BB136 -> 0 | BE137: =PERCENTILE(B137:U137,0.8) -> 0 | BF137: =PERCENTILE(B137:U137,0.2) -> 0
A138: 19522 | B138: =B6/B$126+B137 -> 0 | C138: =C6/C$126+C137 -> 0 | D138: =D6/D$126+D137 -> 0 | E138: =E6/E$126+E137 -> 0 | F138: =F6/F$126+F137 -> 0 | G138: =G6/G$126+G137 -> 0 | H138: =H6/H$126+H137 -> 0 | I138: =I6/I$126+I137 -> 0 | ... AT138: =AT6/AT$126+AT137 -> 0 | AV138: =AV6 -> 4 | AW138: =AW6 -> 0.15384615 | AX138: =AVERAGE(B138:AT138) -> 0 | AY138: =MIN(B138:AT138) -> 0 | AZ138: =MAX(B138:AT138) -> 0 | BA138: =SUM(B138:AT138)/SUM($B$4:$AT$123) -> 0 | BB138: =BA138+BB137 -> 0 | BE138: =PERCENTILE(B138:U138,0.8) -> 0 | BF138: =PERCENTILE(B138:U138,0.2) -> 0
A139: 19523 | B139: =B7/B$126+B138 -> 0 | C139: =C7/C$126+C138 -> 0 | D139: =D7/D$126+D138 -> 0 | E139: =E7/E$126+E138 -> 0 | F139: =F7/F$126+F138 -> 0 | G139: =G7/G$126+G138 -> 0 | H139: =H7/H$126+H138 -> 0 | I139: =I7/I$126+I138 -> 0 | ... AT139: =AT7/AT$126+AT138 -> 0 | AV139: =AV7 -> 7 | AW139: =AW7 -> 0.26923077 | AX139: =AVERAGE(B139:AT139) -> 0 | AY139: =MIN(B139:AT139) -> 0 | AZ139: =MAX(B139:AT139) -> 0 | BA139: =SUM(B139:AT139)/SUM($B$4:$AT$123) -> 0 | BB139: =BA139+BB138 -> 0 | BE139: =PERCENTILE(B139:U139,0.8) -> 0 | BF139: =PERCENTILE(B139:U139,0.2) -> 0
A140: 19524 | B140: =B8/B$126+B139 -> 0 | C140: =C8/C$126+C139 -> 0 | D140: =D8/D$126+D139 -> 0 | E140: =E8/E$126+E139 -> 0 | F140: =F8/F$126+F139 -> 0 | G140: =G8/G$126+G139 -> 0 | H140: =H8/H$126+H139 -> 0 | I140: =I8/I$126+I139 -> 0 | ... AT140: =AT8/AT$126+AT139 -> 0 | AV140: =AV8 -> 8 | AW140: =AW8 -> 0.30769231 | AX140: =AVERAGE(B140:AT140) -> 0 | AY140: =MIN(B140:AT140) -> 0 | AZ140: =MAX(B140:AT140) -> 0 | BA140: =SUM(B140:AT140)/SUM($B$4:$AT$123) -> 0 | BB140: =BA140+BB139 -> 0 | BE140: =PERCENTILE(B140:U140,0.8) -> 0 | BF140: =PERCENTILE(B140:U140,0.2) -> 0
A141: 19525 | B141: =B9/B$126+B140 -> 0 | C141: =C9/C$126+C140 -> 0 | D141: =D9/D$126+D140 -> 0 | E141: =E9/E$126+E140 -> 0 | F141: =F9/F$126+F140 -> 0 | G141: =G9/G$126+G140 -> 0 | H141: =H9/H$126+H140 -> 0 | I141: =I9/I$126+I140 -> 0 | ... AT141: =AT9/AT$126+AT140 -> 0 | AV141: =AV9 -> 11 | AW141: =AW9 -> 0.42307692 | AX141: =AVERAGE(B141:AT141) -> 0 | AY141: =MIN(B141:AT141) -> 0 | AZ141: =MAX(B141:AT141) -> 0 | BA141: =SUM(B141:AT141)/SUM($B$4:$AT$123) -> 0 | BB141: =BA141+BB140 -> 0 | BE141: =PERCENTILE(B141:U141,0.8) -> 0 | BF141: =PERCENTILE(B141:U141,0.2) -> 0
A142: 19526 | B142: =B10/B$126+B141 -> 0 | C142: =C10/C$126+C141 -> 0 | D142: =D10/D$126+D141 -> 0 | E142: =E10/E$126+E141 -> 0 | F142: =F10/F$126+F141 -> 0 | G142: =G10/G$126+G141 -> 0 | H142: =H10/H$126+H141 -> 0 | I142: =I10/I$126+I141 -> 0 | ... AT142: =AT10/AT$126+AT141 -> 0 | AV142: =AV10 -> 13 | AW142: =AW10 -> 0.5 | AX142: =AVERAGE(B142:AT142) -> 0 | AY142: =MIN(B142:AT142) -> 0 | AZ142: =MAX(B142:AT142) -> 0 | BA142: =SUM(B142:AT142)/SUM($B$4:$AT$123) -> 0 | BB142: =BA142+BB141 -> 0 | BE142: =PERCENTILE(B142:U142,0.8) -> 0 | BF142: =PERCENTILE(B142:U142,0.2) -> 0
A143: 19527 | B143: =B11/B$126+B142 -> 0 | C143: =C11/C$126+C142 -> 0 | D143: =D11/D$126+D142 -> 0 | E143: =E11/E$126+E142 -> 0 | F143: =F11/F$126+F142 -> 0 | G143: =G11/G$126+G142 -> 0 | H143: =H11/H$126+H142 -> 0 | I143: =I11/I$126+I142 -> 0 | ... AT143: =AT11/AT$126+AT142 -> 0 | AV143: =AV11 -> 13 | AW143: =AW11 -> 0.5 | AX143: =AVERAGE(B143:AT143) -> 0 | AY143: =MIN(B143:AT143) -> 0 | AZ143: =MAX(B143:AT143) -> 0 | BA143: =SUM(B143:AT143)/SUM($B$4:$AT$123) -> 0 | BB143: =BA143+BB142 -> 0 | BE143: =PERCENTILE(B143:U143,0.8) -> 0 | BF143: =PERCENTILE(B143:U143,0.2) -> 0
A144: 19528 | B144: =B12/B$126+B143 -> 0 | C144: =C12/C$126+C143 -> 0 | D144: =D12/D$126+D143 -> 0 | E144: =E12/E$126+E143 -> 0 | F144: =F12/F$126+F143 -> 0 | G144: =G12/G$126+G143 -> 0 | H144: =H12/H$126+H143 -> 0 | I144: =I12/I$126+I143 -> 0 | ... AT144: =AT12/AT$126+AT143 -> 0 | AV144: =AV12 -> 14 | AW144: =AW12 -> 0.53846154 | AX144: =AVERAGE(B144:AT144) -> 0 | AY144: =MIN(B144:AT144) -> 0 | AZ144: =MAX(B144:AT144) -> 0 | BA144: =SUM(B144:AT144)/SUM($B$4:$AT$123) -> 0 | BB144: =BA144+BB143 -> 0 | BE144: =PERCENTILE(B144:U144,0.8) -> 0 | BF144: =PERCENTILE(B144:U144,0.2) -> 0
A145: 19529 | B145: =B13/B$126+B144 -> 0 | C145: =C13/C$126+C144 -> 0 | D145: =D13/D$126+D144 -> 0 | E145: =E13/E$126+E144 -> 0 | F145: =F13/F$126+F144 -> 0 | G145: =G13/G$126+G144 -> 0 | H145: =H13/H$126+H144 -> 0 | I145: =I13/I$126+I144 -> 0 | ... AT145: =AT13/AT$126+AT144 -> 0 | AV145: =AV13 -> 16 | AW145: =AW13 -> 0.61538462 | AX145: =AVERAGE(B145:AT145) -> 0 | AY145: =MIN(B145:AT145) -> 0 | AZ145: =MAX(B145:AT145) -> 0 | BA145: =SUM(B145:AT145)/SUM($B$4:$AT$123) -> 0 | BB145: =BA145+BB144 -> 0 | BE145: =PERCENTILE(B145:U145,0.8) -> 0 | BF145: =PERCENTILE(B145:U145,0.2) -> 0
A146: 19530 | B146: =B14/B$126+B145 -> 0 | C146: =C14/C$126+C145 -> 0 | D146: =D14/D$126+D145 -> 0 | E146: =E14/E$126+E145 -> 0 | F146: =F14/F$126+F145 -> 0 | G146: =G14/G$126+G145 -> 0 | H146: =H14/H$126+H145 -> 0 | I146: =I14/I$126+I145 -> 0 | ... AT146: =AT14/AT$126+AT145 -> 0 | AV146: =AV14 -> 18 | AW146: =AW14 -> 0.69230769 | AX146: =AVERAGE(B146:AT146) -> 0 | AY146: =MIN(B146:AT146) -> 0 | AZ146: =MAX(B146:AT146) -> 0 | BA146: =SUM(B146:AT146)/SUM($B$4:$AT$123) -> 0 | BB146: =BA146+BB145 -> 0 | BE146: =PERCENTILE(B146:U146,0.8) -> 0 | BF146: =PERCENTILE(B146:U146,0.2) -> 0
A147: 19531 | B147: =B15/B$126+B146 -> 0 | C147: =C15/C$126+C146 -> 0 | D147: =D15/D$126+D146 -> 0 | E147: =E15/E$126+E146 -> 0 | F147: =F15/F$126+F146 -> 0 | G147: =G15/G$126+G146 -> 0 | H147: =H15/H$126+H146 -> 0 | I147: =I15/I$126+I146 -> 0 | ... AT147: =AT15/AT$126+AT146 -> 0 | AV147: =AV15 -> 19 | AW147: =AW15 -> 0.73076923 | AX147: =AVERAGE(B147:AT147) -> 0 | AY147: =MIN(B147:AT147) -> 0 | AZ147: =MAX(B147:AT147) -> 0 | BA147: =SUM(B147:AT147)/SUM($B$4:$AT$123) -> 0 | BB147: =BA147+BB146 -> 0 | BE147: =PERCENTILE(B147:U147,0.8) -> 0 | BF147: =PERCENTILE(B147:U147,0.2) -> 0
A148: 19532 | B148: =B16/B$126+B147 -> 0 | C148: =C16/C$126+C147 -> 0 | D148: =D16/D$126+D147 -> 0 | E148: =E16/E$126+E147 -> 0 | F148: =F16/F$126+F147 -> 0 | G148: =G16/G$126+G147 -> 0 | H148: =H16/H$126+H147 -> 0 | I148: =I16/I$126+I147 -> 0 | ... AT148: =AT16/AT$126+AT147 -> 0 | AV148: =AV16 -> 21 | AW148: =AW16 -> 0.80769231 | AX148: =AVERAGE(B148:AT148) -> 0 | AY148: =MIN(B148:AT148) -> 0 | AZ148: =MAX(B148:AT148) -> 0 | BA148: =SUM(B148:AT148)/SUM($B$4:$AT$123) -> 0 | BB148: =BA148+BB147 -> 0 | BE148: =PERCENTILE(B148:U148,0.8) -> 0 | BF148: =PERCENTILE(B148:U148,0.2) -> 0
... A255: 19639 | B255: =B123/B$126+B254 -> 1 | C255: =C123/C$126+C254 -> 1 | D255: =D123/D$126+D254 -> 1 | E255: =E123/E$126+E254 -> 1 | F255: =F123/F$126+F254 -> 1 | G255: =G123/G$126+G254 -> 1 | H255: =H123/H$126+H254 -> 1 | I255: =I123/I$126+I254 -> 1 | ... AT255: =AT123/AT$126+AT254 -> 1 | AV255: =AV123 -> 1 | AW255: =AW123 -> 0.038461538 | AX255: =AVERAGE(B255:AT255) -> 1 | AY255: =MIN(B255:AT255) -> 1 | AZ255: =MAX(B255:AT255) -> 1 | BA255: =SUM(B255:AT255)/SUM($B$4:$AT$123) -> 0.00018416482 | BB255: =BA255+BB254 -> 0.0058739777 | BE255: =PERCENTILE(B255:U255,0.8) -> 1 | BF255: =PERCENTILE(B255:U255,0.2) -> 1
A260: Table 3. Average absolute percent error.
A262: Date | B262: =B3 -> 1953 | C262: =C3 -> 1954 | D262: =D3 -> 1955 | E262: =E3 -> 1982 | F262: =F3 -> 1983 | G262: =G3 -> 1984 | H262: =H3 -> 1985 | I262: =I3 -> 1986 | ... AT262: =AT3 -> 2024 | AW262: Median Cum. % of Run | AX262: Upper 80th Percentile | AY262: Lower 80th Percentile | AZ262: Median Abs. % Error | BA262: 80th Percentile
A263: 19520 | B263: =IF(B136=0,"",ABS((B136-$AX136)/$AX136)) | C263: =IF(C136=0,"",ABS((C136-$AX136)/$AX136)) | D263: =IF(D136=0,"",ABS((D136-$AX136)/$AX136)) | E263: =IF(E136=0,"",ABS((E136-$AX136)/$AX136)) | F263: =IF(F136=0,"",ABS((F136-$AX136)/$AX136)) | G263: =IF(G136=0,"",ABS((G136-$AX136)/$AX136)) | H263: =IF(H136=0,"",ABS((H136-$AX136)/$AX136)) | I263: =IF(I136=0,"",ABS((I136-$AX136)/$AX136)) | ... AD263: =IF(AD136=0,"",ABS((AD136-$AX136)/$AX136)) | AW263: =MEDIAN($B136:$AT136) -> 0
A264: 19521 | B264: =IF(B137=0,"",ABS((B137-$AX137)/$AX137)) | C264: =IF(C137=0,"",ABS((C137-$AX137)/$AX137)) | D264: =IF(D137=0,"",ABS((D137-$AX137)/$AX137)) | E264: =IF(E137=0,"",ABS((E137-$AX137)/$AX137)) | F264: =IF(F137=0,"",ABS((F137-$AX137)/$AX137)) | G264: =IF(G137=0,"",ABS((G137-$AX137)/$AX137)) | H264: =IF(H137=0,"",ABS((H137-$AX137)/$AX137)) | I264: =IF(I137=0,"",ABS((I137-$AX137)/$AX137)) | ... AD264: =IF(AD137=0,"",ABS((AD137-$AX137)/$AX137)) | AW264: =MEDIAN($B137:$AT137) -> 0
A265: 19522 | B265: =IF(B138=0,"",ABS((B138-$AX138)/$AX138)) | C265: =IF(C138=0,"",ABS((C138-$AX138)/$AX138)) | D265: =IF(D138=0,"",ABS((D138-$AX138)/$AX138)) | E265: =IF(E138=0,"",ABS((E138-$AX138)/$AX138)) | F265: =IF(F138=0,"",ABS((F138-$AX138)/$AX138)) | G265: =IF(G138=0,"",ABS((G138-$AX138)/$AX138)) | H265: =IF(H138=0,"",ABS((H138-$AX138)/$AX138)) | I265: =IF(I138=0,"",ABS((I138-$AX138)/$AX138)) | ... AD265: =IF(AD138=0,"",ABS((AD138-$AX138)/$AX138)) | AW265: =MEDIAN($B138:$AT138) -> 0
A266: 19523 | B266: =IF(B139=0,"",ABS((B139-$AX139)/$AX139)) | C266: =IF(C139=0,"",ABS((C139-$AX139)/$AX139)) | D266: =IF(D139=0,"",ABS((D139-$AX139)/$AX139)) | E266: =IF(E139=0,"",ABS((E139-$AX139)/$AX139)) | F266: =IF(F139=0,"",ABS((F139-$AX139)/$AX139)) | G266: =IF(G139=0,"",ABS((G139-$AX139)/$AX139)) | H266: =IF(H139=0,"",ABS((H139-$AX139)/$AX139)) | I266: =IF(I139=0,"",ABS((I139-$AX139)/$AX139)) | ... AD266: =IF(AD139=0,"",ABS((AD139-$AX139)/$AX139)) | AW266: =MEDIAN($B139:$AT139) -> 0 | AX266: =PERCENTILE($B266:$AT266,0.9) -> #NUM! | AY266: =PERCENTILE($B266:$AT266,0.1) -> #NUM! | AZ266: =MEDIAN($B266:$AT266) -> #NUM! | BA266: =PERCENTILE($B266:$AT266,0.8) -> #NUM!
A267: 19524 | B267: =IF(B140=0,"",ABS((B140-$AX140)/$AX140)) | C267: =IF(C140=0,"",ABS((C140-$AX140)/$AX140)) | D267: =IF(D140=0,"",ABS((D140-$AX140)/$AX140)) | E267: =IF(E140=0,"",ABS((E140-$AX140)/$AX140)) | F267: =IF(F140=0,"",ABS((F140-$AX140)/$AX140)) | G267: =IF(G140=0,"",ABS((G140-$AX140)/$AX140)) | H267: =IF(H140=0,"",ABS((H140-$AX140)/$AX140)) | I267: =IF(I140=0,"",ABS((I140-$AX140)/$AX140)) | ... AD267: =IF(AD140=0,"",ABS((AD140-$AX140)/$AX140)) | AW267: =MEDIAN($B140:$AT140) -> 0 | AX267: =PERCENTILE($B267:$AT267,0.9) -> #NUM! | AY267: =PERCENTILE($B267:$AT267,0.1) -> #NUM! | AZ267: =MEDIAN($B267:$AT267) -> #NUM! | BA267: =PERCENTILE($B267:$AT267,0.8) -> #NUM!
A268: 19525 | B268: =IF(B141=0,"",ABS((B141-$AX141)/$AX141)) | C268: =IF(C141=0,"",ABS((C141-$AX141)/$AX141)) | D268: =IF(D141=0,"",ABS((D141-$AX141)/$AX141)) | E268: =IF(E141=0,"",ABS((E141-$AX141)/$AX141)) | F268: =IF(F141=0,"",ABS((F141-$AX141)/$AX141)) | G268: =IF(G141=0,"",ABS((G141-$AX141)/$AX141)) | H268: =IF(H141=0,"",ABS((H141-$AX141)/$AX141)) | I268: =IF(I141=0,"",ABS((I141-$AX141)/$AX141)) | ... AD268: =IF(AD141=0,"",ABS((AD141-$AX141)/$AX141)) | AW268: =MEDIAN($B141:$AT141) -> 0 | AX268: =PERCENTILE($B268:$AT268,0.9) -> #NUM! | AY268: =PERCENTILE($B268:$AT268,0.1) -> #NUM! | AZ268: =MEDIAN($B268:$AT268) -> #NUM! | BA268: =PERCENTILE($B268:$AT268,0.8) -> #NUM!
A269: 19526 | B269: =IF(B142=0,"",ABS((B142-$AX142)/$AX142)) | C269: =IF(C142=0,"",ABS((C142-$AX142)/$AX142)) | D269: =IF(D142=0,"",ABS((D142-$AX142)/$AX142)) | E269: =IF(E142=0,"",ABS((E142-$AX142)/$AX142)) | F269: =IF(F142=0,"",ABS((F142-$AX142)/$AX142)) | G269: =IF(G142=0,"",ABS((G142-$AX142)/$AX142)) | H269: =IF(H142=0,"",ABS((H142-$AX142)/$AX142)) | I269: =IF(I142=0,"",ABS((I142-$AX142)/$AX142)) | ... AD269: =IF(AD142=0,"",ABS((AD142-$AX142)/$AX142)) | AW269: =MEDIAN($B142:$AT142) -> 0 | AX269: =PERCENTILE($B269:$AT269,0.9) -> #NUM! | AY269: =PERCENTILE($B269:$AT269,0.1) -> #NUM! | AZ269: =MEDIAN($B269:$AT269) -> #NUM! | BA269: =PERCENTILE($B269:$AT269,0.8) -> #NUM!
A270: 19527 | B270: =IF(B143=0,"",ABS((B143-$AX143)/$AX143)) | C270: =IF(C143=0,"",ABS((C143-$AX143)/$AX143)) | D270: =IF(D143=0,"",ABS((D143-$AX143)/$AX143)) | E270: =IF(E143=0,"",ABS((E143-$AX143)/$AX143)) | F270: =IF(F143=0,"",ABS((F143-$AX143)/$AX143)) | G270: =IF(G143=0,"",ABS((G143-$AX143)/$AX143)) | H270: =IF(H143=0,"",ABS((H143-$AX143)/$AX143)) | I270: =IF(I143=0,"",ABS((I143-$AX143)/$AX143)) | ... AD270: =IF(AD143=0,"",ABS((AD143-$AX143)/$AX143)) | AW270: =MEDIAN($B143:$AT143) -> 0 | AX270: =PERCENTILE($B270:$AT270,0.9) -> #NUM! | AY270: =PERCENTILE($B270:$AT270,0.1) -> #NUM! | AZ270: =MEDIAN($B270:$AT270) -> #NUM! | BA270: =PERCENTILE($B270:$AT270,0.8) -> #NUM!
A271: 19528 | B271: =IF(B144=0,"",ABS((B144-$AX144)/$AX144)) | C271: =IF(C144=0,"",ABS((C144-$AX144)/$AX144)) | D271: =IF(D144=0,"",ABS((D144-$AX144)/$AX144)) | E271: =IF(E144=0,"",ABS((E144-$AX144)/$AX144)) | F271: =IF(F144=0,"",ABS((F144-$AX144)/$AX144)) | G271: =IF(G144=0,"",ABS((G144-$AX144)/$AX144)) | H271: =IF(H144=0,"",ABS((H144-$AX144)/$AX144)) | I271: =IF(I144=0,"",ABS((I144-$AX144)/$AX144)) | ... AD271: =IF(AD144=0,"",ABS((AD144-$AX144)/$AX144)) | AW271: =MEDIAN($B144:$AT144) -> 0 | AX271: =PERCENTILE($B271:$AT271,0.9) -> #NUM! | AY271: =PERCENTILE($B271:$AT271,0.1) -> #NUM! | AZ271: =MEDIAN($B271:$AT271) -> #NUM! | BA271: =PERCENTILE($B271:$AT271,0.8) -> #NUM!
A272: 19529 | B272: =IF(B145=0,"",ABS((B145-$AX145)/$AX145)) | C272: =IF(C145=0,"",ABS((C145-$AX145)/$AX145)) | D272: =IF(D145=0,"",ABS((D145-$AX145)/$AX145)) | E272: =IF(E145=0,"",ABS((E145-$AX145)/$AX145)) | F272: =IF(F145=0,"",ABS((F145-$AX145)/$AX145)) | G272: =IF(G145=0,"",ABS((G145-$AX145)/$AX145)) | H272: =IF(H145=0,"",ABS((H145-$AX145)/$AX145)) | I272: =IF(I145=0,"",ABS((I145-$AX145)/$AX145)) | ... AD272: =IF(AD145=0,"",ABS((AD145-$AX145)/$AX145)) | AW272: =MEDIAN($B145:$AT145) -> 0 | AX272: =PERCENTILE($B272:$AT272,0.9) -> #NUM! | AY272: =PERCENTILE($B272:$AT272,0.1) -> #NUM! | AZ272: =MEDIAN($B272:$AT272) -> #NUM! | BA272: =PERCENTILE($B272:$AT272,0.8) -> #NUM!
A273: 19530 | B273: =IF(B146=0,"",ABS((B146-$AX146)/$AX146)) | C273: =IF(C146=0,"",ABS((C146-$AX146)/$AX146)) | D273: =IF(D146=0,"",ABS((D146-$AX146)/$AX146)) | E273: =IF(E146=0,"",ABS((E146-$AX146)/$AX146)) | F273: =IF(F146=0,"",ABS((F146-$AX146)/$AX146)) | G273: =IF(G146=0,"",ABS((G146-$AX146)/$AX146)) | H273: =IF(H146=0,"",ABS((H146-$AX146)/$AX146)) | I273: =IF(I146=0,"",ABS((I146-$AX146)/$AX146)) | ... AD273: =IF(AD146=0,"",ABS((AD146-$AX146)/$AX146)) | AW273: =MEDIAN($B146:$AT146) -> 0 | AX273: =PERCENTILE($B273:$AT273,0.9) -> #NUM! | AY273: =PERCENTILE($B273:$AT273,0.1) -> #NUM! | AZ273: =MEDIAN($B273:$AT273) -> #NUM! | BA273: =PERCENTILE($B273:$AT273,0.8) -> #NUM!
A274: 19531 | B274: =IF(B147=0,"",ABS((B147-$AX147)/$AX147)) | C274: =IF(C147=0,"",ABS((C147-$AX147)/$AX147)) | D274: =IF(D147=0,"",ABS((D147-$AX147)/$AX147)) | E274: =IF(E147=0,"",ABS((E147-$AX147)/$AX147)) | F274: =IF(F147=0,"",ABS((F147-$AX147)/$AX147)) | G274: =IF(G147=0,"",ABS((G147-$AX147)/$AX147)) | H274: =IF(H147=0,"",ABS((H147-$AX147)/$AX147)) | I274: =IF(I147=0,"",ABS((I147-$AX147)/$AX147)) | ... AD274: =IF(AD147=0,"",ABS((AD147-$AX147)/$AX147)) | AW274: =MEDIAN($B147:$AT147) -> 0 | AX274: =PERCENTILE($B274:$AT274,0.9) -> #NUM! | AY274: =PERCENTILE($B274:$AT274,0.1) -> #NUM! | AZ274: =MEDIAN($B274:$AT274) -> #NUM! | BA274: =PERCENTILE($B274:$AT274,0.8) -> #NUM!
A275: 19532 | B275: =IF(B148=0,"",ABS((B148-$AX148)/$AX148)) | C275: =IF(C148=0,"",ABS((C148-$AX148)/$AX148)) | D275: =IF(D148=0,"",ABS((D148-$AX148)/$AX148)) | E275: =IF(E148=0,"",ABS((E148-$AX148)/$AX148)) | F275: =IF(F148=0,"",ABS((F148-$AX148)/$AX148)) | G275: =IF(G148=0,"",ABS((G148-$AX148)/$AX148)) | H275: =IF(H148=0,"",ABS((H148-$AX148)/$AX148)) | I275: =IF(I148=0,"",ABS((I148-$AX148)/$AX148)) | ... AD275: =IF(AD148=0,"",ABS((AD148-$AX148)/$AX148)) | AW275: =MEDIAN($B148:$AT148) -> 0 | AX275: =PERCENTILE($B275:$AT275,0.9) -> #NUM! | AY275: =PERCENTILE($B275:$AT275,0.1) -> #NUM! | AZ275: =MEDIAN($B275:$AT275) -> #NUM! | BA275: =PERCENTILE($B275:$AT275,0.8) -> #NUM!
A276: 19533 | B276: =IF(B149=0,"",ABS((B149-$AX149)/$AX149)) | C276: =IF(C149=0,"",ABS((C149-$AX149)/$AX149)) | D276: =IF(D149=0,"",ABS((D149-$AX149)/$AX149)) | E276: =IF(E149=0,"",ABS((E149-$AX149)/$AX149)) | F276: =IF(F149=0,"",ABS((F149-$AX149)/$AX149)) | G276: =IF(G149=0,"",ABS((G149-$AX149)/$AX149)) | H276: =IF(H149=0,"",ABS((H149-$AX149)/$AX149)) | I276: =IF(I149=0,"",ABS((I149-$AX149)/$AX149)) | ... AD276: =IF(AD149=0,"",ABS((AD149-$AX149)/$AX149)) | AW276: =MEDIAN($B149:$AT149) -> 0 | AX276: =PERCENTILE($B276:$AT276,0.9) -> #NUM! | AY276: =PERCENTILE($B276:$AT276,0.1) -> #NUM! | AZ276: =MEDIAN($B276:$AT276) -> #NUM! | BA276: =PERCENTILE($B276:$AT276,0.8) -> #NUM!
A277: 19534 | B277: =IF(B150=0,"",ABS((B150-$AX150)/$AX150)) -> 10.271042 | C277: =IF(C150=0,"",ABS((C150-$AX150)/$AX150)) -> 0.28220814 | D277: =IF(D150=0,"",ABS((D150-$AX150)/$AX150)) -> 0.26987967 | E277: =IF(E150=0,"",ABS((E150-$AX150)/$AX150)) -> 0.28170546 | F277: =IF(F150=0,"",ABS((F150-$AX150)/$AX150)) -> 0.25628679 | G277: =IF(G150=0,"",ABS((G150-$AX150)/$AX150)) -> 0.23362212 | H277: =IF(H150=0,"",ABS((H150-$AX150)/$AX150)) -> 0.21919476 | I277: =IF(I150=0,"",ABS((I150-$AX150)/$AX150)) -> 0.050606523 | ... AT277: =IF(AT150=0,"",ABS((AT150-$AX150)/$AX150)) | AW277: =MEDIAN($B150:$AT150) -> 2.2094003e-05 | AX277: =PERCENTILE($B277:$AT277,0.9) -> 0.45665192 | AY277: =PERCENTILE($B277:$AT277,0.1) -> 0.043891544 | AZ277: =MEDIAN($B277:$AT277) -> 0.20457989 | BA277: =PERCENTILE($B277:$AT277,0.8) -> 0.30829983
A278: 19535 | B278: =IF(B151=0,"",ABS((B151-$AX151)/$AX151)) -> 9.0149505 | C278: =IF(C151=0,"",ABS((C151-$AX151)/$AX151)) -> 0.29167886 | D278: =IF(D151=0,"",ABS((D151-$AX151)/$AX151)) -> 0.27951259 | E278: =IF(E151=0,"",ABS((E151-$AX151)/$AX151)) -> 0.29118219 | F278: =IF(F151=0,"",ABS((F151-$AX151)/$AX151)) -> 0.26609857 | G278: =IF(G151=0,"",ABS((G151-$AX151)/$AX151)) -> 0.24373222 | H278: =IF(H151=0,"",ABS((H151-$AX151)/$AX151)) -> 0.22949487 | I278: =IF(I151=0,"",ABS((I151-$AX151)/$AX151)) -> 0.16263732 | ... AT278: =IF(AT151=0,"",ABS((AT151-$AX151)/$AX151)) | AW278: =MEDIAN($B151:$AT151) -> 6.905872e-05 | AX278: =PERCENTILE($B278:$AT278,0.9) -> 0.4618756 | AY278: =PERCENTILE($B278:$AT278,0.1) -> 0.042888166 | AZ278: =MEDIAN($B278:$AT278) -> 0.23221322 | BA278: =PERCENTILE($B278:$AT278,0.8) -> 0.31200681
A279: 19536 | B279: =IF(B152=0,"",ABS((B152-$AX152)/$AX152)) -> 9.5098112 | C279: =IF(C152=0,"",ABS((C152-$AX152)/$AX152)) -> 0.29659351 | D279: =IF(D152=0,"",ABS((D152-$AX152)/$AX152)) -> 0.28451149 | E279: =IF(E152=0,"",ABS((E152-$AX152)/$AX152)) -> 0.29610008 | F279: =IF(F152=0,"",ABS((F152-$AX152)/$AX152)) -> 0.27119038 | G279: =IF(G152=0,"",ABS((G152-$AX152)/$AX152)) -> 0.24897895 | H279: =IF(H152=0,"",ABS((H152-$AX152)/$AX152)) -> 0.23484026 | I279: =IF(I152=0,"",ABS((I152-$AX152)/$AX152)) -> 0.1809696 | ... AT279: =IF(AT152=0,"",ABS((AT152-$AX152)/$AX152)) | AW279: =MEDIAN($B152:$AT152) -> 9.8114684e-05 | AX279: =PERCENTILE($B279:$AT279,0.9) -> 0.47243376 | AY279: =PERCENTILE($B279:$AT279,0.1) -> 0.042503742 | AZ279: =MEDIAN($B279:$AT279) -> 0.23190151 | BA279: =PERCENTILE($B279:$AT279,0.8) -> 0.31429667
A280: 19537 | B280: =IF(B153=0,"",ABS((B153-$AX153)/$AX153)) -> 10.138351 | C280: =IF(C153=0,"",ABS((C153-$AX153)/$AX153)) -> 0.30284578 | D280: =IF(D153=0,"",ABS((D153-$AX153)/$AX153)) -> 0.2908701 | E280: =IF(E153=0,"",ABS((E153-$AX153)/$AX153)) -> 0.30235534 | F280: =IF(F153=0,"",ABS((F153-$AX153)/$AX153)) -> 0.2776663 | G280: =IF(G153=0,"",ABS((G153-$AX153)/$AX153)) -> 0.25565064 | H280: =IF(H153=0,"",ABS((H153-$AX153)/$AX153)) -> 0.24163685 | I280: =IF(I153=0,"",ABS((I153-$AX153)/$AX153)) -> 0.20427367 | ... AT280: =IF(AT153=0,"",ABS((AT153-$AX153)/$AX153)) | AW280: =MEDIAN($B153:$AT153) -> 0.00021476846 | AX280: =PERCENTILE($B280:$AT280,0.9) -> 0.48591703 | AY280: =PERCENTILE($B280:$AT280,0.1) -> 0.042012857 | AZ280: =MEDIAN($B280:$AT280) -> 0.21866818 | BA280: =PERCENTILE($B280:$AT280,0.8) -> 0.31880713
A281: 19538 | B281: =IF(B154=0,"",ABS((B154-$AX154)/$AX154)) -> 10.341684 | C281: =IF(C154=0,"",ABS((C154-$AX154)/$AX154)) -> 0.30488447 | D281: =IF(D154=0,"",ABS((D154-$AX154)/$AX154)) -> 0.29294288 | E281: =IF(E154=0,"",ABS((E154-$AX154)/$AX154)) -> 0.30439421 | F281: =IF(F154=0,"",ABS((F154-$AX154)/$AX154)) -> 0.27977669 | G281: =IF(G154=0,"",ABS((G154-$AX154)/$AX154)) -> 0.25782389 | H281: =IF(H154=0,"",ABS((H154-$AX154)/$AX154)) -> 0.24385035 | I281: =IF(I154=0,"",ABS((I154-$AX154)/$AX154)) -> 0.21183127 | ... AT281: =IF(AT154=0,"",ABS((AT154-$AX154)/$AX154)) | AW281: =MEDIAN($B154:$AT154) -> 0.00035168105 | AX281: =PERCENTILE($B281:$AT281,0.9) -> 0.49033591 | AY281: =PERCENTILE($B281:$AT281,0.1) -> 0.041857601 | AZ281: =MEDIAN($B281:$AT281) -> 0.22228332 | BA281: =PERCENTILE($B281:$AT281,0.8) -> 0.32028963
A282: 19539 | B282: =IF(B155=0,"",ABS((B155-$AX155)/$AX155)) -> 10.399817 | C282: =IF(C155=0,"",ABS((C155-$AX155)/$AX155)) -> 0.30547467 | D282: =IF(D155=0,"",ABS((D155-$AX155)/$AX155)) -> 0.29354283 | E282: =IF(E155=0,"",ABS((E155-$AX155)/$AX155)) -> 0.30498432 | F282: =IF(F155=0,"",ABS((F155-$AX155)/$AX155)) -> 0.28038741 | G282: =IF(G155=0,"",ABS((G155-$AX155)/$AX155)) -> 0.2584526 | H282: =IF(H155=0,"",ABS((H155-$AX155)/$AX155)) -> 0.2444906 | I282: =IF(I155=0,"",ABS((I155-$AX155)/$AX155)) -> 0.21399792 | ... AT282: =IF(AT155=0,"",ABS((AT155-$AX155)/$AX155)) | AW282: =MEDIAN($B155:$AT155) -> 0.00043040952 | AX282: =PERCENTILE($B282:$AT282,0.9) -> 0.49161303 | AY282: =PERCENTILE($B282:$AT282,0.1) -> 0.041816405 | AZ282: =MEDIAN($B282:$AT282) -> 0.22332375 | BA282: =PERCENTILE($B282:$AT282,0.8) -> 0.32072067
A283: 19540 | B283: =IF(B156=0,"",ABS((B156-$AX156)/$AX156)) -> 10.426523 | C283: =IF(C156=0,"",ABS((C156-$AX156)/$AX156)) -> 0.30574818 | D283: =IF(D156=0,"",ABS((D156-$AX156)/$AX156)) -> 0.29382083 | E283: =IF(E156=0,"",ABS((E156-$AX156)/$AX156)) -> 0.30525774 | F283: =IF(F156=0,"",ABS((F156-$AX156)/$AX156)) -> 0.28067036 | G283: =IF(G156=0,"",ABS((G156-$AX156)/$AX156)) -> 0.2587438 | H283: =IF(H156=0,"",ABS((H156-$AX156)/$AX156)) -> 0.24478711 | I283: =IF(I156=0,"",ABS((I156-$AX156)/$AX156)) -> 0.21499527 | ... AT283: =IF(AT156=0,"",ABS((AT156-$AX156)/$AX156)) | AW283: =MEDIAN($B156:$AT156) -> 0.00048013477 | AX283: =PERCENTILE($B283:$AT283,0.9) -> 0.49220463 | AY283: =PERCENTILE($B283:$AT283,0.1) -> 0.041798467 | AZ283: =MEDIAN($B283:$AT283) -> 0.22380394 | BA283: =PERCENTILE($B283:$AT283,0.8) -> 0.32092115
A284: 19541 | B284: =IF(B157=0,"",ABS((B157-$AX157)/$AX157)) -> 9.8915908 | C284: =IF(C157=0,"",ABS((C157-$AX157)/$AX157)) -> 0.3146652 | D284: =IF(D157=0,"",ABS((D157-$AX157)/$AX157)) -> 0.30289089 | E284: =IF(E157=0,"",ABS((E157-$AX157)/$AX157)) -> 0.31418084 | F284: =IF(F157=0,"",ABS((F157-$AX157)/$AX157)) -> 0.28990913 | G284: =IF(G157=0,"",ABS((G157-$AX157)/$AX157)) -> 0.26826391 | H284: =IF(H157=0,"",ABS((H157-$AX157)/$AX157)) -> 0.25448635 | I284: =IF(I157=0,"",ABS((I157-$AX157)/$AX157)) -> 0.22551571 | ... AT284: =IF(AT157=0,"",ABS((AT157-$AX157)/$AX157)) | AW284: =MEDIAN($B157:$AT157) -> 0.00051667492 | AX284: =PERCENTILE($B284:$AT284,0.9) -> 0.56257829 | AY284: =PERCENTILE($B284:$AT284,0.1) -> 0.055381674 | AZ284: =MEDIAN($B284:$AT284) -> 0.23973297 | BA284: =PERCENTILE($B284:$AT284,0.8) -> 0.36253912
A285: 19542 | B285: =IF(B158=0,"",ABS((B158-$AX158)/$AX158)) -> 9.8398772 | C285: =IF(C158=0,"",ABS((C158-$AX158)/$AX158)) -> 0.31791918 | D285: =IF(D158=0,"",ABS((D158-$AX158)/$AX158)) -> 0.30620078 | E285: =IF(E158=0,"",ABS((E158-$AX158)/$AX158)) -> 0.31743713 | F285: =IF(F158=0,"",ABS((F158-$AX158)/$AX158)) -> 0.29328066 | G285: =IF(G158=0,"",ABS((G158-$AX158)/$AX158)) -> 0.27173821 | H285: =IF(H158=0,"",ABS((H158-$AX158)/$AX158)) -> 0.25802606 | I285: =IF(I158=0,"",ABS((I158-$AX158)/$AX158)) -> 0.22919298 | ... AT285: =IF(AT158=0,"",ABS((AT158-$AX158)/$AX158)) -> 0.78633889 | AW285: =MEDIAN($B158:$AT158) -> 0.00051667492 | AX285: =PERCENTILE($B285:$AT285,0.9) -> 0.59649549 | AY285: =PERCENTILE($B285:$AT285,0.1) -> 0.05806867 | AZ285: =MEDIAN($B285:$AT285) -> 0.24585061 | BA285: =PERCENTILE($B285:$AT285,0.8) -> 0.42354561
A286: 19543 | B286: =IF(B159=0,"",ABS((B159-$AX159)/$AX159)) -> 9.5383788 | C286: =IF(C159=0,"",ABS((C159-$AX159)/$AX159)) -> 0.32453715 | D286: =IF(D159=0,"",ABS((D159-$AX159)/$AX159)) -> 0.3129324 | E286: =IF(E159=0,"",ABS((E159-$AX159)/$AX159)) -> 0.32405972 | F286: =IF(F159=0,"",ABS((F159-$AX159)/$AX159)) -> 0.3001376 | G286: =IF(G159=0,"",ABS((G159-$AX159)/$AX159)) -> 0.2788041 | H286: =IF(H159=0,"",ABS((H159-$AX159)/$AX159)) -> 0.26522496 | I286: =IF(I159=0,"",ABS((I159-$AX159)/$AX159)) -> 0.2367782 | ... AT286: =IF(AT159=0,"",ABS((AT159-$AX159)/$AX159)) -> 0.79252239 | AW286: =MEDIAN($B159:$AT159) -> 0.00052694814 | AX286: =PERCENTILE($B286:$AT286,0.9) -> 0.69819188 | AY286: =PERCENTILE($B286:$AT286,0.1) -> 0.062747173 | AZ286: =MEDIAN($B286:$AT286) -> 0.25311528 | BA286: =PERCENTILE($B286:$AT286,0.8) -> 0.40954414
A287: 19544 | B287: =IF(B160=0,"",ABS((B160-$AX160)/$AX160)) -> 9.5383788 | C287: =IF(C160=0,"",ABS((C160-$AX160)/$AX160)) -> 0.32453715 | D287: =IF(D160=0,"",ABS((D160-$AX160)/$AX160)) -> 0.3129324 | E287: =IF(E160=0,"",ABS((E160-$AX160)/$AX160)) -> 0.32405972 | F287: =IF(F160=0,"",ABS((F160-$AX160)/$AX160)) -> 0.3001376 | G287: =IF(G160=0,"",ABS((G160-$AX160)/$AX160)) -> 0.2788041 | H287: =IF(H160=0,"",ABS((H160-$AX160)/$AX160)) -> 0.26522496 | I287: =IF(I160=0,"",ABS((I160-$AX160)/$AX160)) -> 0.2367782 | ... AT287: =IF(AT160=0,"",ABS((AT160-$AX160)/$AX160)) -> 0.79252239 | AW287: =MEDIAN($B160:$AT160) -> 0.00052694814 | AX287: =PERCENTILE($B287:$AT287,0.9) -> 0.69819188 | AY287: =PERCENTILE($B287:$AT287,0.1) -> 0.062747173 | AZ287: =MEDIAN($B287:$AT287) -> 0.25311528 | BA287: =PERCENTILE($B287:$AT287,0.8) -> 0.40954414
A288: 19545 | B288: =IF(B161=0,"",ABS((B161-$AX161)/$AX161)) -> 9.327446 | C288: =IF(C161=0,"",ABS((C161-$AX161)/$AX161)) -> 0.338057 | D288: =IF(D161=0,"",ABS((D161-$AX161)/$AX161)) -> 0.32668453 | E288: =IF(E161=0,"",ABS((E161-$AX161)/$AX161)) -> 0.33758912 | F288: =IF(F161=0,"",ABS((F161-$AX161)/$AX161)) -> 0.31414582 | G288: =IF(G161=0,"",ABS((G161-$AX161)/$AX161)) -> 0.29323932 | H288: =IF(H161=0,"",ABS((H161-$AX161)/$AX161)) -> 0.27993198 | I288: =IF(I161=0,"",ABS((I161-$AX161)/$AX161)) -> 0.2520546 | ... AT288: =IF(AT161=0,"",ABS((AT161-$AX161)/$AX161)) -> 0.7966752 | AW288: =MEDIAN($B161:$AT161) -> 0.00056973092 | AX288: =PERCENTILE($B288:$AT288,0.9) -> 0.64894679 | AY288: =PERCENTILE($B288:$AT288,0.1) -> 0.070476945 | AZ288: =MEDIAN($B288:$AT288) -> 0.24573205 | BA288: =PERCENTILE($B288:$AT288,0.8) -> 0.36966503
... A382: 19639 | B382: =IF(B255=0,"",ABS((B255-$AX255)/$AX255)) -> 2.220446e-16 | C382: =IF(C255=0,"",ABS((C255-$AX255)/$AX255)) -> 1.110223e-16 | D382: =IF(D255=0,"",ABS((D255-$AX255)/$AX255)) -> 0 | E382: =IF(E255=0,"",ABS((E255-$AX255)/$AX255)) -> 0 | F382: =IF(F255=0,"",ABS((F255-$AX255)/$AX255)) -> 1.110223e-16 | G382: =IF(G255=0,"",ABS((G255-$AX255)/$AX255)) -> 1.110223e-16 | H382: =IF(H255=0,"",ABS((H255-$AX255)/$AX255)) -> 0 | I382: =IF(I255=0,"",ABS((I255-$AX255)/$AX255)) -> 4.4408921e-16 | ... AT382: =IF(AT255=0,"",ABS((AT255-$AX255)/$AX255)) -> 2.220446e-16 | AW382: =MEDIAN($B255:$AT255) -> 1 | AX382: =PERCENTILE($B382:$AT382,0.9) -> 4.4408921e-16 | AY382: =PERCENTILE($B382:$AT382,0.1) -> 0 | AZ382: =MEDIAN($B382:$AT382) -> 2.220446e-16 | BA382: =PERCENTILE($B382:$AT382,0.8) -> 2.220446e-16
A386: ="Table 4. Hindcasted inseason forecasts of total Redoubt Lake coho escapement, 1953-"&MAX(B388:AT388)&"." -> Table 4. Hindcasted inseason forecasts of total Redoubt Lake coho escapement, 1953-2024.
A388: Date | B388: =B3 -> 1953 | C388: =C3 -> 1954 | D388: =D3 -> 1955 | E388: =E3 -> 1982 | F388: =F3 -> 1983 | G388: =G3 -> 1984 | H388: =H3 -> 1985 | I388: =I3 -> 1986 | ... AT388: =AT3 -> 2024
A389: 19520 | B389: =SUM(B$4:B4)/$BB4 -> #DIV/0! | C389: =SUM(C$4:C4)/$BB4 -> #DIV/0! | D389: =SUM(D$4:D4)/$BB4 -> #DIV/0! | E389: =SUM(E$4:E4)/$BB4 -> #DIV/0! | F389: =SUM(F$4:F4)/$BB4 -> #DIV/0! | G389: =SUM(G$4:G4)/$BB4 -> #DIV/0! | H389: =SUM(H$4:H4)/$BB4 -> #DIV/0! | I389: =SUM(I$4:I4)/$BB4 -> #DIV/0! | ... AT389: =SUM(AT$4:AT4)/$BB4 -> #DIV/0!
A390: 19521 | B390: =SUM(B$4:B5)/$BB5 -> #DIV/0! | C390: =SUM(C$4:C5)/$BB5 -> #DIV/0! | D390: =SUM(D$4:D5)/$BB5 -> #DIV/0! | E390: =SUM(E$4:E5)/$BB5 -> #DIV/0! | F390: =SUM(F$4:F5)/$BB5 -> #DIV/0! | G390: =SUM(G$4:G5)/$BB5 -> #DIV/0! | H390: =SUM(H$4:H5)/$BB5 -> #DIV/0! | I390: =SUM(I$4:I5)/$BB5 -> #DIV/0! | ... AT390: =SUM(AT$4:AT5)/$BB5 -> #DIV/0!
A391: 19522 | B391: =SUM(B$4:B6)/$BB6 -> #DIV/0! | C391: =SUM(C$4:C6)/$BB6 -> #DIV/0! | D391: =SUM(D$4:D6)/$BB6 -> #DIV/0! | E391: =SUM(E$4:E6)/$BB6 -> #DIV/0! | F391: =SUM(F$4:F6)/$BB6 -> #DIV/0! | G391: =SUM(G$4:G6)/$BB6 -> #DIV/0! | H391: =SUM(H$4:H6)/$BB6 -> #DIV/0! | I391: =SUM(I$4:I6)/$BB6 -> #DIV/0! | ... AT391: =SUM(AT$4:AT6)/$BB6 -> #DIV/0!
A392: 19523 | B392: =SUM(B$4:B7)/$BB7 -> #DIV/0! | C392: =SUM(C$4:C7)/$BB7 -> #DIV/0! | D392: =SUM(D$4:D7)/$BB7 -> #DIV/0! | E392: =SUM(E$4:E7)/$BB7 -> #DIV/0! | F392: =SUM(F$4:F7)/$BB7 -> #DIV/0! | G392: =SUM(G$4:G7)/$BB7 -> #DIV/0! | H392: =SUM(H$4:H7)/$BB7 -> #DIV/0! | I392: =SUM(I$4:I7)/$BB7 -> #DIV/0! | ... AT392: =SUM(AT$4:AT7)/$BB7 -> #DIV/0!
A393: 19524 | B393: =SUM(B$4:B8)/$BB8 -> #DIV/0! | C393: =SUM(C$4:C8)/$BB8 -> #DIV/0! | D393: =SUM(D$4:D8)/$BB8 -> #DIV/0! | E393: =SUM(E$4:E8)/$BB8 -> #DIV/0! | F393: =SUM(F$4:F8)/$BB8 -> #DIV/0! | G393: =SUM(G$4:G8)/$BB8 -> #DIV/0! | H393: =SUM(H$4:H8)/$BB8 -> #DIV/0! | I393: =SUM(I$4:I8)/$BB8 -> #DIV/0! | ... AT393: =SUM(AT$4:AT8)/$BB8 -> #DIV/0!
A394: 19525 | B394: =SUM(B$4:B9)/$BB9 -> #DIV/0! | C394: =SUM(C$4:C9)/$BB9 -> #DIV/0! | D394: =SUM(D$4:D9)/$BB9 -> #DIV/0! | E394: =SUM(E$4:E9)/$BB9 -> #DIV/0! | F394: =SUM(F$4:F9)/$BB9 -> #DIV/0! | G394: =SUM(G$4:G9)/$BB9 -> #DIV/0! | H394: =SUM(H$4:H9)/$BB9 -> #DIV/0! | I394: =SUM(I$4:I9)/$BB9 -> #DIV/0! | ... AT394: =SUM(AT$4:AT9)/$BB9 -> #DIV/0!
A395: 19526 | B395: =SUM(B$4:B10)/$BB10 -> #DIV/0! | C395: =SUM(C$4:C10)/$BB10 -> #DIV/0! | D395: =SUM(D$4:D10)/$BB10 -> #DIV/0! | E395: =SUM(E$4:E10)/$BB10 -> #DIV/0! | F395: =SUM(F$4:F10)/$BB10 -> #DIV/0! | G395: =SUM(G$4:G10)/$BB10 -> #DIV/0! | H395: =SUM(H$4:H10)/$BB10 -> #DIV/0! | I395: =SUM(I$4:I10)/$BB10 -> #DIV/0! | ... AT395: =SUM(AT$4:AT10)/$BB10 -> #DIV/0!
A396: 19527 | B396: =SUM(B$4:B11)/$BB11 -> #DIV/0! | C396: =SUM(C$4:C11)/$BB11 -> #DIV/0! | D396: =SUM(D$4:D11)/$BB11 -> #DIV/0! | E396: =SUM(E$4:E11)/$BB11 -> #DIV/0! | F396: =SUM(F$4:F11)/$BB11 -> #DIV/0! | G396: =SUM(G$4:G11)/$BB11 -> #DIV/0! | H396: =SUM(H$4:H11)/$BB11 -> #DIV/0! | I396: =SUM(I$4:I11)/$BB11 -> #DIV/0! | ... AT396: =SUM(AT$4:AT11)/$BB11 -> #DIV/0!
A397: 19528 | B397: =SUM(B$4:B12)/$BB12 -> #DIV/0! | C397: =SUM(C$4:C12)/$BB12 -> #DIV/0! | D397: =SUM(D$4:D12)/$BB12 -> #DIV/0! | E397: =SUM(E$4:E12)/$BB12 -> #DIV/0! | F397: =SUM(F$4:F12)/$BB12 -> #DIV/0! | G397: =SUM(G$4:G12)/$BB12 -> #DIV/0! | H397: =SUM(H$4:H12)/$BB12 -> #DIV/0! | I397: =SUM(I$4:I12)/$BB12 -> #DIV/0! | ... AT397: =SUM(AT$4:AT12)/$BB12 -> #DIV/0!
A398: 19529 | B398: =SUM(B$4:B13)/$BB13 -> #DIV/0! | C398: =SUM(C$4:C13)/$BB13 -> #DIV/0! | D398: =SUM(D$4:D13)/$BB13 -> #DIV/0! | E398: =SUM(E$4:E13)/$BB13 -> #DIV/0! | F398: =SUM(F$4:F13)/$BB13 -> #DIV/0! | G398: =SUM(G$4:G13)/$BB13 -> #DIV/0! | H398: =SUM(H$4:H13)/$BB13 -> #DIV/0! | I398: =SUM(I$4:I13)/$BB13 -> #DIV/0! | ... AT398: =SUM(AT$4:AT13)/$BB13 -> #DIV/0!
A399: 19530 | B399: =SUM(B$4:B14)/$BB14 -> #DIV/0! | C399: =SUM(C$4:C14)/$BB14 -> #DIV/0! | D399: =SUM(D$4:D14)/$BB14 -> #DIV/0! | E399: =SUM(E$4:E14)/$BB14 -> #DIV/0! | F399: =SUM(F$4:F14)/$BB14 -> #DIV/0! | G399: =SUM(G$4:G14)/$BB14 -> #DIV/0! | H399: =SUM(H$4:H14)/$BB14 -> #DIV/0! | I399: =SUM(I$4:I14)/$BB14 -> #DIV/0! | ... AT399: =SUM(AT$4:AT14)/$BB14 -> #DIV/0!
A400: 19531 | B400: =SUM(B$4:B15)/$BB15 -> #DIV/0! | C400: =SUM(C$4:C15)/$BB15 -> #DIV/0! | D400: =SUM(D$4:D15)/$BB15 -> #DIV/0! | E400: =SUM(E$4:E15)/$BB15 -> #DIV/0! | F400: =SUM(F$4:F15)/$BB15 -> #DIV/0! | G400: =SUM(G$4:G15)/$BB15 -> #DIV/0! | H400: =SUM(H$4:H15)/$BB15 -> #DIV/0! | I400: =SUM(I$4:I15)/$BB15 -> #DIV/0! | ... AT400: =SUM(AT$4:AT15)/$BB15 -> #DIV/0!
... A508: 19639 | B508: =SUM(B$4:B123)/$BB123 -> 7148.4784 | C508: =SUM(C$4:C123)/$BB123 -> 7419.3154 | D508: =SUM(D$4:D123)/$BB123 -> 3630.0606 | E508: =SUM(E$4:E123)/$BB123 -> 1298.5265 | F508: =SUM(F$4:F123)/$BB123 -> 2335.7854 | G508: =SUM(G$4:G123)/$BB123 -> 4898.0874 | H508: =SUM(H$4:H123)/$BB123 -> 2108.7028 | I508: =SUM(I$4:I123)/$BB123 -> 3311.7733 | ... AT508: =SUM(AT$4:AT123)/$BB123 -> 7253.4145
A513: ="Table 5. Hindcasted inseason forecasts of total Redoubt Lake coho escapement, 1953-"&MAX(B515:AT515)&"." -> Table 5. Hindcasted inseason forecasts of total Redoubt Lake coho escapement, 1953-2024.
A515: Date | B515: =B3 -> 1953 | C515: =C3 -> 1954 | D515: =D3 -> 1955 | E515: =E3 -> 1982 | F515: =F3 -> 1983 | G515: =G3 -> 1984 | H515: =H3 -> 1985 | I515: =I3 -> 1986 | ... AT515: =AT3 -> 2024
A516: 19520 | B516: =SUM(B$4:B131)/$BB131 -> #DIV/0! | C516: =SUM(C$4:C131)/$BB131 -> #DIV/0! | D516: =SUM(D$4:D131)/$BB131 -> #DIV/0! | E516: =SUM(E$4:E131)/$BB131 -> #DIV/0! | F516: =SUM(F$4:F131)/$BB131 -> #DIV/0! | G516: =SUM(G$4:G131)/$BB131 -> #DIV/0! | H516: =SUM(H$4:H131)/$BB131 -> #DIV/0! | I516: =SUM(I$4:I131)/$BB131 -> #DIV/0! | ... AT516: =SUM(AT$4:AT131)/$BB131 -> #DIV/0!
A517: 19521 | B517: =SUM(B$4:B132)/$BB132 -> #DIV/0! | C517: =SUM(C$4:C132)/$BB132 -> #DIV/0! | D517: =SUM(D$4:D132)/$BB132 -> #DIV/0! | E517: =SUM(E$4:E132)/$BB132 -> #DIV/0! | F517: =SUM(F$4:F132)/$BB132 -> #DIV/0! | G517: =SUM(G$4:G132)/$BB132 -> #DIV/0! | H517: =SUM(H$4:H132)/$BB132 -> #DIV/0! | I517: =SUM(I$4:I132)/$BB132 -> #DIV/0! | ... AT517: =SUM(AT$4:AT132)/$BB132 -> #DIV/0!
A518: 19522 | B518: =SUM(B$4:B133)/$BB133 -> #DIV/0! | C518: =SUM(C$4:C133)/$BB133 -> #DIV/0! | D518: =SUM(D$4:D133)/$BB133 -> #DIV/0! | E518: =SUM(E$4:E133)/$BB133 -> #DIV/0! | F518: =SUM(F$4:F133)/$BB133 -> #DIV/0! | G518: =SUM(G$4:G133)/$BB133 -> #DIV/0! | H518: =SUM(H$4:H133)/$BB133 -> #DIV/0! | I518: =SUM(I$4:I133)/$BB133 -> #DIV/0! | ... AT518: =SUM(AT$4:AT133)/$BB133 -> #DIV/0!
A519: 19523 | B519: =SUM(B$4:B134)/$BB134 -> #DIV/0! | C519: =SUM(C$4:C134)/$BB134 -> #DIV/0! | D519: =SUM(D$4:D134)/$BB134 -> #DIV/0! | E519: =SUM(E$4:E134)/$BB134 -> #DIV/0! | F519: =SUM(F$4:F134)/$BB134 -> #DIV/0! | G519: =SUM(G$4:G134)/$BB134 -> #DIV/0! | H519: =SUM(H$4:H134)/$BB134 -> #DIV/0! | I519: =SUM(I$4:I134)/$BB134 -> #DIV/0! | ... AT519: =SUM(AT$4:AT134)/$BB134 -> #DIV/0!
A520: 19524 | B520: =SUM(B$4:B135)/$BB135 -> #VALUE! | C520: =SUM(C$4:C135)/$BB135 -> #VALUE! | D520: =SUM(D$4:D135)/$BB135 -> #VALUE! | E520: =SUM(E$4:E135)/$BB135 -> #VALUE! | F520: =SUM(F$4:F135)/$BB135 -> #VALUE! | G520: =SUM(G$4:G135)/$BB135 -> #VALUE! | H520: =SUM(H$4:H135)/$BB135 -> #VALUE! | I520: =SUM(I$4:I135)/$BB135 -> #VALUE! | ... AT520: =SUM(AT$4:AT135)/$BB135 -> #VALUE!
A521: 19525 | B521: =SUM(B$4:B136)/$BB136 -> #DIV/0! | C521: =SUM(C$4:C136)/$BB136 -> #DIV/0! | D521: =SUM(D$4:D136)/$BB136 -> #DIV/0! | E521: =SUM(E$4:E136)/$BB136 -> #DIV/0! | F521: =SUM(F$4:F136)/$BB136 -> #DIV/0! | G521: =SUM(G$4:G136)/$BB136 -> #DIV/0! | H521: =SUM(H$4:H136)/$BB136 -> #DIV/0! | I521: =SUM(I$4:I136)/$BB136 -> #DIV/0! | ... AT521: =SUM(AT$4:AT136)/$BB136 -> #DIV/0!
A522: 19526 | B522: =SUM(B$4:B137)/$BB137 -> #DIV/0! | C522: =SUM(C$4:C137)/$BB137 -> #DIV/0! | D522: =SUM(D$4:D137)/$BB137 -> #DIV/0! | E522: =SUM(E$4:E137)/$BB137 -> #DIV/0! | F522: =SUM(F$4:F137)/$BB137 -> #DIV/0! | G522: =SUM(G$4:G137)/$BB137 -> #DIV/0! | H522: =SUM(H$4:H137)/$BB137 -> #DIV/0! | I522: =SUM(I$4:I137)/$BB137 -> #DIV/0! | ... AT522: =SUM(AT$4:AT137)/$BB137 -> #DIV/0!
A523: 19527 | B523: =SUM(B$4:B138)/$BB138 -> #DIV/0! | C523: =SUM(C$4:C138)/$BB138 -> #DIV/0! | D523: =SUM(D$4:D138)/$BB138 -> #DIV/0! | E523: =SUM(E$4:E138)/$BB138 -> #DIV/0! | F523: =SUM(F$4:F138)/$BB138 -> #DIV/0! | G523: =SUM(G$4:G138)/$BB138 -> #DIV/0! | H523: =SUM(H$4:H138)/$BB138 -> #DIV/0! | I523: =SUM(I$4:I138)/$BB138 -> #DIV/0! | ... AT523: =SUM(AT$4:AT138)/$BB138 -> #DIV/0!
A524: 19528 | B524: =SUM(B$4:B139)/$BB139 -> #DIV/0! | C524: =SUM(C$4:C139)/$BB139 -> #DIV/0! | D524: =SUM(D$4:D139)/$BB139 -> #DIV/0! | E524: =SUM(E$4:E139)/$BB139 -> #DIV/0! | F524: =SUM(F$4:F139)/$BB139 -> #DIV/0! | G524: =SUM(G$4:G139)/$BB139 -> #DIV/0! | H524: =SUM(H$4:H139)/$BB139 -> #DIV/0! | I524: =SUM(I$4:I139)/$BB139 -> #DIV/0! | ... AT524: =SUM(AT$4:AT139)/$BB139 -> #DIV/0!
A525: 19529 | B525: =SUM(B$4:B140)/$BB140 -> #DIV/0! | C525: =SUM(C$4:C140)/$BB140 -> #DIV/0! | D525: =SUM(D$4:D140)/$BB140 -> #DIV/0! | E525: =SUM(E$4:E140)/$BB140 -> #DIV/0! | F525: =SUM(F$4:F140)/$BB140 -> #DIV/0! | G525: =SUM(G$4:G140)/$BB140 -> #DIV/0! | H525: =SUM(H$4:H140)/$BB140 -> #DIV/0! | I525: =SUM(I$4:I140)/$BB140 -> #DIV/0! | ... AT525: =SUM(AT$4:AT140)/$BB140 -> #DIV/0!
...

Sheet sockeye prediction figure
A46: Figure 1. | B46: ="Inseason predictions of the Redoubt Lake sockeye escapement, "&MAX('Sockeye w EM Fill-in'!B3:AU3)+1&"." -> Inseason predictions of the Redoubt Lake sockeye escapement, 2026.
B47: ="(Based on weir counts through "&MONTH(Currentyear!C4)&"/"&DAY(Currentyear!C4)&")" -> (Based on weir counts through 8/30)

Sheet coho prediction figure
A46: Figure 1. | B46: ="Inseason predictions of the Redoubt Lake Coho Salmon escapement, "&MAX('Sockeye w EM Fill-in'!B3:AO3)+1&"." -> Inseason predictions of the Redoubt Lake Coho Salmon escapement, 2020.
B47: ="(Based on weir counts through "&MONTH(Currentyear!C4)&"/"&DAY(Currentyear!C4)&")" -> (Based on weir counts through 8/30)
