Workbook

Sheet Data Entry - Projections
A1: Redoubt Sockeye Tracking | Q1: OEG Range = | R1: 7000 | S1: 25000
B3: ENTER | J3: Forecasts -- Sockeye Salmon
B4: DATA | C4: _ | D4: _ | E4: _ | F4: _ | G4: _ | H4: _
B5: BELOW | F5: 10-year | G5: 10-year | H5: 10-year | J5: Three | K5: 10-year | L5: Three | N5: 1983-present
D6: Escapement Goal | F6: Avg. | G6: Avg. | H6: Avg. | J6: Days | K6: On | L6: Days | N6: On
B7: 2025 | C7: 2025 | D7: _ | E7: _ | F7: Cum | G7: Cum | H7: Daily | J7: Early | K7: Time | L7: Late | N7: Time
A8: Day | B8: Daily | C8: Cum. | D8: Lower | E8: Upper | F8: Prop. | G8: Number | H8: No.
A10: 164 | D10: =$R$1*F10 -> 0 | E10: =$S$1*F10 -> 0 | F10: =HistData!GQ5 -> 0 | G10: =+HistData!AW5 -> 0 | H10: =+HistData!AV5 -> 0
A11: 165 | D11: =$R$1*F11 -> 0 | E11: =$S$1*F11 -> 0 | F11: =HistData!GQ6 -> 0 | G11: =+HistData!AW6 -> 0 | H11: =+HistData!AV6 -> 0 | AD11: Lower | AE11: Upper
A12: 166 | B12: 1 | C12: =IF(B12="",NA(),B12+C11) -> 1 | D12: =$R$1*F12 -> 0 | E12: =$S$1*F12 -> 0 | F12: =HistData!GQ7 -> 0 | G12: =+HistData!AW7 -> 0 | H12: =+HistData!AV7 -> 0 | AC12: 167 | AD12: 0.37395703 | AE12: 1.3355608 | AI12: SW | AJ12: Lower | AK12: Upper
A13: 167 | B13: 7 | C13: =IF(B13="",NA(),B13+C12) -> 8 | D13: =$R$1*F13 -> 0.46017334 | E13: =$S$1*F13 -> 1.6434762 | F13: =HistData!GQ8 -> 6.5739048e-05 | G13: =+HistData!AW8 -> 7.1428571 | H13: =+HistData!AV8 -> 7.1428571 | K13: =IF(B13="","",C13/F13) -> 121693.27 | AC13: 168 | AD13: 1.2071172 | AE13: 4.3111328 | AI13: 25 | AJ13: 8 | AK13: 28
A14: 168 | B14: 13 | C14: =IF(B14="",NA(),B14+C13) -> 21 | D14: =$R$1*F14 -> 1.1724318 | E14: =$S$1*F14 -> 4.1872565 | F14: =HistData!GQ9 -> 0.00016749026 | G14: =+HistData!AW9 -> 23.857143 | H14: =+HistData!AV9 -> 16.714286 | K14: =IF(B14="","",C14/F14) -> 125380.42 | AC14: 169 | AD14: 2.481626 | AE14: 8.86295 | AI14: 26 | AJ14: 111 | AK14: 395
A15: 169 | B15: 7 | C15: =IF(B15="",NA(),B15+C14) -> 28 | D15: =$R$1*F15 -> 2.7092981 | E15: =$S$1*F15 -> 9.6760647 | F15: =HistData!GQ10 -> 0.00038704259 | G15: =+HistData!AW10 -> 51.982143 | H15: =+HistData!AV10 -> 28.125 | K15: =IF(B15="","",C15/F15) -> 72343.46 | AC15: 170 | AD15: 7.780685 | AE15: 27.788161 | AI15: 27 | AJ15: 471 | AK15: 1681
A16: 170 | B16: 1 | C16: =IF(B16="",NA(),B16+C15) -> 29 | D16: =$R$1*F16 -> 6.8325806 | E16: =$S$1*F16 -> 24.402073 | F16: =HistData!GQ11 -> 0.00097608294 | G16: =+HistData!AW11 -> 139.09325 | H16: =+HistData!AV11 -> 87.111111 | K16: =IF(B16="","",C16/F16) -> 29710.59 | AC16: 171 | AD16: 13.834293 | AE16: 49.408188 | AI16: 28 | AJ16: 1055 | AK16: 3770
A17: 171 | B17: 8 | C17: =IF(B17="",NA(),B17+C16) -> 37 | D17: =$R$1*F17 -> 13.985804 | E17: =$S$1*F17 -> 49.949298 | F17: =HistData!GQ12 -> 0.0019979719 | G17: =+HistData!AW12 -> 303.49325 | H17: =+HistData!AV12 -> 164.4 | K17: =IF(B17="","",C17/F17) -> 18518.779 | AC17: 172 | AD17: 29.105139 | AE17: 103.94692 | AI17: 29 | AJ17: 2009 | AK17: 7175
A18: 172 | B18: 549 | C18: =IF(B18="",NA(),B18+C17) -> 586 | D18: =$R$1*F18 -> 16.278447 | E18: =$S$1*F18 -> 58.137311 | F18: =HistData!GQ13 -> 0.0023254925 | G18: =+HistData!AW13 -> 330.79325 | H18: =+HistData!AV13 -> 27.3 | K18: =IF(B18="","",C18/F18) -> 251989.64 | AC18: 173 | AD18: 38.553726 | AE18: 137.69188 | AI18: 30 | AJ18: 2985 | AK18: 10660
A19: 173 | B19: 2 | C19: =IF(B19="",NA(),B19+C18) -> 588 | D19: =$R$1*F19 -> 22.424283 | E19: =$S$1*F19 -> 80.086724 | F19: =HistData!GQ14 -> 0.0032034689 | G19: =+HistData!AW14 -> 459.59325 | H19: =+HistData!AV14 -> 128.8 | K19: =IF(B19="","",C19/F19) -> 183551.02 | AC19: 174 | AD19: 44.477237 | AE19: 158.84728 | AI19: 31 | AJ19: 4075 | AK19: 14544
A20: 174 | B20: 0 | C20: =IF(B20="",NA(),B20+C19) -> 588 | D20: =$R$1*F20 -> 33.228379 | E20: =$S$1*F20 -> 118.67278 | F20: =HistData!GQ15 -> 0.0047469114 | G20: =+HistData!AW15 -> 707.19325 | H20: =+HistData!AV15 -> 247.6 | K20: =IF(B20="","",C20/F20) -> 123870.02 | AC20: 175 | AD20: 70.659865 | AE20: 252.35666 | AI20: 32 | AJ20: 5093 | AK20: 18190
A21: 175 | B21: 626 | C21: =IF(B21="",NA(),B21+C20) -> 1214 | D21: =$R$1*F21 -> 46.757142 | E21: =$S$1*F21 -> 166.98979 | F21: =HistData!GQ16 -> 0.0066795918 | G21: =+HistData!AW16 -> 949.09325 | H21: =+HistData!AV16 -> 241.9 | K21: =IF(B21="","",C21/F21) -> 181747.63 | AC21: 176 | AD21: 91.983603 | AE21: 328.51287 | AI21: 33 | AJ21: 5913 | AK21: 21119
A22: 176 | B22: 517 | C22: =IF(B22="",NA(),B22+C21) -> 1731 | D22: =$R$1*F22 -> 53.264897 | E22: =$S$1*F22 -> 190.23177 | F22: =HistData!GQ17 -> 0.0076092709 | G22: =+HistData!AW17 -> 1009.9933 | H22: =+HistData!AV17 -> 60.9 | K22: =IF(B22="","",C22/F22) -> 227485.66 | AC22: 177 | AD22: 110.71163 | AE22: 395.39867 | AI22: 34 | AJ22: 6424 | AK22: 22943
A23: 177 | B23: 724 | C23: =IF(B23="",NA(),B23+C22) -> 2455 | D23: =$R$1*F23 -> 68.929786 | E23: =$S$1*F23 -> 246.17781 | F23: =HistData!GQ18 -> 0.0098471123 | G23: =+HistData!AW18 -> 1215.5933 | H23: =+HistData!AV18 -> 205.6 | K23: =IF(B23="","",C23/F23) -> 249311.67 | AC23: 178 | AD23: 145.33138 | AE23: 519.04065 | AI23: 35 | AJ23: 6766 | AK23: 24165
A24: 178 | B24: 872 | C24: =IF(B24="",NA(),B24+C23) -> 3327 | D24: =$R$1*F24 -> 104.90045 | E24: =$S$1*F24 -> 374.64447 | F24: =HistData!GQ19 -> 0.014985779 | G24: =+HistData!AW19 -> 1591.5933 | H24: =+HistData!AV19 -> 376 | K24: =IF(B24="","",C24/F24) -> 222010.48 | AC24: 179 | AD24: 205.8597 | AE24: 735.2132 | AI24: 36 | AJ24: 6971 | AK24: 24896
A25: 179 | B25: 312 | C25: =IF(B25="",NA(),B25+C24) -> 3639 | D25: =$R$1*F25 -> 147.46984 | E25: =$S$1*F25 -> 526.678 | F25: =HistData!GQ20 -> 0.02106712 | G25: =+HistData!AW20 -> 2221.1933 | H25: =+HistData!AV20 -> 629.6 | K25: =IF(B25="","",C25/F25) -> 172733.62 | AC25: 180 | AD25: 247.97709 | AE25: 885.63247 | AI25: 37 | AJ25: 7000 | AK25: 25000
A26: 180 | B26: 3293 | C26: =IF(B26="",NA(),B26+C25) -> 6932 | D26: =$R$1*F26 -> 185.94855 | E26: =$S$1*F26 -> 664.10196 | F26: =HistData!GQ21 -> 0.026564078 | G26: =+HistData!AW21 -> 2687.9933 | H26: =+HistData!AV21 -> 466.8 | K26: =IF(B26="","",C26/F26) -> 260953.91 | AC26: 181 | AD26: 310.37239 | AE26: 1108.4728
A27: 181 | B27: 1179 | C27: =IF(B27="",NA(),B27+C26) -> 8111 | D27: =$R$1*F27 -> 247.36432 | E27: =$S$1*F27 -> 883.44401 | F27: =HistData!GQ22 -> 0.03533776 | G27: =+HistData!AW22 -> 3326.0933 | H27: =+HistData!AV22 -> 638.1 | K27: =IF(B27="","",C27/F27) -> 229527.85 | AC27: 182 | AD27: 378.51457 | AE27: 1351.8377
A28: 182 | B28: 4691 | C28: =IF(B28="",NA(),B28+C27) -> 12802 | D28: =$R$1*F28 -> 298.6549 | E28: =$S$1*F28 -> 1066.6246 | F28: =HistData!GQ23 -> 0.042664985 | G28: =+HistData!AW23 -> 3877.5933 | H28: =+HistData!AV23 -> 551.5 | K28: =IF(B28="","",C28/F28) -> 300058.7 | AC28: 183 | AD28: 425.82273 | AE28: 1520.7955
A29: 183 | B29: 4513 | C29: =IF(B29="",NA(),B29+C28) -> 17315 | D29: =$R$1*F29 -> 333.7934 | E29: =$S$1*F29 -> 1192.1193 | F29: =HistData!GQ24 -> 0.047684771 | G29: =+HistData!AW24 -> 4424.4933 | H29: =+HistData!AV24 -> 546.9 | J29: =IF(B29="","",C29/F32) -> 251542.01 | K29: =IF(B29="","",C29/F29) -> 363113.83 | L29: =IF(B29="","",C29/F26) -> 651820.09 | N29: =IF(B29="","",C29/HistData!CU24) -> 497015.06 | P29: 5% of the way through the esc is way too early for inseason projections but they start here anyways | AC29: 184 | AD29: 470.73517 | AE29: 1681.197
A30: 184 | B30: 5432 | C30: =IF(B30="",NA(),B30+C29) -> 22747 | D30: =$R$1*F30 -> 360.76078 | E30: =$S$1*F30 -> 1288.4313 | F30: =HistData!GQ25 -> 0.051537254 | G30: =+HistData!AW25 -> 4912.7933 | H30: =+HistData!AV25 -> 488.3 | J30: =IF(B30="","",C30/F33) -> 269143.48 | K30: =IF(B30="","",C30/F30) -> 441370.05 | L30: =IF(B30="","",C30/F27) -> 643702.37 | N30: =IF(B30="","",C30/HistData!CU25) -> 572606.21 | AC30: 185 | AD30: 538.9056 | AE30: 1924.6629
A31: 185 | B31: 2001 | C31: =IF(B31="",NA(),B31+C30) -> 24748 | D31: =$R$1*F31 -> 410.2808 | E31: =$S$1*F31 -> 1465.2886 | F31: =HistData!GQ26 -> 0.058611543 | G31: =+HistData!AW26 -> 5458.0933 | H31: =+HistData!AV26 -> 545.3 | J31: =IF(B31="","",C31/F34) -> 265259.19 | K31: =IF(B31="","",C31/F31) -> 422237.65 | L31: =IF(B31="","",C31/F28) -> 580054.11 | N31: =IF(B31="","",C31/HistData!CU26) -> 542223.55 | AC31: 186 | AD31: 633.00199 | AE31: 2260.7214
A32: 186 | B32: 3651 | C32: =IF(B32="",NA(),B32+C31) -> 28399 | D32: =$R$1*F32 -> 481.84794 | E32: =$S$1*F32 -> 1720.8855 | F32: =HistData!GQ27 -> 0.06883542 | G32: =+HistData!AW27 -> 6163.5933 | H32: =+HistData!AV27 -> 705.5 | J32: =IF(B32="","",C32/F35) -> 283022.8 | K32: =IF(B32="","",C32/F32) -> 412563.76 | L32: =IF(B32="","",C32/F29) -> 595557.02 | N32: =IF(B32="","",C32/HistData!CU27) -> 528882.69 | AC32: 187 | AD32: 689.4825 | AE32: 2462.4375
A33: 187 | B33: 6184 | C33: =IF(B33="",NA(),B33+C32) -> 34583 | D33: =$R$1*F33 -> 591.6138 | E33: =$S$1*F33 -> 2112.9064 | F33: =HistData!GQ28 -> 0.084516258 | G33: =+HistData!AW28 -> 7844.0933 | H33: =+HistData!AV28 -> 1680.5 | J33: =IF(B33="","",C33/F36) -> 274673.28 | K33: =IF(B33="","",C33/F33) -> 409187.55 | L33: =IF(B33="","",C33/F30) -> 671029.16 | N33: =IF(B33="","",C33/HistData!CU28) -> 546462.27 | AC33: 188 | AD33: 772.20773 | AE33: 2757.8847
A34: 188 | B34: 5338 | C34: =IF(B34="",NA(),B34+C33) -> 39921 | D34: =$R$1*F34 -> 653.08199 | E34: =$S$1*F34 -> 2332.4357 | F34: =HistData!GQ29 -> 0.093297427 | G34: =+HistData!AW29 -> 8435.6933 | H34: =+HistData!AV29 -> 591.6 | J34: =IF(B34="","",C34/F37) -> 285224.93 | K34: =IF(B34="","",C34/F34) -> 427889.61 | L34: =IF(B34="","",C34/F31) -> 681111.57 | N34: =IF(B34="","",C34/HistData!CU29) -> 551384.01 | AC34: 189 | AD34: 817.66124 | AE34: 2920.2187
A35: 189 | B35: 7942 | C35: =IF(B35="",NA(),B35+C34) -> 47863 | D35: =$R$1*F35 -> 702.39216 | E35: =$S$1*F35 -> 2508.5434 | F35: =HistData!GQ30 -> 0.10034174 | G35: =+HistData!AW30 -> 9109.3933 | H35: =+HistData!AV30 -> 673.7 | J35: =IF(B35="","",C35/F38) -> 282923.23 | K35: =IF(B35="","",C35/F35) -> 476999.91 | L35: =IF(B35="","",C35/F32) -> 695325.17 | N35: =IF(B35="","",C35/HistData!CU30) -> 579279.6 | AC35: 190 | AD35: 967.487 | AE35: 3455.3107
A36: 190 | B36: 5410 | C36: =IF(B36="",NA(),B36+C35) -> 53273 | D36: =$R$1*F36 -> 881.34163 | E36: =$S$1*F36 -> 3147.6487 | F36: =HistData!GQ31 -> 0.12590595 | G36: =+HistData!AW31 -> 10985.393 | H36: =+HistData!AV31 -> 1876 | J36: =IF(B36="","",C36/F39) -> 281659.71 | K36: =IF(B36="","",C36/F36) -> 423117.42 | L36: =IF(B36="","",C36/F33) -> 630328.43 | N36: =IF(B36="","",C36/HistData!CU31) -> 545061.02 | AC36: 191 | AD36: 1055.4737 | AE36: 3769.5488
A37: 191 | B37: 5433 | C37: =IF(B37="",NA(),B37+C36) -> 58706 | D37: =$R$1*F37 -> 979.74254 | E37: =$S$1*F37 -> 3499.0805 | F37: =HistData!GQ32 -> 0.13996322 | G37: =+HistData!AW32 -> 11870.793 | H37: =+HistData!AV32 -> 885.4 | J37: =IF(B37="","",C37/F40) -> 287600.68 | K37: =IF(B37="","",C37/F37) -> 419438.77 | L37: =IF(B37="","",C37/F34) -> 629234.93 | N37: =IF(B37="","",C37/HistData!CU32) -> 530373.96 | AC37: 192 | AD37: 1240.4081 | AE37: 4430.0289
A38: 192 | B38: 6808 | C38: =IF(B38="",NA(),B38+C37) -> 65514 | D38: =$R$1*F38 -> 1184.2117 | E38: =$S$1*F38 -> 4229.3276 | F38: =HistData!GQ33 -> 0.1691731 | G38: =+HistData!AW33 -> 14686.793 | H38: =+HistData!AV33 -> 2816 | J38: =IF(B38="","",C38/F41) -> 286435.94 | K38: =IF(B38="","",C38/F38) -> 387260.14 | L38: =IF(B38="","",C38/F35) -> 652908.77 | N38: =IF(B38="","",C38/HistData!CU33) -> 498264.96 | AC38: 193 | AD38: 1363.885 | AE38: 4871.0179
A39: 193 | B39: 5114 | C39: =IF(B39="",NA(),B39+C38) -> 70628 | D39: =$R$1*F39 -> 1323.9771 | E39: =$S$1*F39 -> 4728.4895 | F39: =HistData!GQ34 -> 0.18913958 | G39: =+HistData!AW34 -> 16163.493 | H39: =+HistData!AV34 -> 1476.7 | J39: =IF(B39="","",C39/F42) -> 291006.46 | K39: =IF(B39="","",C39/F39) -> 373417.34 | L39: =IF(B39="","",C39/F36) -> 560958.41 | N39: =IF(B39="","",C39/HistData!CU34) -> 469537.93 | AC39: 194 | AD39: 1470.0081 | AE39: 5250.0291
A40: 194 | B40: 5290 | C40: =IF(B40="",NA(),B40+C39) -> 75918 | D40: =$R$1*F40 -> 1428.8631 | E40: =$S$1*F40 -> 5103.0825 | F40: =HistData!GQ35 -> 0.2041233 | G40: =+HistData!AW35 -> 17623.193 | H40: =+HistData!AV35 -> 1459.7 | J40: =IF(B40="","",C40/F43) -> 283681.06 | K40: =IF(B40="","",C40/F40) -> 371922.26 | L40: =IF(B40="","",C40/F37) -> 542413.93 | N40: =IF(B40="","",C40/HistData!CU35) -> 448210.64 | AC40: 195 | AD40: 1644.5464 | AE40: 5873.3802
A41: 195 | B41: 6436 | C41: =IF(B41="",NA(),B41+C40) -> 82354 | D41: =$R$1*F41 -> 1601.0491 | E41: =$S$1*F41 -> 5718.0324 | F41: =HistData!GQ36 -> 0.2287213 | G41: =+HistData!AW36 -> 19531.293 | H41: =+HistData!AV36 -> 1908.1 | J41: =IF(B41="","",C41/F44) -> 291973.44 | K41: =IF(B41="","",C41/F41) -> 360062.67 | L41: =IF(B41="","",C41/F38) -> 486803.15 | N41: =IF(B41="","",C41/HistData!CU36) -> 438436.12 | AC41: 196 | AD41: 1722.0801 | AE41: 6150.2861
... A90: 244 | B90: 417 | C90: =IF(B90="",NA(),B90+C89) -> 228974 | D90: =$R$1*F90 -> 6912.3059 | E90: =$S$1*F90 -> 24686.807 | F90: =HistData!GQ85 -> 0.98747228 | G90: =+HistData!AW85 -> 76606.9 | H90: =+HistData!AV85 -> 306.22222 | J90: =IF(B90="","",C90/F93) -> 230030.21 | K90: =IF(B90="","",C90/F90) -> 231878.92 | L90: =IF(B90="","",C90/F87) -> 235104.33 | N90: =IF(B90="","",C90/HistData!CU85) -> 232943.57 | AC90: 245 | AD90: 6929.9518 | AE90: 24749.828
A91: 245 | C91: =IF(B91="",NA(),B91+C90) -> #N/A | D91: =$R$1*F91 -> 6928.0094 | E91: =$S$1*F91 -> 24742.891 | F91: =HistData!GQ86 -> 0.98971563 | G91: =+HistData!AW86 -> 76827.4 | H91: =+HistData!AV86 -> 220.5 | J91: =IF(B91="","",C91/F94) | K91: =IF(B91="","",C91/F91) | L91: =IF(B91="","",C91/F88) | N91: =IF(B91="","",C91/HistData!CU86) | AC91: 246 | AD91: 6954.3394 | AE91: 24836.926
A92: 246 | C92: =IF(B92="",NA(),B92+C91) -> #N/A | D92: =$R$1*F92 -> 6949.0653 | E92: =$S$1*F92 -> 24818.09 | F92: =HistData!GQ87 -> 0.99272361 | G92: =+HistData!AW87 -> 77080.9 | H92: =+HistData!AV87 -> 253.5 | J92: =IF(B92="","",C92/F95) | K92: =IF(B92="","",C92/F92) | L92: =IF(B92="","",C92/F89) | N92: =IF(B92="","",C92/HistData!CU87) | AC92: 247 | AD92: 6970.8204 | AE92: 24895.787
A93: 247 | C93: =IF(B93="",NA(),B93+C92) -> #N/A | D93: =$R$1*F93 -> 6967.8586 | E93: =$S$1*F93 -> 24885.209 | F93: =HistData!GQ88 -> 0.99540837 | G93: =+HistData!AW88 -> 77312.9 | H93: =+HistData!AV88 -> 232 | J93: =IF(B93="","",C93/F96) | K93: =IF(B93="","",C93/F93) | L93: =IF(B93="","",C93/F90) | N93: =IF(B93="","",C93/HistData!CU88) | AC93: 248 | AD93: 6978.1219 | AE93: 24921.864
A94: 248 | C94: =IF(B94="",NA(),B94+C93) -> #N/A | D94: =$R$1*F94 -> 6978.1219 | E94: =$S$1*F94 -> 24921.864 | F94: =HistData!GQ89 -> 0.99687456 | G94: =+HistData!AW89 -> 77523.4 | H94: =+HistData!AV89 -> 210.5 | J94: =IF(B94="","",C94/F97) | K94: =IF(B94="","",C94/F94) | L94: =IF(B94="","",C94/F91) | N94: =IF(B94="","",C94/HistData!CU89) | AC94: 249 | AD94: 6983.9188 | AE94: 24942.567
A95: 249 | C95: =IF(B95="",NA(),B95+C94) -> #N/A | D95: =$R$1*F95 -> 6983.9188 | E95: =$S$1*F95 -> 24942.567 | F95: =HistData!GQ90 -> 0.99770268 | G95: =+HistData!AW90 -> 77622.15 | H95: =+HistData!AV90 -> 98.75 | J95: =IF(B95="","",C95/F98) | K95: =IF(B95="","",C95/F95) | L95: =IF(B95="","",C95/F92) | N95: =IF(B95="","",C95/HistData!CU90) | AC95: 250 | AD95: 6990.6235 | AE95: 24966.513
A96: 250 | C96: =IF(B96="",NA(),B96+C95) -> #N/A | D96: =$R$1*F96 -> 6990.6235 | E96: =$S$1*F96 -> 24966.513 | F96: =HistData!GQ91 -> 0.9986605 | G96: =+HistData!AW91 -> 77737.15 | H96: =+HistData!AV91 -> 115 | J96: =IF(B96="","",C96/F99) | K96: =IF(B96="","",C96/F96) | L96: =IF(B96="","",C96/F93) | N96: =IF(B96="","",C96/HistData!CU91) | AC96: 251 | AD96: 6995.7891 | AE96: 24984.961
A97: 251 | C97: =IF(B97="",NA(),B97+C96) -> #N/A | D97: =$R$1*F97 -> 6995.7891 | E97: =$S$1*F97 -> 24984.961 | F97: =HistData!GQ92 -> 0.99939845 | G97: =+HistData!AW92 -> 77868.484 | H97: =+HistData!AV92 -> 131.33333 | J97: =IF(B97="","",C97/F100) | K97: =IF(B97="","",C97/F97) | L97: =IF(B97="","",C97/F94) | N97: =IF(B97="","",C97/HistData!CU92) | AC97: 252 | AD97: 6996.8031 | AE97: 24988.582
A98: 252 | C98: =IF(B98="",NA(),B98+C97) -> #N/A | D98: =$R$1*F98 -> 6996.8031 | E98: =$S$1*F98 -> 24988.582 | F98: =HistData!GQ93 -> 0.9995433 | G98: =+HistData!AW93 -> 77909.484 | H98: =+HistData!AV93 -> 41 | J98: =IF(B98="","",C98/F101) | K98: =IF(B98="","",C98/F98) | L98: =IF(B98="","",C98/F95) | N98: =IF(B98="","",C98/HistData!CU93) | AC98: 253 | AD98: 7000 | AE98: 25000
A99: 253 | C99: =IF(B99="",NA(),B99+C98) -> #N/A | D99: =$R$1*F99 -> 7000 | E99: =$S$1*F99 -> 25000 | F99: =HistData!GQ94 -> 1 | G99: =+HistData!AW94 -> 78162.484 | H99: =+HistData!AV94 -> 253 | J99: =IF(B99="","",C99/F102) | K99: =IF(B99="","",C99/F99) | L99: =IF(B99="","",C99/F96) | N99: =IF(B99="","",C99/HistData!CU94)
A100: 254 | C100: =IF(B100="",NA(),B100+C99) -> #N/A | D100: =$R$1*F100 -> 7000 | E100: =$S$1*F100 -> 25000 | F100: =HistData!GQ95 -> 1 | G100: =+HistData!AW95 -> 0 | H100: =+HistData!AV95 -> 0 | J100: =IF(B100="","",C100/F103) | K100: =IF(B100="","",C100/F100) | L100: =IF(B100="","",C100/F97) | N100: =IF(B100="","",C100/HistData!CU95)
A101: 255 | C101: =IF(B101="",NA(),B101+C100) -> #N/A | D101: =$R$1*F101 -> 7000 | E101: =$S$1*F101 -> 25000 | F101: =HistData!GQ96 -> 1 | G101: =+HistData!AW96 -> 0 | H101: =+HistData!AV96 -> 0 | J101: =IF(B101="","",C101/F104) | K101: =IF(B101="","",C101/F101) | L101: =IF(B101="","",C101/F98) | N101: =IF(B101="","",C101/HistData!CU96)
A102: 256 | C102: =IF(B102="",NA(),B102+C101) -> #N/A | D102: =$R$1*F102 -> 7000 | E102: =$S$1*F102 -> 25000 | F102: =HistData!GQ97 -> 1 | G102: =+HistData!AW97 -> 0 | H102: =+HistData!AV97 -> 0 | J102: =IF(B102="","",C102/F105) | K102: =IF(B102="","",C102/F102) | L102: =IF(B102="","",C102/F99) | N102: =IF(B102="","",C102/HistData!CU97)
A103: 257 | C103: =IF(B103="",NA(),B103+C102) -> #N/A | D103: =$R$1*F103 -> 7000 | E103: =$S$1*F103 -> 25000 | F103: =HistData!GQ98 -> 1 | G103: =+HistData!AW98 -> 0 | H103: =+HistData!AV98 -> 0 | J103: =IF(B103="","",C103/F106) | K103: =IF(B103="","",C103/F103) | L103: =IF(B103="","",C103/F100) | N103: =IF(B103="","",C103/HistData!CU98)
A104: 258 | C104: =IF(B104="",NA(),B104+C103) -> #N/A | D104: =$R$1*F104 -> 7000 | E104: =$S$1*F104 -> 25000 | F104: =HistData!GQ99 -> 1 | G104: =+HistData!AW99 -> 0 | H104: =+HistData!AV99 -> 0 | J104: =IF(B104="","",C104/F107) | K104: =IF(B104="","",C104/F104) | L104: =IF(B104="","",C104/F101) | N104: =IF(B104="","",C104/HistData!CU99)
A105: 259 | C105: =IF(B105="",NA(),B105+C104) -> #N/A | D105: =$R$1*F105 -> 7000 | E105: =$S$1*F105 -> 25000 | F105: =HistData!GQ100 -> 1 | G105: =+HistData!AW100 -> 0 | H105: =+HistData!AV100 -> 0 | J105: =IF(B105="","",C105/F108) | K105: =IF(B105="","",C105/F105) | L105: =IF(B105="","",C105/F102) | N105: =IF(B105="","",C105/HistData!CU100)
A106: 260 | C106: =IF(B106="",NA(),B106+C105) -> #N/A | D106: =$R$1*F106 -> 7000 | E106: =$S$1*F106 -> 25000 | F106: =HistData!GQ101 -> 1 | G106: =+HistData!AW101 -> 0 | H106: =+HistData!AV101 -> 0 | J106: =IF(B106="","",C106/F109) | K106: =IF(B106="","",C106/F106) | L106: =IF(B106="","",C106/F103) | N106: =IF(B106="","",C106/HistData!CU101)
A107: 261 | C107: =IF(B107="",NA(),B107+C106) -> #N/A | D107: =$R$1*F107 -> 7000 | E107: =$S$1*F107 -> 25000 | F107: =HistData!GQ102 -> 1 | G107: =+HistData!AW102 -> 0 | H107: =+HistData!AV102 -> 0 | J107: =IF(B107="","",C107/F110) | K107: =IF(B107="","",C107/F107) | L107: =IF(B107="","",C107/F104) | N107: =IF(B107="","",C107/HistData!CU102)
A114: Note: SMcP updated catches in this section 7/1/02
A115: Catches, Escapements, and Total Runs for sockeye and chinook, Situk River 2008.
A116: Yakutat CFD, SFD - update this section weekly -- col's C,E,F, G and H
E117: 2008
B118: ENTER | D118: ENTER | E118: 90% catch | F118: ENTER
B119: DATA | D119: DATA | E119: Estimated | F119: DATA
A120: Catches | D120: Days | E120: Large
B121: Hours | D121: Open | E121: Chinook | F121: Sockeye | G121: Source
B122: 60 | D122: 2.5 | E122: =#REF!*0.9 -> #REF! | F122: 0 | G122: ALEX or CFD staff
B123: 60 | D123: 2.5 | E123: =#REF!*0.9 -> #REF! | F123: 2549
B124: 60 | D124: 2.5 | E124: =#REF!*0.9 -> #REF! | F124: 1570
B125: 36 | D125: 1.5 | E125: =#REF!*0.9 -> #REF! | F125: 1724
B126: 36 | D126: 1.5 | E126: =#REF!*0.9 -> #REF! | F126: 1126
E127: =#REF!*0.9 -> #REF!
E128: =#REF!*0.9 -> #REF!
E129: =#REF!*0.9 -> #REF!
E130: =#REF!*0.9 -> #REF!
E131: =#REF!*0.9 -> #REF!
E132: =#REF!*0.9 -> #REF!
E133: =#REF!*0.9 -> #REF!
E134: =#REF!*0.9 -> #REF!
E135: =#REF!*0.9 -> #REF!
E136: =SUM(E122:E135) -> #REF! | F136: =SUM(F122:F135) -> 6969
F137: =+#REF! -> #REF! | G137: -- from Sport Harvest worksheet
E139: =+#REF! -> #REF! | F139: =+#REF! -> #REF! | G139: -- estimated
E140: =#REF!*0.85 -> #REF! | F140: 0 | G140: -- estimated
E143: =SUM(E139:E141) -> #REF! | F143: =SUM(F136:F141) -> #REF!
E145: =#REF! -> #REF! | F145: =#REF! -> #REF!
E146: =+#REF! -> #REF! | F146: =+#REF! -> #REF! | G146: -- estimated
E147: =E145-E146 -> #REF! | F147: =F145-F146 -> #REF!
E149: =E143+E145 -> #REF! | F149: =F143+F145 -> #REF!
B151: If sport fishery is closed to retention of Chinook ≥20" at start of season, enter "0" in cells G166 and G173.

Sheet Charts
B2: Redoubt sockeye salmon weir count charts

Sheet HistData
A1: Table . Historical sockeye daily weir counts | AW1: 10-year | AY1: Table . Historical sockeye daily esc. Proportions | CT1: 10-year | CU1: all-year | CW1: Table . Historical sockeye cum counts
AV2: 10-year | AW2: Cum | CT2: Cum | CU2: Cum | ER2: 10-year | ES2: 1983 current | GQ2: 10-year | GR2: 1983 current
A3: Date | B3: 1953 | C3: 1954 | D3: 1955 | E3: 1982 | F3: 1983 | G3: 1984 | H3: 1985 | I3: 1986 | J3: 1987 | K3: 1988 | L3: 1989 | M3: 1990 | N3: 1991 | O3: 1992 | P3: 1993 | Q3: 1994 | R3: 1995 | S3: 1996 | T3: 1997 | U3: 1998 | V3: 1999 | W3: 2000 | X3: 2001 | Y3: 2002 | Z3: 2003 | AA3: 2004 | AB3: 2005 | AC3: 2006 | AD3: 2007 | AE3: 2008 | AF3: 2009 | AG3: 2010 | AH3: 2011 | AI3: 2012 | AJ3: 2013 | AK3: 2014 | AL3: 2015 | AM3: 2016 | AN3: 2017 | AO3: 2018 | AP3: 2019 | AQ3: 2020 | AR3: 2021 | AS3: 2022 | AT3: 2023 | AU3: 2024 | AV3: Average | AW3: Daily | AY3: Date | AZ3: 1953 | BA3: 1954 | BB3: 1955 | BC3: 1982 | BD3: 1983 | BE3: 1984 | BF3: 1985 | BG3: 1986 | BH3: 1987 | BI3: 1988 | BJ3: 1989 | BK3: 1990 | BL3: 1991 | BM3: 1992 | BN3: 1993 | BO3: 1994 | BP3: 1995 | BQ3: 1996 | BR3: 1997 | BS3: 1998 | BT3: 1999 | BU3: 2000 | BV3: 2001 | BW3: 2002 | BX3: 2003 | BY3: 2004 | BZ3: 2005 | CA3: 2006 | CB3: 2007 | CC3: 2008 | CD3: 2009 | CE3: 2010 | CF3: 2011 | CG3: 2012 | CH3: 2013 | CI3: 2014 | CJ3: 2015 | CK3: 2016 | CL3: 2017 | CM3: 2018 | CN3: 2019 | CO3: 2020 | CP3: 2021 | CQ3: 2022 | CR3: 2023 | CS3: 2024 | CT3: Prop. | CU3: Prop. | CW3: Date | CX3: 1953 | CY3: 1954 | CZ3: 1955 | DA3: 1982 | DB3: 1983 | DC3: 1984 | DD3: 1985 | DE3: 1986 | DF3: 1987 | DG3: 1988 | DH3: 1989 | DI3: 1990 | DJ3: 1991 | DK3: 1992 | DL3: 1993 | DM3: 1994 | DN3: 1995 | DO3: 1996 | DP3: 1997 | DQ3: 1998 | DR3: 1999 | DS3: 2000 | DT3: 2001 | DU3: 2002 | DV3: 2003 | DW3: 2004 | DX3: 2005 | DY3: 2006 | DZ3: 2007 | EA3: 2008 | EB3: 2009 | EC3: 2010 | ED3: 2011 | EE3: 2012 | EF3: 2013 | EG3: 2014 | EH3: 2015 | EI3: 2016 | EJ3: 2017 | EK3: 2018 | EL3: 2019 | EM3: 2020 | EN3: 2021 | EO3: 2022 | EP3: 2023 | EQ3: 2024 | ER3: Average | ES3: Average | EV3: Date | EW3: 1979 | EX3: 1980 | EY3: 1981 | EZ3: 1982 | FA3: 1983 | FB3: 1984 | FC3: 1985 | FD3: 1986 | FE3: 1987 | FF3: 1988 | FG3: 1989 | FH3: 1990 | FI3: 1991 | FJ3: 1992 | FK3: 1993 | FL3: 1994 | FM3: 1995 | FN3: 1996 | FO3: 1997 | FP3: 1998 | FQ3: 1999 | FR3: 2000 | FS3: 2001 | FT3: 2002 | FU3: 2003 | FV3: 2004 | FW3: 2005 | FX3: 2006 | FY3: 2007 | FZ3: 2008 | GA3: 2009 | GB3: 2010 | GC3: 2011 | GD3: 2012 | GE3: 2013 | GF3: 2014 | GG3: 2015 | GH3: 2016 | GI3: 2017 | GJ3: 2018 | GK3: 2019 | GL3: 2020 | GM3: 2021 | GN3: 2022 | GO3: 2023 | GP3: 2024 | GQ3: Average | GR3: Average
A5: 164 | R5: 0 | W5: 0 | Y5: 3 | Z5: 2 | AA5: 6 | AB5: 0 | AE5: 0 | AQ5: 0 | AW5: =AW4+AV5 -> 0 | AY5: 164 | AZ5: =B5/B$104 -> 0 | BA5: =C5/C$104 -> 0 | BB5: =D5/D$104 -> 0 | BC5: =E5/E$104 -> 0 | BD5: =F5/F$104 -> 0 | BE5: =G5/G$104 -> 0 | BF5: =H5/H$104 -> 0 | BG5: =I5/I$104 -> 0 | ... BR5: =T5/T$104 -> 0 | BT5: =V5/V$104 -> 0 | BU5: =W5/W$104 -> 0 | BV5: =X5/X$104 -> 0 | BW5: =Y5/Y$104 -> 0.00012539475 | BX5: =Z5/Z$104 -> 2.8629096e-05 | BY5: =AA5/AA$104 -> 7.7872523e-05 | BZ5: =AB5/AB$104 -> 0 | CA5: =AC5/AC$104 -> 0 | ... CS5: =AU5/AU$104 -> 0 | CT5: =CT4+AVERAGE(CJ5:CS5) -> 0 | CU5: =CU4+AVERAGE(BD5:CS5) -> 5.6560089e-06 | CW5: 164 | CX5: =B5 -> 0 | CY5: =C5 -> 0 | CZ5: =D5 -> 0 | DA5: =E5 -> 0 | DB5: =F5 -> 0 | DC5: =G5 -> 0 | DD5: =H5 -> 0 | DE5: =I5 -> 0 | ... DP5: =T5 -> 0 | DR5: =V5 -> 0 | DS5: =W5 -> 0 | DT5: =X5 -> 0 | DU5: =Y5 -> 3 | DV5: =Z5 -> 2 | DW5: =AA5 -> 6 | DX5: =AB5 -> 0 | DY5: =AC5 -> 0 | ... EQ5: =AU5 -> 0 | ER5: =AVERAGE(EH5:EQ5) -> 0 | ES5: =AVERAGE(DB5:EQ5) -> 0.26829268 | EV5: 164 | EW5: =CX5/CX$102 -> 0 | EX5: =CY5/CY$102 -> 0 | EY5: =CZ5/CZ$102 -> 0 | EZ5: =DA5/DA$102 -> 0 | FA5: =DB5/DB$102 -> 0 | FB5: =DC5/DC$102 -> 0 | FC5: =DD5/DD$102 -> 0 | FD5: =DE5/DE$102 -> 0 | ... FO5: =DP5/DP$102 -> 0 | FQ5: =DR5/DR$102 -> 0 | FR5: =DS5/DS$102 -> 0 | FS5: =DT5/DT$102 -> 0 | FT5: =DU5/DU$102 -> 0.00012539475 | FU5: =DV5/DV$102 -> 2.8629096e-05 | FV5: =DW5/DW$102 -> 7.7872523e-05 | FW5: =DX5/DX$102 -> 0 | FX5: =DY5/DY$102 -> 0 | ... GP5: =EQ5/EQ$102 -> 0 | GQ5: =AVERAGE(GG5:GP5) -> 0 | GR5: =AVERAGE(FA5:GP5) -> 5.6560089e-06
A6: 165 | P6: 0 | W6: 0 | Y6: 2 | Z6: 0 | AA6: 29 | AB6: 0 | AE6: 0 | AQ6: 0 | AT6: 0 | AW6: =AW5+AV6 -> 0 | AY6: 165 | AZ6: =B6/B$104 -> 0 | BA6: =C6/C$104 -> 0 | BB6: =D6/D$104 -> 0 | BC6: =E6/E$104 -> 0 | BD6: =F6/F$104 -> 0 | BE6: =G6/G$104 -> 0 | BF6: =H6/H$104 -> 0 | BG6: =I6/I$104 -> 0 | ... BR6: =T6/T$104 -> 0 | BT6: =V6/V$104 -> 0 | BU6: =W6/W$104 -> 0 | BV6: =X6/X$104 -> 0 | BW6: =Y6/Y$104 -> 8.3596497e-05 | BX6: =Z6/Z$104 -> 0 | BY6: =AA6/AA$104 -> 0.00037638386 | BZ6: =AB6/AB$104 -> 0 | CA6: =AC6/AC$104 -> 0 | ... CS6: =AU6/AU$104 -> 0 | CT6: =CT5+AVERAGE(CJ6:CS6) -> 0 | CU6: =CU5+AVERAGE(BD6:CS6) -> 1.6875042e-05 | CW6: 165 | CX6: =CX5+B6 -> 0 | CY6: =CY5+C6 -> 0 | CZ6: =CZ5+D6 -> 0 | DA6: =DA5+E6 -> 0 | DB6: =DB5+F6 -> 0 | DC6: =DC5+G6 -> 0 | DD6: =DD5+H6 -> 0 | DE6: =DE5+I6 -> 0 | ... DP6: =DP5+T6 -> 0 | DR6: =DR5+V6 -> 0 | DS6: =DS5+W6 -> 0 | DT6: =DT5+X6 -> 0 | DU6: =DU5+Y6 -> 5 | DV6: =DV5+Z6 -> 2 | DW6: =DW5+AA6 -> 35 | DX6: =DX5+AB6 -> 0 | DY6: =DY5+AC6 -> 0 | ... EQ6: =EQ5+AU6 -> 0 | ER6: =AVERAGE(EH6:EQ6) -> 0 | ES6: =AVERAGE(DB6:EQ6) -> 1.0243902 | EV6: 165 | EW6: =CX6/CX$102 -> 0 | EX6: =CY6/CY$102 -> 0 | EY6: =CZ6/CZ$102 -> 0 | EZ6: =DA6/DA$102 -> 0 | FA6: =DB6/DB$102 -> 0 | FB6: =DC6/DC$102 -> 0 | FC6: =DD6/DD$102 -> 0 | FD6: =DE6/DE$102 -> 0 | ... FO6: =DP6/DP$102 -> 0 | FQ6: =DR6/DR$102 -> 0 | FR6: =DS6/DS$102 -> 0 | FS6: =DT6/DT$102 -> 0 | FT6: =DU6/DU$102 -> 0.00020899124 | FU6: =DV6/DV$102 -> 2.8629096e-05 | FV6: =DW6/DW$102 -> 0.00045425638 | FW6: =DX6/DX$102 -> 0 | FX6: =DY6/DY$102 -> 0 | ... GP6: =EQ6/EQ$102 -> 0 | GQ6: =AVERAGE(GG6:GP6) -> 0 | GR6: =AVERAGE(FA6:GP6) -> 1.6875042e-05
A7: 166 | P7: 0 | S7: 0 | W7: 0 | Y7: 1 | Z7: 2 | AA7: 18 | AB7: 0 | AE7: 0 | AQ7: 0 | AT7: 0 | AU7: 0 | AW7: =AW6+AV7 -> 0 | AY7: 166 | AZ7: =B7/B$104 -> 0 | BA7: =C7/C$104 -> 0 | BB7: =D7/D$104 -> 0 | BC7: =E7/E$104 -> 0 | BD7: =F7/F$104 -> 0 | BE7: =G7/G$104 -> 0 | BF7: =H7/H$104 -> 0 | BG7: =I7/I$104 -> 0 | ... BR7: =T7/T$104 -> 0 | BT7: =V7/V$104 -> 0 | BU7: =W7/W$104 -> 0 | BV7: =X7/X$104 -> 0 | BW7: =Y7/Y$104 -> 4.1798249e-05 | BX7: =Z7/Z$104 -> 2.8629096e-05 | BY7: =AA7/AA$104 -> 0.00023361757 | BZ7: =AB7/AB$104 -> 0 | CA7: =AC7/AC$104 -> 0 | ... CS7: =AU7/AU$104 -> 0 | CT7: =CT6+AVERAGE(CJ7:CS7) -> 0 | CU7: =CU6+AVERAGE(BD7:CS7) -> 2.4290772e-05 | CW7: 166 | CX7: =CX6+B7 -> 0 | CY7: =CY6+C7 -> 0 | CZ7: =CZ6+D7 -> 0 | DA7: =DA6+E7 -> 0 | DB7: =DB6+F7 -> 0 | DC7: =DC6+G7 -> 0 | DD7: =DD6+H7 -> 0 | DE7: =DE6+I7 -> 0 | ... DP7: =DP6+T7 -> 0 | DR7: =DR6+V7 -> 0 | DS7: =DS6+W7 -> 0 | DT7: =DT6+X7 -> 0 | DU7: =DU6+Y7 -> 6 | DV7: =DV6+Z7 -> 4 | DW7: =DW6+AA7 -> 53 | DX7: =DX6+AB7 -> 0 | DY7: =DY6+AC7 -> 0 | ... EQ7: =EQ6+AU7 -> 0 | ER7: =AVERAGE(EH7:EQ7) -> 0 | ES7: =AVERAGE(DB7:EQ7) -> 1.5365854 | EV7: 166 | EW7: =CX7/CX$102 -> 0 | EX7: =CY7/CY$102 -> 0 | EY7: =CZ7/CZ$102 -> 0 | EZ7: =DA7/DA$102 -> 0 | FA7: =DB7/DB$102 -> 0 | FB7: =DC7/DC$102 -> 0 | FC7: =DD7/DD$102 -> 0 | FD7: =DE7/DE$102 -> 0 | ... FO7: =DP7/DP$102 -> 0 | FQ7: =DR7/DR$102 -> 0 | FR7: =DS7/DS$102 -> 0 | FS7: =DT7/DT$102 -> 0 | FT7: =DU7/DU$102 -> 0.00025078949 | FU7: =DV7/DV$102 -> 5.7258192e-05 | FV7: =DW7/DW$102 -> 0.00068787395 | FW7: =DX7/DX$102 -> 0 | FX7: =DY7/DY$102 -> 0 | ... GP7: =EQ7/EQ$102 -> 0 | GQ7: =AVERAGE(GG7:GP7) -> 0 | GR7: =AVERAGE(FA7:GP7) -> 2.4290772e-05
A8: 167 | P8: 0 | Q8: 0 | S8: 9 | W8: 1 | X8: 11 | Y8: 4 | Z8: 3 | AA8: 29 | AB8: 0 | AE8: 1 | AM8: 1 | AP8: 26 | AQ8: 0 | AR8: 3 | AS8: 1 | AT8: 12 | AU8: 7 | AV8: =AVERAGE(AL8:AU8) -> 7.1428571 | AW8: =AW7+AV8 -> 7.1428571 | AY8: 167 | AZ8: =B8/B$104 -> 0 | BA8: =C8/C$104 -> 0 | BB8: =D8/D$104 -> 0 | BC8: =E8/E$104 -> 0 | BD8: =F8/F$104 -> 0 | BE8: =G8/G$104 -> 0 | BF8: =H8/H$104 -> 0 | BG8: =I8/I$104 -> 0 | ... BR8: =T8/T$104 -> 0 | BT8: =V8/V$104 -> 0 | BU8: =W8/W$104 -> 0.00033921303 | BV8: =X8/X$104 -> 0.0030046435 | BW8: =Y8/Y$104 -> 0.00016719299 | BX8: =Z8/Z$104 -> 4.2943644e-05 | BY8: =AA8/AA$104 -> 0.00037638386 | BZ8: =AB8/AB$104 -> 0 | CA8: =AC8/AC$104 -> 0 | ... CS8: =AU8/AU$104 -> 3.3285307e-05 | CT8: =CT7+AVERAGE(CJ8:CS8) -> 6.5739048e-05 | CU8: =CU7+AVERAGE(BD8:CS8) -> 0.0001503444 | CW8: 167 | CX8: =CX7+B8 -> 0 | CY8: =CY7+C8 -> 0 | CZ8: =CZ7+D8 -> 0 | DA8: =DA7+E8 -> 0 | DB8: =DB7+F8 -> 0 | DC8: =DC7+G8 -> 0 | DD8: =DD7+H8 -> 0 | DE8: =DE7+I8 -> 0 | ... DP8: =DP7+T8 -> 0 | DR8: =DR7+V8 -> 0 | DS8: =DS7+W8 -> 1 | DT8: =DT7+X8 -> 11 | DU8: =DU7+Y8 -> 10 | DV8: =DV7+Z8 -> 7 | DW8: =DW7+AA8 -> 82 | DX8: =DX7+AB8 -> 0 | DY8: =DY7+AC8 -> 0 | ... EQ8: =EQ7+AU8 -> 7 | ER8: =AVERAGE(EH8:EQ8) -> 5 | ES8: =AVERAGE(DB8:EQ8) -> 4.1707317 | EV8: 167 | EW8: =CX8/CX$102 -> 0 | EX8: =CY8/CY$102 -> 0 | EY8: =CZ8/CZ$102 -> 0 | EZ8: =DA8/DA$102 -> 0 | FA8: =DB8/DB$102 -> 0 | FB8: =DC8/DC$102 -> 0 | FC8: =DD8/DD$102 -> 0 | FD8: =DE8/DE$102 -> 0 | ... FO8: =DP8/DP$102 -> 0 | FQ8: =DR8/DR$102 -> 0 | FR8: =DS8/DS$102 -> 0.00033921303 | FS8: =DT8/DT$102 -> 0.0030046435 | FT8: =DU8/DU$102 -> 0.00041798249 | FU8: =DV8/DV$102 -> 0.00010020184 | FV8: =DW8/DW$102 -> 0.0010642578 | FW8: =DX8/DX$102 -> 0 | FX8: =DY8/DY$102 -> 0 | ... GP8: =EQ8/EQ$102 -> 3.3285307e-05 | GQ8: =AVERAGE(GG8:GP8) -> 6.5739048e-05 | GR8: =AVERAGE(FA8:GP8) -> 0.0001503444
A9: 168 | P9: 0 | Q9: 0 | R9: 6 | S9: 3 | W9: 0 | X9: 6 | Y9: 24 | Z9: 3 | AA9: 24 | AB9: 5 | AE9: 0 | AJ9: 41 | AM9: 3 | AP9: 7 | AQ9: 1 | AR9: 4 | AS9: 2 | AT9: 100 | AU9: 0 | AV9: =AVERAGE(AL9:AU9) -> 16.714286 | AW9: =AW8+AV9 -> 23.857143 | AY9: 168 | AZ9: =B9/B$104 -> 0 | BA9: =C9/C$104 -> 0 | BB9: =D9/D$104 -> 0 | BC9: =E9/E$104 -> 0 | BD9: =F9/F$104 -> 0 | BE9: =G9/G$104 -> 0 | BF9: =H9/H$104 -> 0 | BG9: =I9/I$104 -> 0 | ... BR9: =T9/T$104 -> 0 | BT9: =V9/V$104 -> 0 | BU9: =W9/W$104 -> 0 | BV9: =X9/X$104 -> 0.0016388965 | BW9: =Y9/Y$104 -> 0.001003158 | BX9: =Z9/Z$104 -> 4.2943644e-05 | BY9: =AA9/AA$104 -> 0.00031149009 | BZ9: =AB9/AB$104 -> 7.6282306e-05 | CA9: =AC9/AC$104 -> 0 | ... CS9: =AU9/AU$104 -> 0 | CT9: =CT8+AVERAGE(CJ9:CS9) -> 0.00016749026 | CU9: =CU8+AVERAGE(BD9:CS9) -> 0.00027897242 | CW9: 168 | CX9: =CX8+B9 -> 0 | CY9: =CY8+C9 -> 0 | CZ9: =CZ8+D9 -> 0 | DA9: =DA8+E9 -> 0 | DB9: =DB8+F9 -> 0 | DC9: =DC8+G9 -> 0 | DD9: =DD8+H9 -> 0 | DE9: =DE8+I9 -> 0 | ... DP9: =DP8+T9 -> 0 | DR9: =DR8+V9 -> 0 | DS9: =DS8+W9 -> 1 | DT9: =DT8+X9 -> 17 | DU9: =DU8+Y9 -> 34 | DV9: =DV8+Z9 -> 10 | DW9: =DW8+AA9 -> 106 | DX9: =DX8+AB9 -> 5 | DY9: =DY8+AC9 -> 0 | ... EQ9: =EQ8+AU9 -> 7 | ER9: =AVERAGE(EH9:EQ9) -> 16.7 | ES9: =AVERAGE(DB9:EQ9) -> 9.7560976 | EV9: 168 | EW9: =CX9/CX$102 -> 0 | EX9: =CY9/CY$102 -> 0 | EY9: =CZ9/CZ$102 -> 0 | EZ9: =DA9/DA$102 -> 0 | FA9: =DB9/DB$102 -> 0 | FB9: =DC9/DC$102 -> 0 | FC9: =DD9/DD$102 -> 0 | FD9: =DE9/DE$102 -> 0 | ... FO9: =DP9/DP$102 -> 0 | FQ9: =DR9/DR$102 -> 0 | FR9: =DS9/DS$102 -> 0.00033921303 | FS9: =DT9/DT$102 -> 0.00464354 | FT9: =DU9/DU$102 -> 0.0014211405 | FU9: =DV9/DV$102 -> 0.00014314548 | FV9: =DW9/DW$102 -> 0.0013757479 | FW9: =DX9/DX$102 -> 7.6282306e-05 | FX9: =DY9/DY$102 -> 0 | ... GP9: =EQ9/EQ$102 -> 3.3285307e-05 | GQ9: =AVERAGE(GG9:GP9) -> 0.00016749026 | GR9: =AVERAGE(FA9:GP9) -> 0.00027897242
A10: 169 | P10: 0 | Q10: 6 | R10: 2 | S10: 4 | W10: 2 | X10: 3 | Y10: 21 | Z10: 2 | AA10: 22 | AB10: 0 | AE10: 7 | AJ10: 33 | AL10: 0 | AM10: 3 | AP10: 57 | AQ10: 1 | AR10: 1 | AS10: 0 | AT10: 160 | AU10: 3 | AV10: =AVERAGE(AL10:AU10) -> 28.125 | AW10: =AW9+AV10 -> 51.982143 | AY10: 169 | AZ10: =B10/B$104 -> 0 | BA10: =C10/C$104 -> 0 | BB10: =D10/D$104 -> 0 | BC10: =E10/E$104 -> 0 | BD10: =F10/F$104 -> 0 | BE10: =G10/G$104 -> 0 | BF10: =H10/H$104 -> 0 | BG10: =I10/I$104 -> 0 | ... BR10: =T10/T$104 -> 0 | BT10: =V10/V$104 -> 0 | BU10: =W10/W$104 -> 0.00067842605 | BV10: =X10/X$104 -> 0.00081944824 | BW10: =Y10/Y$104 -> 0.00087776322 | BX10: =Z10/Z$104 -> 2.8629096e-05 | BY10: =AA10/AA$104 -> 0.00028553258 | BZ10: =AB10/AB$104 -> 0 | CA10: =AC10/AC$104 -> 0 | ... CS10: =AU10/AU$104 -> 1.4265132e-05 | CT10: =CT9+AVERAGE(CJ10:CS10) -> 0.00038704259 | CU10: =CU9+AVERAGE(BD10:CS10) -> 0.00044217674 | CW10: 169 | CX10: =CX9+B10 -> 0 | CY10: =CY9+C10 -> 0 | CZ10: =CZ9+D10 -> 0 | DA10: =DA9+E10 -> 0 | DB10: =DB9+F10 -> 0 | DC10: =DC9+G10 -> 0 | DD10: =DD9+H10 -> 0 | DE10: =DE9+I10 -> 0 | ... DP10: =DP9+T10 -> 0 | DR10: =DR9+V10 -> 0 | DS10: =DS9+W10 -> 3 | DT10: =DT9+X10 -> 20 | DU10: =DU9+Y10 -> 55 | DV10: =DV9+Z10 -> 12 | DW10: =DW9+AA10 -> 128 | DX10: =DX9+AB10 -> 5 | DY10: =DY9+AC10 -> 0 | ... EQ10: =EQ9+AU10 -> 10 | ER10: =AVERAGE(EH10:EQ10) -> 39.2 | ES10: =AVERAGE(DB10:EQ10) -> 17.731707 | EV10: 169 | EW10: =CX10/CX$102 -> 0 | EX10: =CY10/CY$102 -> 0 | EY10: =CZ10/CZ$102 -> 0 | EZ10: =DA10/DA$102 -> 0 | FA10: =DB10/DB$102 -> 0 | FB10: =DC10/DC$102 -> 0 | FC10: =DD10/DD$102 -> 0 | FD10: =DE10/DE$102 -> 0 | ... FO10: =DP10/DP$102 -> 0 | FQ10: =DR10/DR$102 -> 0 | FR10: =DS10/DS$102 -> 0.0010176391 | FS10: =DT10/DT$102 -> 0.0054629883 | FT10: =DU10/DU$102 -> 0.0022989037 | FU10: =DV10/DV$102 -> 0.00017177457 | FV10: =DW10/DW$102 -> 0.0016612805 | FW10: =DX10/DX$102 -> 7.6282306e-05 | FX10: =DY10/DY$102 -> 0 | ... GP10: =EQ10/EQ$102 -> 4.7550439e-05 | GQ10: =AVERAGE(GG10:GP10) -> 0.00038704259 | GR10: =AVERAGE(FA10:GP10) -> 0.00044217674
A11: 170 | B11: 0 | N11: 1 | P11: 14 | Q11: 19 | R11: 51 | S11: 0 | W11: 0 | X11: 5 | Y11: 60 | Z11: 11 | AA11: 43 | AB11: 0 | AE11: 12 | AJ11: 220 | AK11: 19 | AL11: 0 | AM11: 9 | AO11: 2 | AP11: 74 | AQ11: 0 | AR11: 22 | AS11: 1 | AT11: 351 | AU11: 325 | AV11: =AVERAGE(AL11:AU11) -> 87.111111 | AW11: =AW10+AV11 -> 139.09325 | AY11: 170 | AZ11: =B11/B$104 -> 0 | BA11: =C11/C$104 -> 0 | BB11: =D11/D$104 -> 0 | BC11: =E11/E$104 -> 0 | BD11: =F11/F$104 -> 0 | BE11: =G11/G$104 -> 0 | BF11: =H11/H$104 -> 0 | BG11: =I11/I$104 -> 0 | ... BR11: =T11/T$104 -> 0 | BT11: =V11/V$104 -> 0 | BU11: =W11/W$104 -> 0 | BV11: =X11/X$104 -> 0.0013657471 | BW11: =Y11/Y$104 -> 0.0025078949 | BX11: =Z11/Z$104 -> 0.00015746003 | BY11: =AA11/AA$104 -> 0.00055808641 | BZ11: =AB11/AB$104 -> 0 | CA11: =AC11/AC$104 -> 0 | ... CS11: =AU11/AU$104 -> 0.0015453893 | CT11: =CT10+AVERAGE(CJ11:CS11) -> 0.00097608294 | CU11: =CU10+AVERAGE(BD11:CS11) -> 0.0009242675 | CW11: 170 | CX11: =CX10+B11 -> 0 | CY11: =CY10+C11 -> 0 | CZ11: =CZ10+D11 -> 0 | DA11: =DA10+E11 -> 0 | DB11: =DB10+F11 -> 0 | DC11: =DC10+G11 -> 0 | DD11: =DD10+H11 -> 0 | DE11: =DE10+I11 -> 0 | ... DP11: =DP10+T11 -> 0 | DR11: =DR10+V11 -> 0 | DS11: =DS10+W11 -> 3 | DT11: =DT10+X11 -> 25 | DU11: =DU10+Y11 -> 115 | DV11: =DV10+Z11 -> 23 | DW11: =DW10+AA11 -> 171 | DX11: =DX10+AB11 -> 5 | DY11: =DY10+AC11 -> 0 | ... EQ11: =EQ10+AU11 -> 335 | ER11: =AVERAGE(EH11:EQ11) -> 117.6 | ES11: =AVERAGE(DB11:EQ11) -> 47.95122 | EV11: 170 | EW11: =CX11/CX$102 -> 0 | EX11: =CY11/CY$102 -> 0 | EY11: =CZ11/CZ$102 -> 0 | EZ11: =DA11/DA$102 -> 0 | FA11: =DB11/DB$102 -> 0 | FB11: =DC11/DC$102 -> 0 | FC11: =DD11/DD$102 -> 0 | FD11: =DE11/DE$102 -> 0 | ... FO11: =DP11/DP$102 -> 0 | FQ11: =DR11/DR$102 -> 0 | FR11: =DS11/DS$102 -> 0.0010176391 | FS11: =DT11/DT$102 -> 0.0068287353 | FT11: =DU11/DU$102 -> 0.0048067986 | FU11: =DV11/DV$102 -> 0.0003292346 | FV11: =DW11/DW$102 -> 0.0022193669 | FW11: =DX11/DX$102 -> 7.6282306e-05 | FX11: =DY11/DY$102 -> 0 | ... GP11: =EQ11/EQ$102 -> 0.0015929397 | GQ11: =AVERAGE(GG11:GP11) -> 0.00097608294 | GR11: =AVERAGE(FA11:GP11) -> 0.0009242675
A12: 171 | B12: 0 | L12: 4 | N12: 0 | O12: 0 | P12: 0 | Q12: 20 | R12: 27 | S12: 12 | W12: 4 | X12: 10 | Y12: 76 | Z12: 0 | AA12: 23 | AB12: 3 | AD12: 86 | AE12: 5 | AF12: 0 | AH12: 0 | AI12: 0 | AJ12: 276 | AK12: 4 | AL12: 1 | AM12: 8 | AN12: 3 | AO12: 42 | AP12: 88 | AQ12: 0 | AR12: 11 | AS12: 52 | AT12: 20 | AU12: 1419 | AV12: =AVERAGE(AL12:AU12) -> 164.4 | AW12: =AW11+AV12 -> 303.49325 | AY12: 171 | AZ12: =B12/B$104 -> 0 | BA12: =C12/C$104 -> 0 | BB12: =D12/D$104 -> 0 | BC12: =E12/E$104 -> 0 | BD12: =F12/F$104 -> 0 | BE12: =G12/G$104 -> 0 | BF12: =H12/H$104 -> 0 | BG12: =I12/I$104 -> 0 | ... BR12: =T12/T$104 -> 0 | BT12: =V12/V$104 -> 0 | BU12: =W12/W$104 -> 0.0013568521 | BV12: =X12/X$104 -> 0.0027314941 | BW12: =Y12/Y$104 -> 0.0031766669 | BX12: =Z12/Z$104 -> 0 | BY12: =AA12/AA$104 -> 0.00029851134 | BZ12: =AB12/AB$104 -> 4.5769383e-05 | CA12: =AC12/AC$104 -> 0 | ... CS12: =AU12/AU$104 -> 0.0067474073 | CT12: =CT11+AVERAGE(CJ12:CS12) -> 0.0019979719 | CU12: =CU11+AVERAGE(BD12:CS12) -> 0.0015976549 | CW12: 171 | CX12: =CX11+B12 -> 0 | CY12: =CY11+C12 -> 0 | CZ12: =CZ11+D12 -> 0 | DA12: =DA11+E12 -> 0 | DB12: =DB11+F12 -> 0 | DC12: =DC11+G12 -> 0 | DD12: =DD11+H12 -> 0 | DE12: =DE11+I12 -> 0 | ... DP12: =DP11+T12 -> 0 | DR12: =DR11+V12 -> 0 | DS12: =DS11+W12 -> 7 | DT12: =DT11+X12 -> 35 | DU12: =DU11+Y12 -> 191 | DV12: =DV11+Z12 -> 23 | DW12: =DW11+AA12 -> 194 | DX12: =DX11+AB12 -> 8 | DY12: =DY11+AC12 -> 0 | ... EQ12: =EQ11+AU12 -> 1754 | ER12: =AVERAGE(EH12:EQ12) -> 282 | ES12: =AVERAGE(DB12:EQ12) -> 101.46341 | EV12: 171 | EW12: =CX12/CX$102 -> 0 | EX12: =CY12/CY$102 -> 0 | EY12: =CZ12/CZ$102 -> 0 | EZ12: =DA12/DA$102 -> 0 | FA12: =DB12/DB$102 -> 0 | FB12: =DC12/DC$102 -> 0 | FC12: =DD12/DD$102 -> 0 | FD12: =DE12/DE$102 -> 0 | ... FO12: =DP12/DP$102 -> 0 | FQ12: =DR12/DR$102 -> 0 | FR12: =DS12/DS$102 -> 0.0023744912 | FS12: =DT12/DT$102 -> 0.0095602294 | FT12: =DU12/DU$102 -> 0.0079834655 | FU12: =DV12/DV$102 -> 0.0003292346 | FV12: =DW12/DW$102 -> 0.0025178782 | FW12: =DX12/DX$102 -> 0.00012205169 | FX12: =DY12/DY$102 -> 0 | ... GP12: =EQ12/EQ$102 -> 0.008340347 | GQ12: =AVERAGE(GG12:GP12) -> 0.0019979719 | GR12: =AVERAGE(FA12:GP12) -> 0.0015976549
A13: 172 | B13: 0 | L13: 23 | N13: 0 | O13: 0 | P13: 3 | Q13: 32 | R13: 41 | S13: 8 | W13: 1 | X13: 0 | Y13: 39 | Z13: 1 | AA13: 53 | AB13: 119 | AD13: 220 | AE13: 0 | AF13: 0 | AH13: 0 | AI13: 0 | AJ13: 341 | AK13: 241 | AL13: 1 | AM13: 4 | AN13: 1 | AO13: 2 | AP13: 31 | AQ13: 12 | AR13: 77 | AS13: 0 | AT13: 108 | AU13: 37 | AV13: =AVERAGE(AL13:AU13) -> 27.3 | AW13: =AW12+AV13 -> 330.79325 | AY13: 172 | AZ13: =B13/B$104 -> 0 | BA13: =C13/C$104 -> 0 | BB13: =D13/D$104 -> 0 | BC13: =E13/E$104 -> 0 | BD13: =F13/F$104 -> 0 | BE13: =G13/G$104 -> 0 | BF13: =H13/H$104 -> 0 | BG13: =I13/I$104 -> 0 | ... BR13: =T13/T$104 -> 0 | BT13: =V13/V$104 -> 0 | BU13: =W13/W$104 -> 0.00033921303 | BV13: =X13/X$104 -> 0 | BW13: =Y13/Y$104 -> 0.0016301317 | BX13: =Z13/Z$104 -> 1.4314548e-05 | BY13: =AA13/AA$104 -> 0.00068787395 | BZ13: =AB13/AB$104 -> 0.0018155189 | CA13: =AC13/AC$104 -> 0 | ... CS13: =AU13/AU$104 -> 0.00017593662 | CT13: =CT12+AVERAGE(CJ13:CS13) -> 0.0023254925 | CU13: =CU12+AVERAGE(BD13:CS13) -> 0.0024231582 | CW13: 172 | CX13: =CX12+B13 -> 0 | CY13: =CY12+C13 -> 0 | CZ13: =CZ12+D13 -> 0 | DA13: =DA12+E13 -> 0 | DB13: =DB12+F13 -> 0 | DC13: =DC12+G13 -> 0 | DD13: =DD12+H13 -> 0 | DE13: =DE12+I13 -> 0 | ... DP13: =DP12+T13 -> 0 | DR13: =DR12+V13 -> 0 | DS13: =DS12+W13 -> 8 | DT13: =DT12+X13 -> 35 | DU13: =DU12+Y13 -> 230 | DV13: =DV12+Z13 -> 24 | DW13: =DW12+AA13 -> 247 | DX13: =DX12+AB13 -> 127 | DY13: =DY12+AC13 -> 0 | ... EQ13: =EQ12+AU13 -> 1791 | ER13: =AVERAGE(EH13:EQ13) -> 309.3 | ES13: =AVERAGE(DB13:EQ13) -> 135.4878 | EV13: 172 | EW13: =CX13/CX$102 -> 0 | EX13: =CY13/CY$102 -> 0 | EY13: =CZ13/CZ$102 -> 0 | EZ13: =DA13/DA$102 -> 0 | FA13: =DB13/DB$102 -> 0 | FB13: =DC13/DC$102 -> 0 | FC13: =DD13/DD$102 -> 0 | FD13: =DE13/DE$102 -> 0 | ... FO13: =DP13/DP$102 -> 0 | FQ13: =DR13/DR$102 -> 0 | FR13: =DS13/DS$102 -> 0.0027137042 | FS13: =DT13/DT$102 -> 0.0095602294 | FT13: =DU13/DU$102 -> 0.0096135972 | FU13: =DV13/DV$102 -> 0.00034354915 | FV13: =DW13/DW$102 -> 0.0032057522 | FW13: =DX13/DX$102 -> 0.0019375706 | FX13: =DY13/DY$102 -> 0 | ... GP13: =EQ13/EQ$102 -> 0.0085162836 | GQ13: =AVERAGE(GG13:GP13) -> 0.0023254925 | GR13: =AVERAGE(FA13:GP13) -> 0.0024231582
A14: 173 | B14: 0 | L14: 25 | N14: 0 | O14: 1 | P14: 0 | Q14: 70 | R14: 34 | S14: 14 | T14: 19 | W14: 0 | X14: 6 | Y14: 17 | Z14: 0 | AA14: 61 | AB14: 8 | AD14: 447 | AE14: 11 | AF14: 9 | AG14: 0 | AH14: 12 | AI14: 0 | AJ14: 397 | AK14: 42 | AL14: 0 | AM14: 12 | AN14: 48 | AO14: 2 | AP14: 26 | AQ14: 11 | AR14: 60 | AS14: 33 | AT14: 29 | AU14: 1067 | AV14: =AVERAGE(AL14:AU14) -> 128.8 | AW14: =AW13+AV14 -> 459.59325 | AY14: 173 | AZ14: =B14/B$104 -> 0 | BA14: =C14/C$104 -> 0 | BB14: =D14/D$104 -> 0 | BC14: =E14/E$104 -> 0 | BD14: =F14/F$104 -> 0 | BE14: =G14/G$104 -> 0 | BF14: =H14/H$104 -> 0 | BG14: =I14/I$104 -> 0 | ... BR14: =T14/T$104 -> 0.00067550752 | BT14: =V14/V$104 -> 0 | BU14: =W14/W$104 -> 0 | BV14: =X14/X$104 -> 0.0016388965 | BW14: =Y14/Y$104 -> 0.00071057023 | BX14: =Z14/Z$104 -> 0 | BY14: =AA14/AA$104 -> 0.00079170398 | BZ14: =AB14/AB$104 -> 0.00012205169 | CA14: =AC14/AC$104 -> 0 | ... CS14: =AU14/AU$104 -> 0.0050736319 | CT14: =CT13+AVERAGE(CJ14:CS14) -> 0.0032034689 | CU14: =CU13+AVERAGE(BD14:CS14) -> 0.0033166015 | CW14: 173 | CX14: =CX13+B14 -> 0 | CY14: =CY13+C14 -> 0 | CZ14: =CZ13+D14 -> 0 | DA14: =DA13+E14 -> 0 | DB14: =DB13+F14 -> 0 | DC14: =DC13+G14 -> 0 | DD14: =DD13+H14 -> 0 | DE14: =DE13+I14 -> 0 | ... DP14: =DP13+T14 -> 19 | DR14: =DR13+V14 -> 0 | DS14: =DS13+W14 -> 8 | DT14: =DT13+X14 -> 41 | DU14: =DU13+Y14 -> 247 | DV14: =DV13+Z14 -> 24 | DW14: =DW13+AA14 -> 308 | DX14: =DX13+AB14 -> 135 | DY14: =DY13+AC14 -> 0 | ... EQ14: =EQ13+AU14 -> 2858 | ER14: =AVERAGE(EH14:EQ14) -> 438.1 | ES14: =AVERAGE(DB14:EQ14) -> 195.5122 | EV14: 173 | EW14: =CX14/CX$102 -> 0 | EX14: =CY14/CY$102 -> 0 | EY14: =CZ14/CZ$102 -> 0 | EZ14: =DA14/DA$102 -> 0 | FA14: =DB14/DB$102 -> 0 | FB14: =DC14/DC$102 -> 0 | FC14: =DD14/DD$102 -> 0 | FD14: =DE14/DE$102 -> 0 | ... FO14: =DP14/DP$102 -> 0.00067550752 | FQ14: =DR14/DR$102 -> 0 | FR14: =DS14/DS$102 -> 0.0027137042 | FS14: =DT14/DT$102 -> 0.011199126 | FT14: =DU14/DU$102 -> 0.010324167 | FU14: =DV14/DV$102 -> 0.00034354915 | FV14: =DW14/DW$102 -> 0.0039974562 | FW14: =DX14/DX$102 -> 0.0020596223 | FX14: =DY14/DY$102 -> 0 | ... GP14: =EQ14/EQ$102 -> 0.013589916 | GQ14: =AVERAGE(GG14:GP14) -> 0.0032034689 | GR14: =AVERAGE(FA14:GP14) -> 0.0033166015
A15: 174 | B15: 7 | C15: 11 | L15: 11 | N15: 1 | O15: 0 | P15: 39 | Q15: 47 | R15: 68 | S15: 18 | T15: 78 | V15: 8 | W15: 1 | X15: 10 | Y15: 20 | Z15: 1 | AA15: 136 | AB15: 49 | AD15: 97 | AE15: 4 | AF15: 7 | AG15: 0 | AH15: 0 | AI15: 0 | AJ15: 93 | AK15: 66 | AL15: 0 | AM15: 2 | AN15: 52 | AO15: 0 | AP15: 31 | AQ15: 0 | AR15: 96 | AS15: 3 | AT15: 765 | AU15: 1527 | AV15: =AVERAGE(AL15:AU15) -> 247.6 | AW15: =AW14+AV15 -> 707.19325 | AY15: 174 | AZ15: =B15/B$104 -> 0.00030513055 | BA15: =C15/C$104 -> 0.00057447253 | BB15: =D15/D$104 -> 0 | BC15: =E15/E$104 -> 0 | BD15: =F15/F$104 -> 0 | BE15: =G15/G$104 -> 0 | BF15: =H15/H$104 -> 0 | BG15: =I15/I$104 -> 0 | ... BR15: =T15/T$104 -> 0.0027731361 | BT15: =V15/V$104 -> 0.00013920548 | BU15: =W15/W$104 -> 0.00033921303 | BV15: =X15/X$104 -> 0.0027314941 | BW15: =Y15/Y$104 -> 0.00083596497 | BX15: =Z15/Z$104 -> 1.4314548e-05 | BY15: =AA15/AA$104 -> 0.0017651105 | BZ15: =AB15/AB$104 -> 0.00074756659 | CA15: =AC15/AC$104 -> 0 | ... CS15: =AU15/AU$104 -> 0.0072609521 | CT15: =CT14+AVERAGE(CJ15:CS15) -> 0.0047469114 | CU15: =CU14+AVERAGE(BD15:CS15) -> 0.0042589313 | CW15: 174 | CX15: =CX14+B15 -> 7 | CY15: =CY14+C15 -> 11 | CZ15: =CZ14+D15 -> 0 | DA15: =DA14+E15 -> 0 | DB15: =DB14+F15 -> 0 | DC15: =DC14+G15 -> 0 | DD15: =DD14+H15 -> 0 | DE15: =DE14+I15 -> 0 | ... DP15: =DP14+T15 -> 97 | DR15: =DR14+V15 -> 8 | DS15: =DS14+W15 -> 9 | DT15: =DT14+X15 -> 51 | DU15: =DU14+Y15 -> 267 | DV15: =DV14+Z15 -> 25 | DW15: =DW14+AA15 -> 444 | DX15: =DX14+AB15 -> 184 | DY15: =DY14+AC15 -> 0 | ... EQ15: =EQ14+AU15 -> 4385 | ER15: =AVERAGE(EH15:EQ15) -> 685.7 | ES15: =AVERAGE(DB15:EQ15) -> 274.29268 | EV15: 174 | EW15: =CX15/CX$102 -> 0.00030513055 | EX15: =CY15/CY$102 -> 0.00057447253 | EY15: =CZ15/CZ$102 -> 0 | EZ15: =DA15/DA$102 -> 0 | FA15: =DB15/DB$102 -> 0 | FB15: =DC15/DC$102 -> 0 | FC15: =DD15/DD$102 -> 0 | FD15: =DE15/DE$102 -> 0 | ... FO15: =DP15/DP$102 -> 0.0034486437 | FQ15: =DR15/DR$102 -> 0.00013920548 | FR15: =DS15/DS$102 -> 0.0030529172 | FS15: =DT15/DT$102 -> 0.01393062 | FT15: =DU15/DU$102 -> 0.011160132 | FU15: =DV15/DV$102 -> 0.0003578637 | FV15: =DW15/DW$102 -> 0.0057625667 | FW15: =DX15/DX$102 -> 0.0028071888 | FX15: =DY15/DY$102 -> 0 | ... GP15: =EQ15/EQ$102 -> 0.020850868 | GQ15: =AVERAGE(GG15:GP15) -> 0.0047469114 | GR15: =AVERAGE(FA15:GP15) -> 0.0042589313
A16: 175 | B16: 33 | C16: 12 | D16: 15 | G16: 0 | L16: 11 | N16: 0 | O16: 0 | P16: 35 | Q16: 54 | R16: 134 | S16: 21 | T16: 32 | V16: 76 | W16: 3 | X16: 9 | Y16: 36 | Z16: 0 | AA16: 36 | AB16: 58 | AD16: 61 | AE16: 7 | AF16: 0 | AG16: 0 | AH16: 0 | AI16: 2 | AJ16: 667 | AK16: 349 | AL16: 1 | AM16: 6 | AN16: 170 | AO16: 0 | AP16: 30 | AQ16: 0 | AR16: 104 | AS16: 3 | AT16: 2060 | AU16: 45 | AV16: =AVERAGE(AL16:AU16) -> 241.9 | AW16: =AW15+AV16 -> 949.09325 | AY16: 175 | AZ16: =B16/B$104 -> 0.0014384726 | BA16: =C16/C$104 -> 0.00062669731 | BB16: =D16/D$104 -> 0.00065568038 | BC16: =E16/E$104 -> 0 | BD16: =F16/F$104 -> 0 | BE16: =G16/G$104 -> 0 | BF16: =H16/H$104 -> 0 | BG16: =I16/I$104 -> 0 | ... BR16: =T16/T$104 -> 0.0011376969 | BT16: =V16/V$104 -> 0.0013224521 | BU16: =W16/W$104 -> 0.0010176391 | BV16: =X16/X$104 -> 0.0024583447 | BW16: =Y16/Y$104 -> 0.0015047369 | BX16: =Z16/Z$104 -> 0 | BY16: =AA16/AA$104 -> 0.00046723514 | BZ16: =AB16/AB$104 -> 0.00088487474 | CA16: =AC16/AC$104 -> 0 | ... CS16: =AU16/AU$104 -> 0.00021397698 | CT16: =CT15+AVERAGE(CJ16:CS16) -> 0.0066795918 | CU16: =CU15+AVERAGE(BD16:CS16) -> 0.0059589835 | CW16: 175 | CX16: =CX15+B16 -> 40 | CY16: =CY15+C16 -> 23 | CZ16: =CZ15+D16 -> 15 | DA16: =DA15+E16 -> 0 | DB16: =DB15+F16 -> 0 | DC16: =DC15+G16 -> 0 | DD16: =DD15+H16 -> 0 | DE16: =DE15+I16 -> 0 | ... DP16: =DP15+T16 -> 129 | DR16: =DR15+V16 -> 84 | DS16: =DS15+W16 -> 12 | DT16: =DT15+X16 -> 60 | DU16: =DU15+Y16 -> 303 | DV16: =DV15+Z16 -> 25 | DW16: =DW15+AA16 -> 480 | DX16: =DX15+AB16 -> 242 | DY16: =DY15+AC16 -> 0 | ... EQ16: =EQ15+AU16 -> 4430 | ER16: =AVERAGE(EH16:EQ16) -> 927.6 | ES16: =AVERAGE(DB16:EQ16) -> 372.09756 | EV16: 175 | EW16: =CX16/CX$102 -> 0.0017436032 | EX16: =CY16/CY$102 -> 0.0012011698 | EY16: =CZ16/CZ$102 -> 0.00065568038 | EZ16: =DA16/DA$102 -> 0 | FA16: =DB16/DB$102 -> 0 | FB16: =DC16/DC$102 -> 0 | FC16: =DD16/DD$102 -> 0 | FD16: =DE16/DE$102 -> 0 | ... FO16: =DP16/DP$102 -> 0.0045863405 | FQ16: =DR16/DR$102 -> 0.0014616576 | FR16: =DS16/DS$102 -> 0.0040705563 | FS16: =DT16/DT$102 -> 0.016388965 | FT16: =DU16/DU$102 -> 0.012664869 | FU16: =DV16/DV$102 -> 0.0003578637 | FV16: =DW16/DW$102 -> 0.0062298018 | FW16: =DX16/DX$102 -> 0.0036920636 | FX16: =DY16/DY$102 -> 0 | ... GP16: =EQ16/EQ$102 -> 0.021064845 | GQ16: =AVERAGE(GG16:GP16) -> 0.0066795918 | GR16: =AVERAGE(FA16:GP16) -> 0.0059589835
A17: 176 | B17: 11 | C17: 4 | D17: 40 | G17: 0 | H17: 1 | L17: 11 | N17: 0 | O17: 0 | P17: 10 | Q17: 277 | R17: 67 | S17: 10 | T17: 51 | V17: 135 | W17: 1 | X17: 4 | Y17: 23 | Z17: 0 | AA17: 33 | AB17: 47 | AC17: 246 | AD17: 63 | AE17: 1 | AF17: 12 | AG17: 18 | AH17: 0 | AI17: 120 | AJ17: 535 | AK17: 155 | AL17: 2 | AM17: 1 | AN17: 334 | AO17: 6 | AP17: 10 | AQ17: 1 | AR17: 118 | AS17: 14 | AT17: 48 | AU17: 75 | AV17: =AVERAGE(AL17:AU17) -> 60.9 | AW17: =AW16+AV17 -> 1009.9933 | AY17: 176 | AZ17: =B17/B$104 -> 0.00047949087 | BA17: =C17/C$104 -> 0.0002088991 | BB17: =D17/D$104 -> 0.001748481 | BC17: =E17/E$104 -> 0 | BD17: =F17/F$104 -> 0 | BE17: =G17/G$104 -> 0 | BF17: =H17/H$104 -> 9.3729497e-05 | BG17: =I17/I$104 -> 0 | ... BR17: =T17/T$104 -> 0.0018132044 | BT17: =V17/V$104 -> 0.0023490926 | BU17: =W17/W$104 -> 0.00033921303 | BV17: =X17/X$104 -> 0.0010925977 | BW17: =Y17/Y$104 -> 0.00096135972 | BX17: =Z17/Z$104 -> 0 | BY17: =AA17/AA$104 -> 0.00042829887 | BZ17: =AB17/AB$104 -> 0.00071705367 | CA17: =AC17/AC$104 -> 0.0024340289 | ... CS17: =AU17/AU$104 -> 0.00035662829 | CT17: =CT16+AVERAGE(CJ17:CS17) -> 0.0076092709 | CU17: =CU16+AVERAGE(BD17:CS17) -> 0.00729871 | CW17: 176 | CX17: =CX16+B17 -> 51 | CY17: =CY16+C17 -> 27 | CZ17: =CZ16+D17 -> 55 | DA17: =DA16+E17 -> 0 | DB17: =DB16+F17 -> 0 | DC17: =DC16+G17 -> 0 | DD17: =DD16+H17 -> 1 | DE17: =DE16+I17 -> 0 | ... DP17: =DP16+T17 -> 180 | DR17: =DR16+V17 -> 219 | DS17: =DS16+W17 -> 13 | DT17: =DT16+X17 -> 64 | DU17: =DU16+Y17 -> 326 | DV17: =DV16+Z17 -> 25 | DW17: =DW16+AA17 -> 513 | DX17: =DX16+AB17 -> 289 | DY17: =DY16+AC17 -> 246 | ... EQ17: =EQ16+AU17 -> 4505 | ER17: =AVERAGE(EH17:EQ17) -> 988.5 | ES17: =AVERAGE(DB17:EQ17) -> 431.34146 | EV17: 176 | EW17: =CX17/CX$102 -> 0.002223094 | EX17: =CY17/CY$102 -> 0.0014100689 | EY17: =CZ17/CZ$102 -> 0.0024041614 | EZ17: =DA17/DA$102 -> 0 | FA17: =DB17/DB$102 -> 0 | FB17: =DC17/DC$102 -> 0 | FC17: =DD17/DD$102 -> 9.3729497e-05 | FD17: =DE17/DE$102 -> 0 | ... FO17: =DP17/DP$102 -> 0.0063995449 | FQ17: =DR17/DR$102 -> 0.0038107501 | FR17: =DS17/DS$102 -> 0.0044097693 | FS17: =DT17/DT$102 -> 0.017481562 | FT17: =DU17/DU$102 -> 0.013626229 | FU17: =DV17/DV$102 -> 0.0003578637 | FV17: =DW17/DW$102 -> 0.0066581007 | FW17: =DX17/DX$102 -> 0.0044091173 | FX17: =DY17/DY$102 -> 0.0024340289 | ... GP17: =EQ17/EQ$102 -> 0.021421473 | GQ17: =AVERAGE(GG17:GP17) -> 0.0076092709 | GR17: =AVERAGE(FA17:GP17) -> 0.00729871
A18: 177 | B18: 93 | C18: 3 | D18: 40 | E18: 8 | F18: 13 | G18: 0 | H18: 0 | L18: 18 | N18: 0 | O18: 3 | P18: 7 | Q18: 30 | R18: 125 | S18: 7 | T18: 156 | V18: 524 | W18: 8 | X18: 10 | Y18: 74 | Z18: 2 | AA18: 103 | AB18: 71 | AC18: 160 | AD18: 44 | AE18: 13 | AF18: 52 | AG18: 0 | AH18: 0 | AI18: 65 | AJ18: 92 | AK18: 143 | AL18: 3 | AM18: 81 | AN18: 108 | AO18: 358 | AP18: 6 | AQ18: 1 | AR18: 304 | AS18: 34 | AT18: 319 | AU18: 842 | AV18: =AVERAGE(AL18:AU18) -> 205.6 | AW18: =AW17+AV18 -> 1215.5933 | AY18: 177 | AZ18: =B18/B$104 -> 0.0040538773 | BA18: =C18/C$104 -> 0.00015667433 | BB18: =D18/D$104 -> 0.001748481 | BC18: =E18/E$104 -> 0.018604651 | BD18: =F18/F$104 -> 0.0051485149 | BE18: =G18/G$104 -> 0 | BF18: =H18/H$104 -> 0 | BG18: =I18/I$104 -> 0 | ... BR18: =T18/T$104 -> 0.0055462723 | BT18: =V18/V$104 -> 0.0091179592 | BU18: =W18/W$104 -> 0.0027137042 | BV18: =X18/X$104 -> 0.0027314941 | BW18: =Y18/Y$104 -> 0.0030930704 | BX18: =Z18/Z$104 -> 2.8629096e-05 | BY18: =AA18/AA$104 -> 0.0013368116 | BZ18: =AB18/AB$104 -> 0.0010832087 | CA18: =AC18/AC$104 -> 0.0015831082 | ... CS18: =AU18/AU$104 -> 0.004003747 | CT18: =CT17+AVERAGE(CJ18:CS18) -> 0.0098471123 | CU18: =CU17+AVERAGE(BD18:CS18) -> 0.009194539 | CW18: 177 | CX18: =CX17+B18 -> 144 | CY18: =CY17+C18 -> 30 | CZ18: =CZ17+D18 -> 95 | DA18: =DA17+E18 -> 8 | DB18: =DB17+F18 -> 13 | DC18: =DC17+G18 -> 0 | DD18: =DD17+H18 -> 1 | DE18: =DE17+I18 -> 0 | ... DP18: =DP17+T18 -> 336 | DR18: =DR17+V18 -> 743 | DS18: =DS17+W18 -> 21 | DT18: =DT17+X18 -> 74 | DU18: =DU17+Y18 -> 400 | DV18: =DV17+Z18 -> 27 | DW18: =DW17+AA18 -> 616 | DX18: =DX17+AB18 -> 360 | DY18: =DY17+AC18 -> 406 | ... EQ18: =EQ17+AU18 -> 5347 | ER18: =AVERAGE(EH18:EQ18) -> 1194.1 | ES18: =AVERAGE(DB18:EQ18) -> 523.43902 | EV18: 177 | EW18: =CX18/CX$102 -> 0.0062769714 | EX18: =CY18/CY$102 -> 0.0015667433 | EY18: =CZ18/CZ$102 -> 0.0041526424 | EZ18: =DA18/DA$102 -> 0.018604651 | FA18: =DB18/DB$102 -> 0.0051485149 | FB18: =DC18/DC$102 -> 0 | FC18: =DD18/DD$102 -> 9.3729497e-05 | FD18: =DE18/DE$102 -> 0 | ... FO18: =DP18/DP$102 -> 0.011945817 | FQ18: =DR18/DR$102 -> 0.012928709 | FR18: =DS18/DS$102 -> 0.0071234735 | FS18: =DT18/DT$102 -> 0.020213057 | FT18: =DU18/DU$102 -> 0.016719299 | FU18: =DV18/DV$102 -> 0.00038649279 | FV18: =DW18/DW$102 -> 0.0079949123 | FW18: =DX18/DX$102 -> 0.005492326 | FX18: =DY18/DY$102 -> 0.0040171371 | ... GP18: =EQ18/EQ$102 -> 0.02542522 | GQ18: =AVERAGE(GG18:GP18) -> 0.0098471123 | GR18: =AVERAGE(FA18:GP18) -> 0.009194539
A19: 178 | B19: 38 | C19: 3 | D19: 67 | E19: 1 | F19: 11 | G19: 1 | H19: 0 | L19: 24 | M19: 28 | N19: 0 | O19: 3 | P19: 285 | Q19: 105 | R19: 149 | S19: 2 | T19: 155 | V19: 411 | W19: 16 | X19: 31 | Y19: 54 | Z19: 7 | AA19: 561 | AB19: 89 | AC19: 143 | AD19: 15 | AE19: 2 | AF19: 14 | AG19: 4 | AH19: 0 | AI19: 66 | AJ19: 311 | AK19: 50 | AL19: 0 | AM19: 260 | AN19: 1055 | AO19: 535 | AP19: 12 | AQ19: 3 | AR19: 35 | AS19: 157 | AT19: 1496 | AU19: 207 | AV19: =AVERAGE(AL19:AU19) -> 376 | AW19: =AW18+AV19 -> 1591.5933 | AY19: 178 | AZ19: =B19/B$104 -> 0.001656423 | BA19: =C19/C$104 -> 0.00015667433 | BB19: =D19/D$104 -> 0.0029287057 | BC19: =E19/E$104 -> 0.0023255814 | BD19: =F19/F$104 -> 0.0043564356 | BE19: =G19/G$104 -> 8.6730269e-05 | BF19: =H19/H$104 -> 0 | BG19: =I19/I$104 -> 0 | ... BR19: =T19/T$104 -> 0.0055107192 | BT19: =V19/V$104 -> 0.0071516818 | BU19: =W19/W$104 -> 0.0054274084 | BV19: =X19/X$104 -> 0.0084676318 | BW19: =Y19/Y$104 -> 0.0022571054 | BX19: =Z19/Z$104 -> 0.00010020184 | BY19: =AA19/AA$104 -> 0.0072810809 | BZ19: =AB19/AB$104 -> 0.001357825 | CA19: =AC19/AC$104 -> 0.001414903 | ... CS19: =AU19/AU$104 -> 0.00098429409 | CT19: =CT18+AVERAGE(CJ19:CS19) -> 0.014985779 | CU19: =CU18+AVERAGE(BD19:CS19) -> 0.012301968 | CW19: 178 | CX19: =CX18+B19 -> 182 | CY19: =CY18+C19 -> 33 | CZ19: =CZ18+D19 -> 162 | DA19: =DA18+E19 -> 9 | DB19: =DB18+F19 -> 24 | DC19: =DC18+G19 -> 1 | DD19: =DD18+H19 -> 1 | DE19: =DE18+I19 -> 0 | ... DP19: =DP18+T19 -> 491 | DR19: =DR18+V19 -> 1154 | DS19: =DS18+W19 -> 37 | DT19: =DT18+X19 -> 105 | DU19: =DU18+Y19 -> 454 | DV19: =DV18+Z19 -> 34 | DW19: =DW18+AA19 -> 1177 | DX19: =DX18+AB19 -> 449 | DY19: =DY18+AC19 -> 549 | ... EQ19: =EQ18+AU19 -> 5554 | ER19: =AVERAGE(EH19:EQ19) -> 1570.1 | ES19: =AVERAGE(DB19:EQ19) -> 677.02439 | EV19: 178 | EW19: =CX19/CX$102 -> 0.0079333944 | EX19: =CY19/CY$102 -> 0.0017234176 | EY19: =CZ19/CZ$102 -> 0.0070813481 | EZ19: =DA19/DA$102 -> 0.020930233 | FA19: =DB19/DB$102 -> 0.0095049505 | FB19: =DC19/DC$102 -> 8.6730269e-05 | FC19: =DD19/DD$102 -> 9.3729497e-05 | FD19: =DE19/DE$102 -> 0 | ... FO19: =DP19/DP$102 -> 0.017456536 | FQ19: =DR19/DR$102 -> 0.020080391 | FR19: =DS19/DS$102 -> 0.012550882 | FS19: =DT19/DT$102 -> 0.028680688 | FT19: =DU19/DU$102 -> 0.018976405 | FU19: =DV19/DV$102 -> 0.00048669463 | FV19: =DW19/DW$102 -> 0.015275993 | FW19: =DX19/DX$102 -> 0.006850151 | FX19: =DY19/DY$102 -> 0.0054320401 | ... GP19: =EQ19/EQ$102 -> 0.026409514 | GQ19: =AVERAGE(GG19:GP19) -> 0.014985779 | GR19: =AVERAGE(FA19:GP19) -> 0.012301968
A20: 179 | B20: 47 | C20: 47 | D20: 464 | E20: 0 | F20: 12 | G20: 0 | H20: 0 | L20: 4 | M20: 32 | N20: 0 | O20: 1 | P20: 228 | Q20: 234 | R20: 31 | S20: 16 | T20: 92 | V20: 61 | W20: 9 | X20: 39 | Y20: 42 | Z20: 11 | AA20: 343 | AB20: 9 | AC20: 71 | AD20: 63 | AE20: 0 | AF20: 0 | AG20: 2 | AH20: 19 | AI20: 41 | AJ20: 205 | AK20: 927 | AL20: 13 | AM20: 69 | AN20: 193 | AO20: 0 | AP20: 1062 | AQ20: 0 | AR20: 490 | AS20: 0 | AT20: 3360 | AU20: 1109 | AV20: =AVERAGE(AL20:AU20) -> 629.6 | AW20: =AW19+AV20 -> 2221.1933 | AY20: 179 | AZ20: =B20/B$104 -> 0.0020487337 | BA20: =C20/C$104 -> 0.0024545644 | BB20: =D20/D$104 -> 0.02028238 | BC20: =E20/E$104 -> 0 | BD20: =F20/F$104 -> 0.0047524752 | BE20: =G20/G$104 -> 0 | BF20: =H20/H$104 -> 0 | BG20: =I20/I$104 -> 0 | ... BR20: =T20/T$104 -> 0.0032708785 | BT20: =V20/V$104 -> 0.0010614418 | BU20: =W20/W$104 -> 0.0030529172 | BV20: =X20/X$104 -> 0.010652827 | BW20: =Y20/Y$104 -> 0.0017555264 | BX20: =Z20/Z$104 -> 0.00015746003 | BY20: =AA20/AA$104 -> 0.0044517125 | BZ20: =AB20/AB$104 -> 0.00013730815 | CA20: =AC20/AC$104 -> 0.00070250428 | ... CS20: =AU20/AU$104 -> 0.0052733437 | CT20: =CT19+AVERAGE(CJ20:CS20) -> 0.02106712 | CU20: =CU19+AVERAGE(BD20:CS20) -> 0.016281953 | CW20: 179 | CX20: =CX19+B20 -> 229 | CY20: =CY19+C20 -> 80 | CZ20: =CZ19+D20 -> 626 | DA20: =DA19+E20 -> 9 | DB20: =DB19+F20 -> 36 | DC20: =DC19+G20 -> 1 | DD20: =DD19+H20 -> 1 | DE20: =DE19+I20 -> 0 | ... DP20: =DP19+T20 -> 583 | DR20: =DR19+V20 -> 1215 | DS20: =DS19+W20 -> 46 | DT20: =DT19+X20 -> 144 | DU20: =DU19+Y20 -> 496 | DV20: =DV19+Z20 -> 45 | DW20: =DW19+AA20 -> 1520 | DX20: =DX19+AB20 -> 458 | DY20: =DY19+AC20 -> 620 | ... EQ20: =EQ19+AU20 -> 6663 | ER20: =AVERAGE(EH20:EQ20) -> 2199.7 | ES20: =AVERAGE(DB20:EQ20) -> 891.36585 | EV20: 179 | EW20: =CX20/CX$102 -> 0.0099821281 | EX20: =CY20/CY$102 -> 0.004177982 | EY20: =CZ20/CZ$102 -> 0.027363728 | EZ20: =DA20/DA$102 -> 0.020930233 | FA20: =DB20/DB$102 -> 0.014257426 | FB20: =DC20/DC$102 -> 8.6730269e-05 | FC20: =DD20/DD$102 -> 9.3729497e-05 | FD20: =DE20/DE$102 -> 0 | ... FO20: =DP20/DP$102 -> 0.020727415 | FQ20: =DR20/DR$102 -> 0.021141833 | FR20: =DS20/DS$102 -> 0.015603799 | FS20: =DT20/DT$102 -> 0.039333515 | FT20: =DU20/DU$102 -> 0.020731931 | FU20: =DV20/DV$102 -> 0.00064415465 | FV20: =DW20/DW$102 -> 0.019727706 | FW20: =DX20/DX$102 -> 0.0069874592 | FX20: =DY20/DY$102 -> 0.0061345444 | ... GP20: =EQ20/EQ$102 -> 0.031682858 | GQ20: =AVERAGE(GG20:GP20) -> 0.02106712 | GR20: =AVERAGE(FA20:GP20) -> 0.016281953
A21: 180 | B21: 42 | C21: 36 | D21: 274 | E21: 2 | F21: 12 | G21: 37 | H21: 0 | I21: 0 | L21: 2 | M21: 147 | N21: 180 | O21: 2 | P21: 28 | Q21: 167 | R21: 18 | S21: 7 | T21: 89 | V21: 46 | W21: 15 | X21: 54 | Y21: 1 | Z21: 48 | AA21: 201 | AB21: 514 | AC21: 44 | AD21: 401 | AE21: 2 | AF21: 2 | AG21: 3 | AH21: 36 | AI21: 59 | AJ21: 537 | AK21: 124 | AL21: 12 | AM21: 160 | AN21: 32 | AO21: 799 | AP21: 1022 | AQ21: 0 | AR21: 261 | AS21: 113 | AT21: 924 | AU21: 1345 | AV21: =AVERAGE(AL21:AU21) -> 466.8 | AW21: =AW20+AV21 -> 2687.9933 | AY21: 180 | AZ21: =B21/B$104 -> 0.0018307833 | BA21: =C21/C$104 -> 0.0018800919 | BB21: =D21/D$104 -> 0.011977095 | BC21: =E21/E$104 -> 0.0046511628 | BD21: =F21/F$104 -> 0.0047524752 | BE21: =G21/G$104 -> 0.0032090199 | BF21: =H21/H$104 -> 0 | BG21: =I21/I$104 -> 0 | ... BR21: =T21/T$104 -> 0.0031642194 | BT21: =V21/V$104 -> 0.00080043154 | BU21: =W21/W$104 -> 0.0050881954 | BV21: =X21/X$104 -> 0.014750068 | BW21: =Y21/Y$104 -> 4.1798249e-05 | BX21: =Z21/Z$104 -> 0.0006870983 | BY21: =AA21/AA$104 -> 0.0026087295 | BZ21: =AB21/AB$104 -> 0.007841821 | CA21: =AC21/AC$104 -> 0.00043535476 | ... CS21: =AU21/AU$104 -> 0.0063955341 | CT21: =CT20+AVERAGE(CJ21:CS21) -> 0.026564078 | CU21: =CU20+AVERAGE(BD21:CS21) -> 0.019648011 | CW21: 180 | CX21: =CX20+B21 -> 271 | CY21: =CY20+C21 -> 116 | CZ21: =CZ20+D21 -> 900 | DA21: =DA20+E21 -> 11 | DB21: =DB20+F21 -> 48 | DC21: =DC20+G21 -> 38 | DD21: =DD20+H21 -> 1 | DE21: =DE20+I21 -> 0 | ... DP21: =DP20+T21 -> 672 | DR21: =DR20+V21 -> 1261 | DS21: =DS20+W21 -> 61 | DT21: =DT20+X21 -> 198 | DU21: =DU20+Y21 -> 497 | DV21: =DV20+Z21 -> 93 | DW21: =DW20+AA21 -> 1721 | DX21: =DX20+AB21 -> 972 | DY21: =DY20+AC21 -> 664 | ... EQ21: =EQ20+AU21 -> 8008 | ER21: =AVERAGE(EH21:EQ21) -> 2666.5 | ES21: =AVERAGE(DB21:EQ21) -> 1072.9268 | EV21: 180 | EW21: =CX21/CX$102 -> 0.011812911 | EX21: =CY21/CY$102 -> 0.006058074 | EY21: =CZ21/CZ$102 -> 0.039340823 | EZ21: =DA21/DA$102 -> 0.025581395 | FA21: =DB21/DB$102 -> 0.019009901 | FB21: =DC21/DC$102 -> 0.0032957502 | FC21: =DD21/DD$102 -> 9.3729497e-05 | FD21: =DE21/DE$102 -> 0 | ... FO21: =DP21/DP$102 -> 0.023891634 | FQ21: =DR21/DR$102 -> 0.021942265 | FR21: =DS21/DS$102 -> 0.020691995 | FS21: =DT21/DT$102 -> 0.054083584 | FT21: =DU21/DU$102 -> 0.02077373 | FU21: =DV21/DV$102 -> 0.001331253 | FV21: =DW21/DW$102 -> 0.022336435 | FW21: =DX21/DX$102 -> 0.01482928 | FX21: =DY21/DY$102 -> 0.0065698992 | ... GP21: =EQ21/EQ$102 -> 0.038078392 | GQ21: =AVERAGE(GG21:GP21) -> 0.026564078 | GR21: =AVERAGE(FA21:GP21) -> 0.019648011
A22: 181 | B22: 118 | C22: 4 | D22: 144 | E22: 2 | F22: 0 | G22: 8 | H22: 0 | I22: 0 | J22: 0 | L22: 17 | M22: 85 | N22: 54 | O22: 6 | P22: 42 | Q22: 253 | R22: 187 | S22: 7 | T22: 438 | V22: 820 | W22: 21 | X22: 77 | Y22: 38 | Z22: 24 | AA22: 930 | AB22: 368 | AC22: 28 | AD22: 183 | AE22: 3 | AF22: 1 | AG22: 9 | AH22: 0 | AI22: 522 | AJ22: 425 | AK22: 146 | AL22: 93 | AM22: 176 | AN22: 3 | AO22: 502 | AP22: 1982 | AQ22: 0 | AR22: 282 | AS22: 1655 | AT22: 298 | AU22: 1390 | AV22: =AVERAGE(AL22:AU22) -> 638.1 | AW22: =AW21+AV22 -> 3326.0933 | AY22: 181 | AZ22: =B22/B$104 -> 0.0051436293 | BA22: =C22/C$104 -> 0.0002088991 | BB22: =D22/D$104 -> 0.0062945316 | BC22: =E22/E$104 -> 0.0046511628 | BD22: =F22/F$104 -> 0 | BE22: =G22/G$104 -> 0.00069384215 | BF22: =H22/H$104 -> 0 | BG22: =I22/I$104 -> 0 | ... BR22: =T22/T$104 -> 0.015572226 | BT22: =V22/V$104 -> 0.014268562 | BU22: =W22/W$104 -> 0.0071234735 | BV22: =X22/X$104 -> 0.021032505 | BW22: =Y22/Y$104 -> 0.0015883334 | BX22: =Z22/Z$104 -> 0.00034354915 | BY22: =AA22/AA$104 -> 0.012070241 | BZ22: =AB22/AB$104 -> 0.0056143777 | CA22: =AC22/AC$104 -> 0.00027704394 | ... CS22: =AU22/AU$104 -> 0.006609511 | CT22: =CT21+AVERAGE(CJ22:CS22) -> 0.03533776 | CU22: =CU21+AVERAGE(BD22:CS22) -> 0.024934765 | CW22: 181 | CX22: =CX21+B22 -> 389 | CY22: =CY21+C22 -> 120 | CZ22: =CZ21+D22 -> 1044 | DA22: =DA21+E22 -> 13 | DB22: =DB21+F22 -> 48 | DC22: =DC21+G22 -> 46 | DD22: =DD21+H22 -> 1 | DE22: =DE21+I22 -> 0 | ... DP22: =DP21+T22 -> 1110 | DR22: =DR21+V22 -> 2081 | DS22: =DS21+W22 -> 82 | DT22: =DT21+X22 -> 275 | DU22: =DU21+Y22 -> 535 | DV22: =DV21+Z22 -> 117 | DW22: =DW21+AA22 -> 2651 | DX22: =DX21+AB22 -> 1340 | DY22: =DY21+AC22 -> 692 | ... EQ22: =EQ21+AU22 -> 9398 | ER22: =AVERAGE(EH22:EQ22) -> 3304.6 | ES22: =AVERAGE(DB22:EQ22) -> 1343 | EV22: 181 | EW22: =CX22/CX$102 -> 0.016956541 | EX22: =CY22/CY$102 -> 0.0062669731 | EY22: =CZ22/CZ$102 -> 0.045635354 | EZ22: =DA22/DA$102 -> 0.030232558 | FA22: =DB22/DB$102 -> 0.019009901 | FB22: =DC22/DC$102 -> 0.0039895924 | FC22: =DD22/DD$102 -> 9.3729497e-05 | FD22: =DE22/DE$102 -> 0 | ... FO22: =DP22/DP$102 -> 0.03946386 | FQ22: =DR22/DR$102 -> 0.036210827 | FR22: =DS22/DS$102 -> 0.027815468 | FS22: =DT22/DT$102 -> 0.075116089 | FT22: =DU22/DU$102 -> 0.022362063 | FU22: =DV22/DV$102 -> 0.0016748021 | FV22: =DW22/DW$102 -> 0.034406676 | FW22: =DX22/DX$102 -> 0.020443658 | FX22: =DY22/DY$102 -> 0.0068469431 | ... GP22: =EQ22/EQ$102 -> 0.044687903 | GQ22: =AVERAGE(GG22:GP22) -> 0.03533776 | GR22: =AVERAGE(FA22:GP22) -> 0.024934765
A23: 182 | B23: 171 | C23: 53 | D23: 148 | E23: 7 | F23: 8 | G23: 3 | H23: 0 | I23: 0 | J23: 0 | L23: 29 | M23: 109 | N23: 92 | O23: 3 | P23: 195 | Q23: 210 | R23: 180 | S23: 7 | T23: 267 | V23: 410 | W23: 24 | X23: 91 | Y23: 8 | Z23: 74 | AA23: 197 | AB23: 433 | AC23: 142 | AD23: 71 | AE23: 3 | AF23: 17 | AG23: 1 | AH23: 0 | AI23: 201 | AJ23: 1030 | AK23: 304 | AL23: 2 | AM23: 437 | AN23: 457 | AO23: 869 | AP23: 766 | AQ23: 9 | AR23: 150 | AS23: 344 | AT23: 1141 | AU23: 1340 | AV23: =AVERAGE(AL23:AU23) -> 551.5 | AW23: =AW22+AV23 -> 3877.5933 | AY23: 182 | AZ23: =B23/B$104 -> 0.0074539035 | BA23: =C23/C$104 -> 0.0027679131 | BB23: =D23/D$104 -> 0.0064693797 | BC23: =E23/E$104 -> 0.01627907 | BD23: =F23/F$104 -> 0.0031683168 | BE23: =G23/G$104 -> 0.00026019081 | BF23: =H23/H$104 -> 0 | BG23: =I23/I$104 -> 0 | ... BR23: =T23/T$104 -> 0.0094926583 | BT23: =V23/V$104 -> 0.0071342811 | BU23: =W23/W$104 -> 0.0081411126 | BV23: =X23/X$104 -> 0.024856597 | BW23: =Y23/Y$104 -> 0.00033438599 | BX23: =Z23/Z$104 -> 0.0010592765 | BY23: =AA23/AA$104 -> 0.0025568145 | BZ23: =AB23/AB$104 -> 0.0066060477 | CA23: =AC23/AC$104 -> 0.0014050086 | ... CS23: =AU23/AU$104 -> 0.0063717588 | CT23: =CT22+AVERAGE(CJ23:CS23) -> 0.042664985 | CU23: =CU22+AVERAGE(BD23:CS23) -> 0.029976103 | CW23: 182 | CX23: =CX22+B23 -> 560 | CY23: =CY22+C23 -> 173 | CZ23: =CZ22+D23 -> 1192 | DA23: =DA22+E23 -> 20 | DB23: =DB22+F23 -> 56 | DC23: =DC22+G23 -> 49 | DD23: =DD22+H23 -> 1 | DE23: =DE22+I23 -> 0 | ... DP23: =DP22+T23 -> 1377 | DR23: =DR22+V23 -> 2491 | DS23: =DS22+W23 -> 106 | DT23: =DT22+X23 -> 366 | DU23: =DU22+Y23 -> 543 | DV23: =DV22+Z23 -> 191 | DW23: =DW22+AA23 -> 2848 | DX23: =DX22+AB23 -> 1773 | DY23: =DY22+AC23 -> 834 | ... EQ23: =EQ22+AU23 -> 10738 | ER23: =AVERAGE(EH23:EQ23) -> 3856.1 | ES23: =AVERAGE(DB23:EQ23) -> 1577.7317 | EV23: 182 | EW23: =CX23/CX$102 -> 0.024410444 | EX23: =CY23/CY$102 -> 0.0090348861 | EY23: =CZ23/CZ$102 -> 0.052104734 | EZ23: =DA23/DA$102 -> 0.046511628 | FA23: =DB23/DB$102 -> 0.022178218 | FB23: =DC23/DC$102 -> 0.0042497832 | FC23: =DD23/DD$102 -> 9.3729497e-05 | FD23: =DE23/DE$102 -> 0 | ... FO23: =DP23/DP$102 -> 0.048956519 | FQ23: =DR23/DR$102 -> 0.043345108 | FR23: =DS23/DS$102 -> 0.035956581 | FS23: =DT23/DT$102 -> 0.099972685 | FT23: =DU23/DU$102 -> 0.022696449 | FU23: =DV23/DV$102 -> 0.0027340786 | FV23: =DW23/DW$102 -> 0.036963491 | FW23: =DX23/DX$102 -> 0.027049706 | FX23: =DY23/DY$102 -> 0.0082519517 | ... GP23: =EQ23/EQ$102 -> 0.051059662 | GQ23: =AVERAGE(GG23:GP23) -> 0.042664985 | GR23: =AVERAGE(FA23:GP23) -> 0.029976103
A24: 183 | B24: 342 | C24: 312 | D24: 223 | E24: 2 | F24: 3 | G24: 8 | H24: 0 | I24: 0 | J24: 5 | L24: 44 | M24: 219 | N24: 648 | O24: 3 | P24: 453 | Q24: 97 | R24: 269 | S24: 0 | T24: 104 | V24: 579 | W24: 24 | X24: 40 | Y24: 25 | Z24: 77 | AA24: 1099 | AB24: 300 | AC24: 215 | AD24: 155 | AE24: 6 | AF24: 0 | AG24: 3 | AH24: 42 | AI24: 55 | AJ24: 1548 | AK24: 91 | AL24: 1 | AM24: 176 | AN24: 255 | AO24: 205 | AP24: 719 | AQ24: 1 | AR24: 122 | AS24: 197 | AT24: 188 | AU24: 3605 | AV24: =AVERAGE(AL24:AU24) -> 546.9 | AW24: =AW23+AV24 -> 4424.4933 | AY24: 183 | AZ24: =B24/B$104 -> 0.014907807 | BA24: =C24/C$104 -> 0.01629413 | BB24: =D24/D$104 -> 0.0097477816 | BC24: =E24/E$104 -> 0.0046511628 | BD24: =F24/F$104 -> 0.0011881188 | BE24: =G24/G$104 -> 0.00069384215 | BF24: =H24/H$104 -> 0 | BG24: =I24/I$104 -> 0 | ... BR24: =T24/T$104 -> 0.0036975148 | BT24: =V24/V$104 -> 0.010074997 | BU24: =W24/W$104 -> 0.0081411126 | BV24: =X24/X$104 -> 0.010925977 | BW24: =Y24/Y$104 -> 0.0010449562 | BX24: =Z24/Z$104 -> 0.0011022202 | BY24: =AA24/AA$104 -> 0.01426365 | BZ24: =AB24/AB$104 -> 0.0045769383 | CA24: =AC24/AC$104 -> 0.0021273017 | ... CS24: =AU24/AU$104 -> 0.017141933 | CT24: =CT23+AVERAGE(CJ24:CS24) -> 0.047684771 | CU24: =CU23+AVERAGE(BD24:CS24) -> 0.034837979 | CW24: 183 | CX24: =CX23+B24 -> 902 | CY24: =CY23+C24 -> 485 | CZ24: =CZ23+D24 -> 1415 | DA24: =DA23+E24 -> 22 | DB24: =DB23+F24 -> 59 | DC24: =DC23+G24 -> 57 | DD24: =DD23+H24 -> 1 | DE24: =DE23+I24 -> 0 | ... DP24: =DP23+T24 -> 1481 | DR24: =DR23+V24 -> 3070 | DS24: =DS23+W24 -> 130 | DT24: =DT23+X24 -> 406 | DU24: =DU23+Y24 -> 568 | DV24: =DV23+Z24 -> 268 | DW24: =DW23+AA24 -> 3947 | DX24: =DX23+AB24 -> 2073 | DY24: =DY23+AC24 -> 1049 | ... EQ24: =EQ23+AU24 -> 14343 | ER24: =AVERAGE(EH24:EQ24) -> 4403 | ES24: =AVERAGE(DB24:EQ24) -> 1860.1951 | EV24: 183 | EW24: =CX24/CX$102 -> 0.039318251 | EX24: =CY24/CY$102 -> 0.025329016 | EY24: =CZ24/CZ$102 -> 0.061852516 | EZ24: =DA24/DA$102 -> 0.051162791 | FA24: =DB24/DB$102 -> 0.023366337 | FB24: =DC24/DC$102 -> 0.0049436253 | FC24: =DD24/DD$102 -> 9.3729497e-05 | FD24: =DE24/DE$102 -> 0 | ... FO24: =DP24/DP$102 -> 0.052654033 | FQ24: =DR24/DR$102 -> 0.053420105 | FR24: =DS24/DS$102 -> 0.044097693 | FS24: =DT24/DT$102 -> 0.11089866 | FT24: =DU24/DU$102 -> 0.023741405 | FU24: =DV24/DV$102 -> 0.0038362988 | FV24: =DW24/DW$102 -> 0.051227141 | FW24: =DX24/DX$102 -> 0.031626644 | FX24: =DY24/DY$102 -> 0.010379253 | ... GP24: =EQ24/EQ$102 -> 0.068201595 | GQ24: =AVERAGE(GG24:GP24) -> 0.047684771 | GR24: =AVERAGE(FA24:GP24) -> 0.034837979
A25: 184 | B25: 417 | C25: 382 | D25: 178 | E25: 2 | F25: 47 | G25: 11 | H25: 3 | I25: 0 | J25: 19 | L25: 23 | M25: 202 | N25: 67 | O25: 14 | P25: 169 | Q25: 79 | R25: 300 | S25: 1 | T25: 491 | V25: 502 | W25: 17 | X25: 55 | Y25: 11 | Z25: 65 | AA25: 104 | AB25: 21 | AC25: 4 | AD25: 1146 | AE25: 3 | AF25: 11 | AG25: 1 | AH25: 10 | AI25: 576 | AJ25: 999 | AK25: 244 | AL25: 5 | AM25: 121 | AN25: 96 | AO25: 157 | AP25: 336 | AQ25: 14 | AR25: 61 | AS25: 299 | AT25: 183 | AU25: 3611 | AV25: =AVERAGE(AL25:AU25) -> 488.3 | AW25: =AW24+AV25 -> 4912.7933 | AY25: 184 | AZ25: =B25/B$104 -> 0.018177063 | BA25: =C25/C$104 -> 0.019949864 | BB25: =D25/D$104 -> 0.0077807405 | BC25: =E25/E$104 -> 0.0046511628 | BD25: =F25/F$104 -> 0.018613861 | BE25: =G25/G$104 -> 0.00095403296 | BF25: =H25/H$104 -> 0.00028118849 | BG25: =I25/I$104 -> 0 | ... BR25: =T25/T$104 -> 0.017456536 | BT25: =V25/V$104 -> 0.0087351442 | BU25: =W25/W$104 -> 0.0057666214 | BV25: =X25/X$104 -> 0.015023218 | BW25: =Y25/Y$104 -> 0.00045978073 | BX25: =Z25/Z$104 -> 0.00093044561 | BY25: =AA25/AA$104 -> 0.0013497904 | BZ25: =AB25/AB$104 -> 0.00032038568 | CA25: =AC25/AC$104 -> 3.9577706e-05 | ... CS25: =AU25/AU$104 -> 0.017170464 | CT25: =CT24+AVERAGE(CJ25:CS25) -> 0.051537254 | CU25: =CU24+AVERAGE(BD25:CS25) -> 0.039725381 | CW25: 184 | CX25: =CX24+B25 -> 1319 | CY25: =CY24+C25 -> 867 | CZ25: =CZ24+D25 -> 1593 | DA25: =DA24+E25 -> 24 | DB25: =DB24+F25 -> 106 | DC25: =DC24+G25 -> 68 | DD25: =DD24+H25 -> 4 | DE25: =DE24+I25 -> 0 | ... DP25: =DP24+T25 -> 1972 | DR25: =DR24+V25 -> 3572 | DS25: =DS24+W25 -> 147 | DT25: =DT24+X25 -> 461 | DU25: =DU24+Y25 -> 579 | DV25: =DV24+Z25 -> 333 | DW25: =DW24+AA25 -> 4051 | DX25: =DX24+AB25 -> 2094 | DY25: =DY24+AC25 -> 1053 | ... EQ25: =EQ24+AU25 -> 17954 | ER25: =AVERAGE(EH25:EQ25) -> 4891.3 | ES25: =AVERAGE(DB25:EQ25) -> 2106 | EV25: 184 | EW25: =CX25/CX$102 -> 0.057495314 | EX25: =CY25/CY$102 -> 0.04527888 | EY25: =CZ25/CZ$102 -> 0.069633256 | EZ25: =DA25/DA$102 -> 0.055813953 | FA25: =DB25/DB$102 -> 0.041980198 | FB25: =DC25/DC$102 -> 0.0058976583 | FC25: =DD25/DD$102 -> 0.00037491799 | FD25: =DE25/DE$102 -> 0 | ... FO25: =DP25/DP$102 -> 0.07011057 | FQ25: =DR25/DR$102 -> 0.062155249 | FR25: =DS25/DS$102 -> 0.049864315 | FS25: =DT25/DT$102 -> 0.12592188 | FT25: =DU25/DU$102 -> 0.024201186 | FU25: =DV25/DV$102 -> 0.0047667444 | FV25: =DW25/DW$102 -> 0.052576932 | FW25: =DX25/DX$102 -> 0.03194703 | FX25: =DY25/DY$102 -> 0.010418831 | ... GP25: =EQ25/EQ$102 -> 0.085372058 | GQ25: =AVERAGE(GG25:GP25) -> 0.051537254 | GR25: =AVERAGE(FA25:GP25) -> 0.039725381
A26: 185 | B26: 110 | C26: 135 | D26: 135 | E26: 8 | F26: 13 | G26: 108 | H26: 3 | I26: 2 | J26: 13 | L26: 9 | M26: 680 | N26: 366 | O26: 13 | P26: 135 | Q26: 570 | R26: 391 | S26: 0 | T26: 159 | V26: 38 | W26: 15 | X26: 44 | Y26: 4 | Z26: 145 | AA26: 433 | AB26: 634 | AC26: 0 | AD26: 43 | AE26: 120 | AF26: 2 | AG26: 18 | AH26: 92 | AI26: 736 | AJ26: 1252 | AK26: 44 | AL26: 197 | AM26: 10 | AN26: 1180 | AO26: 345 | AP26: 20 | AQ26: 196 | AR26: 289 | AS26: 105 | AT26: 2135 | AU26: 976 | AV26: =AVERAGE(AL26:AU26) -> 545.3 | AW26: =AW25+AV26 -> 5458.0933 | AY26: 185 | AZ26: =B26/B$104 -> 0.0047949087 | BA26: =C26/C$104 -> 0.0070503447 | BB26: =D26/D$104 -> 0.0059011234 | BC26: =E26/E$104 -> 0.018604651 | BD26: =F26/F$104 -> 0.0051485149 | BE26: =G26/G$104 -> 0.009366869 | BF26: =H26/H$104 -> 0.00028118849 | BG26: =I26/I$104 -> 0.00021244954 | ... BR26: =T26/T$104 -> 0.0056529313 | BT26: =V26/V$104 -> 0.00066122605 | BU26: =W26/W$104 -> 0.0050881954 | BV26: =X26/X$104 -> 0.012018574 | BW26: =Y26/Y$104 -> 0.00016719299 | BX26: =Z26/Z$104 -> 0.0020756094 | BY26: =AA26/AA$104 -> 0.0056198004 | BZ26: =AB26/AB$104 -> 0.0096725963 | CA26: =AC26/AC$104 -> 0 | ... CS26: =AU26/AU$104 -> 0.0046409229 | CT26: =CT25+AVERAGE(CJ26:CS26) -> 0.058611543 | CU26: =CU25+AVERAGE(BD26:CS26) -> 0.045641692 | CW26: 185 | CX26: =CX25+B26 -> 1429 | CY26: =CY25+C26 -> 1002 | CZ26: =CZ25+D26 -> 1728 | DA26: =DA25+E26 -> 32 | DB26: =DB25+F26 -> 119 | DC26: =DC25+G26 -> 176 | DD26: =DD25+H26 -> 7 | DE26: =DE25+I26 -> 2 | ... DP26: =DP25+T26 -> 2131 | DR26: =DR25+V26 -> 3610 | DS26: =DS25+W26 -> 162 | DT26: =DT25+X26 -> 505 | DU26: =DU25+Y26 -> 583 | DV26: =DV25+Z26 -> 478 | DW26: =DW25+AA26 -> 4484 | DX26: =DX25+AB26 -> 2728 | DY26: =DY25+AC26 -> 1053 | ... EQ26: =EQ25+AU26 -> 18930 | ER26: =AVERAGE(EH26:EQ26) -> 5436.6 | ES26: =AVERAGE(DB26:EQ26) -> 2387.3415 | EV26: 185 | EW26: =CX26/CX$102 -> 0.062290223 | EX26: =CY26/CY$102 -> 0.052329225 | EY26: =CZ26/CZ$102 -> 0.07553438 | EZ26: =DA26/DA$102 -> 0.074418605 | FA26: =DB26/DB$102 -> 0.047128713 | FB26: =DC26/DC$102 -> 0.015264527 | FC26: =DD26/DD$102 -> 0.00065610648 | FD26: =DE26/DE$102 -> 0.00021244954 | ... FO26: =DP26/DP$102 -> 0.075763501 | FQ26: =DR26/DR$102 -> 0.062816475 | FR26: =DS26/DS$102 -> 0.05495251 | FS26: =DT26/DT$102 -> 0.13794045 | FT26: =DU26/DU$102 -> 0.024368379 | FU26: =DV26/DV$102 -> 0.0068423539 | FV26: =DW26/DW$102 -> 0.058196732 | FW26: =DX26/DX$102 -> 0.041619626 | FX26: =DY26/DY$102 -> 0.010418831 | ... GP26: =EQ26/EQ$102 -> 0.090012981 | GQ26: =AVERAGE(GG26:GP26) -> 0.058611543 | GR26: =AVERAGE(FA26:GP26) -> 0.045641692
A27: 186 | B27: 162 | C27: 60 | D27: 193 | E27: 17 | F27: 0 | G27: 69 | H27: 2 | I27: 0 | J27: 0 | L27: 586 | M27: 826 | N27: 373 | O27: 42 | P27: 237 | Q27: 442 | R27: 310 | S27: 0 | T27: 169 | V27: 112 | W27: 3 | X27: 61 | Y27: 11 | Z27: 2042 | AA27: 201 | AB27: 371 | AC27: 1 | AD27: 643 | AE27: 137 | AF27: 45 | AG27: 71 | AH27: 19 | AI27: 119 | AJ27: 2059 | AK27: 129 | AL27: 0 | AM27: 458 | AN27: 0 | AO27: 1221 | AP27: 2324 | AQ27: 28 | AR27: 306 | AS27: 741 | AT27: 1096 | AU27: 881 | AV27: =AVERAGE(AL27:AU27) -> 705.5 | AW27: =AW26+AV27 -> 6163.5933 | AY27: 186 | AZ27: =B27/B$104 -> 0.0070615928 | BA27: =C27/C$104 -> 0.0031334865 | BB27: =D27/D$104 -> 0.0084364209 | BC27: =E27/E$104 -> 0.039534884 | BD27: =F27/F$104 -> 0 | BE27: =G27/G$104 -> 0.0059843886 | BF27: =H27/H$104 -> 0.00018745899 | BG27: =I27/I$104 -> 0 | ... BR27: =T27/T$104 -> 0.0060084616 | BT27: =V27/V$104 -> 0.0019488768 | BU27: =W27/W$104 -> 0.0010176391 | BV27: =X27/X$104 -> 0.016662114 | BW27: =Y27/Y$104 -> 0.00045978073 | BX27: =Z27/Z$104 -> 0.029230307 | BY27: =AA27/AA$104 -> 0.0026087295 | BZ27: =AB27/AB$104 -> 0.0056601471 | CA27: =AC27/AC$104 -> 9.8944265e-06 | ... CS27: =AU27/AU$104 -> 0.0041891937 | CT27: =CT26+AVERAGE(CJ27:CS27) -> 0.06883542 | CU27: =CU26+AVERAGE(BD27:CS27) -> 0.053696218 | CW27: 186 | CX27: =CX26+B27 -> 1591 | CY27: =CY26+C27 -> 1062 | CZ27: =CZ26+D27 -> 1921 | DA27: =DA26+E27 -> 49 | DB27: =DB26+F27 -> 119 | DC27: =DC26+G27 -> 245 | DD27: =DD26+H27 -> 9 | DE27: =DE26+I27 -> 2 | ... DP27: =DP26+T27 -> 2300 | DR27: =DR26+V27 -> 3722 | DS27: =DS26+W27 -> 165 | DT27: =DT26+X27 -> 566 | DU27: =DU26+Y27 -> 594 | DV27: =DV26+Z27 -> 2520 | DW27: =DW26+AA27 -> 4685 | DX27: =DX26+AB27 -> 3099 | DY27: =DY26+AC27 -> 1054 | ... EQ27: =EQ26+AU27 -> 19811 | ER27: =AVERAGE(EH27:EQ27) -> 6142.1 | ES27: =AVERAGE(DB27:EQ27) -> 2780.878 | EV27: 186 | EW27: =CX27/CX$102 -> 0.069351816 | EX27: =CY27/CY$102 -> 0.055462712 | EY27: =CZ27/CZ$102 -> 0.0839708 | EZ27: =DA27/DA$102 -> 0.11395349 | FA27: =DB27/DB$102 -> 0.047128713 | FB27: =DC27/DC$102 -> 0.021248916 | FC27: =DD27/DD$102 -> 0.00084356547 | FD27: =DE27/DE$102 -> 0.00021244954 | ... FO27: =DP27/DP$102 -> 0.081771963 | FQ27: =DR27/DR$102 -> 0.064765352 | FR27: =DS27/DS$102 -> 0.055970149 | FS27: =DT27/DT$102 -> 0.15460257 | FT27: =DU27/DU$102 -> 0.02482816 | FU27: =DV27/DV$102 -> 0.036072661 | FV27: =DW27/DW$102 -> 0.060805461 | FW27: =DX27/DX$102 -> 0.047279773 | FX27: =DY27/DY$102 -> 0.010428725 | ... GP27: =EQ27/EQ$102 -> 0.094202175 | GQ27: =AVERAGE(GG27:GP27) -> 0.06883542 | GR27: =AVERAGE(FA27:GP27) -> 0.053696218
A28: 187 | B28: 121 | C28: 19 | D28: 170 | E28: 4 | F28: 13 | G28: 133 | H28: 1 | I28: 19 | J28: 16 | L28: 16 | M28: 341 | N28: 42 | O28: 22 | P28: 452 | Q28: 511 | R28: 103 | S28: 0 | T28: 152 | V28: 2356 | W28: 12 | X28: 85 | Y28: 87 | Z28: 77 | AA28: 1187 | AB28: 973 | AC28: 714 | AD28: 663 | AE28: 24 | AF28: 3 | AG28: 7 | AH28: 38 | AI28: 144 | AJ28: 1530 | AK28: 156 | AL28: 2 | AM28: 59 | AN28: 1518 | AO28: 13 | AP28: 66 | AQ28: 190 | AR28: 84 | AS28: 5379 | AT28: 6519 | AU28: 2975 | AV28: =AVERAGE(AL28:AU28) -> 1680.5 | AW28: =AW27+AV28 -> 7844.0933 | AY28: 187 | AZ28: =B28/B$104 -> 0.0052743995 | BA28: =C28/C$104 -> 0.00099227073 | BB28: =D28/D$104 -> 0.0074310443 | BC28: =E28/E$104 -> 0.0093023256 | BD28: =F28/F$104 -> 0.0051485149 | BE28: =G28/G$104 -> 0.011535126 | BF28: =H28/H$104 -> 9.3729497e-05 | BG28: =I28/I$104 -> 0.0020182707 | ... BR28: =T28/T$104 -> 0.0054040602 | BT28: =V28/V$104 -> 0.040996015 | BU28: =W28/W$104 -> 0.0040705563 | BV28: =X28/X$104 -> 0.0232177 | BW28: =Y28/Y$104 -> 0.0036364476 | BX28: =Z28/Z$104 -> 0.0011022202 | BY28: =AA28/AA$104 -> 0.015405781 | BZ28: =AB28/AB$104 -> 0.014844537 | CA28: =AC28/AC$104 -> 0.0070646205 | ... CS28: =AU28/AU$104 -> 0.014146256 | CT28: =CT27+AVERAGE(CJ28:CS28) -> 0.084516258 | CU28: =CU27+AVERAGE(BD28:CS28) -> 0.063285247 | CW28: 187 | CX28: =CX27+B28 -> 1712 | CY28: =CY27+C28 -> 1081 | CZ28: =CZ27+D28 -> 2091 | DA28: =DA27+E28 -> 53 | DB28: =DB27+F28 -> 132 | DC28: =DC27+G28 -> 378 | DD28: =DD27+H28 -> 10 | DE28: =DE27+I28 -> 21 | ... DP28: =DP27+T28 -> 2452 | DR28: =DR27+V28 -> 6078 | DS28: =DS27+W28 -> 177 | DT28: =DT27+X28 -> 651 | DU28: =DU27+Y28 -> 681 | DV28: =DV27+Z28 -> 2597 | DW28: =DW27+AA28 -> 5872 | DX28: =DX27+AB28 -> 4072 | DY28: =DY27+AC28 -> 1768 | ... EQ28: =EQ27+AU28 -> 22786 | ER28: =AVERAGE(EH28:EQ28) -> 7822.6 | ES28: =AVERAGE(DB28:EQ28) -> 3431.6585 | EV28: 187 | EW28: =CX28/CX$102 -> 0.074626215 | EX28: =CY28/CY$102 -> 0.056454982 | EY28: =CZ28/CZ$102 -> 0.091401845 | EZ28: =DA28/DA$102 -> 0.12325581 | FA28: =DB28/DB$102 -> 0.052277228 | FB28: =DC28/DC$102 -> 0.032784042 | FC28: =DD28/DD$102 -> 0.00093729497 | FD28: =DE28/DE$102 -> 0.0022307202 | ... FO28: =DP28/DP$102 -> 0.087176023 | FQ28: =DR28/DR$102 -> 0.10576137 | FR28: =DS28/DS$102 -> 0.060040706 | FS28: =DT28/DT$102 -> 0.17782027 | FT28: =DU28/DU$102 -> 0.028464607 | FU28: =DV28/DV$102 -> 0.037174881 | FV28: =DW28/DW$102 -> 0.076211242 | FW28: =DX28/DX$102 -> 0.06212431 | FX28: =DY28/DY$102 -> 0.017493346 | ... GP28: =EQ28/EQ$102 -> 0.10834843 | GQ28: =AVERAGE(GG28:GP28) -> 0.084516258 | GR28: =AVERAGE(FA28:GP28) -> 0.063285247
A29: 188 | B29: 33 | C29: 54 | D29: 73 | E29: 31 | F29: 16 | G29: 22 | H29: 1 | I29: 1 | J29: 80 | L29: 258 | M29: 614 | N29: 293 | O29: 14 | P29: 307 | Q29: 411 | R29: 308 | S29: 0 | T29: 458 | V29: 1300 | W29: 14 | X29: 97 | Y29: 78 | Z29: 58 | AA29: 1084 | AB29: 469 | AC29: 3245 | AD29: 130 | AE29: 18 | AF29: 29 | AG29: 596 | AH29: 6 | AI29: 259 | AJ29: 701 | AK29: 473 | AL29: 2 | AM29: 188 | AN29: 162 | AO29: 1480 | AP29: 563 | AQ29: 25 | AR29: 1860 | AS29: 971 | AT29: 201 | AU29: 464 | AV29: =AVERAGE(AL29:AU29) -> 591.6 | AW29: =AW28+AV29 -> 8435.6933 | AY29: 188 | AZ29: =B29/B$104 -> 0.0014384726 | BA29: =C29/C$104 -> 0.0028201379 | BB29: =D29/D$104 -> 0.0031909778 | BC29: =E29/E$104 -> 0.072093023 | BD29: =F29/F$104 -> 0.0063366337 | BE29: =G29/G$104 -> 0.0019080659 | BF29: =H29/H$104 -> 9.3729497e-05 | BG29: =I29/I$104 -> 0.00010622477 | ... BR29: =T29/T$104 -> 0.016283287 | BT29: =V29/V$104 -> 0.022620891 | BU29: =W29/W$104 -> 0.0047489824 | BV29: =X29/X$104 -> 0.026495493 | BW29: =Y29/Y$104 -> 0.0032602634 | BX29: =Z29/Z$104 -> 0.00083024378 | BY29: =AA29/AA$104 -> 0.014068969 | BZ29: =AB29/AB$104 -> 0.0071552803 | CA29: =AC29/AC$104 -> 0.032107414 | ... CS29: =AU29/AU$104 -> 0.0022063404 | CT29: =CT28+AVERAGE(CJ29:CS29) -> 0.093297427 | CU29: =CU28+AVERAGE(BD29:CS29) -> 0.072401447 | CW29: 188 | CX29: =CX28+B29 -> 1745 | CY29: =CY28+C29 -> 1135 | CZ29: =CZ28+D29 -> 2164 | DA29: =DA28+E29 -> 84 | DB29: =DB28+F29 -> 148 | DC29: =DC28+G29 -> 400 | DD29: =DD28+H29 -> 11 | DE29: =DE28+I29 -> 22 | ... DP29: =DP28+T29 -> 2910 | DR29: =DR28+V29 -> 7378 | DS29: =DS28+W29 -> 191 | DT29: =DT28+X29 -> 748 | DU29: =DU28+Y29 -> 759 | DV29: =DV28+Z29 -> 2655 | DW29: =DW28+AA29 -> 6956 | DX29: =DX28+AB29 -> 4541 | DY29: =DY28+AC29 -> 5013 | ... EQ29: =EQ28+AU29 -> 23250 | ER29: =AVERAGE(EH29:EQ29) -> 8414.2 | ES29: =AVERAGE(DB29:EQ29) -> 3852.5366 | EV29: 188 | EW29: =CX29/CX$102 -> 0.076064688 | EX29: =CY29/CY$102 -> 0.05927512 | EY29: =CZ29/CZ$102 -> 0.094592822 | EZ29: =DA29/DA$102 -> 0.19534884 | FA29: =DB29/DB$102 -> 0.058613861 | FB29: =DC29/DC$102 -> 0.034692108 | FC29: =DD29/DD$102 -> 0.0010310245 | FD29: =DE29/DE$102 -> 0.002336945 | ... FO29: =DP29/DP$102 -> 0.10345931 | FQ29: =DR29/DR$102 -> 0.12838226 | FR29: =DS29/DS$102 -> 0.064789688 | FS29: =DT29/DT$102 -> 0.20431576 | FT29: =DU29/DU$102 -> 0.031724871 | FU29: =DV29/DV$102 -> 0.038005125 | FV29: =DW29/DW$102 -> 0.090280211 | FW29: =DX29/DX$102 -> 0.06927959 | FX29: =DY29/DY$102 -> 0.04960076 | ... GP29: =EQ29/EQ$102 -> 0.11055477 | GQ29: =AVERAGE(GG29:GP29) -> 0.093297427 | GR29: =AVERAGE(FA29:GP29) -> 0.072401447
A30: 189 | B30: 61 | C30: 191 | D30: 217 | E30: 5 | F30: 3 | G30: 26 | H30: 31 | I30: 4 | J30: 182 | L30: 410 | M30: 1026 | N30: 108 | O30: 25 | P30: 602 | Q30: 717 | R30: 508 | S30: 5 | T30: 554 | V30: 240 | W30: 22 | X30: 31 | Y30: 280 | Z30: 41 | AA30: 1461 | AB30: 274 | AC30: 2800 | AD30: 1791 | AE30: 227 | AF30: 23 | AG30: 976 | AH30: 22 | AI30: 356 | AJ30: 138 | AK30: 246 | AL30: 6 | AM30: 7 | AN30: 267 | AO30: 1335 | AP30: 256 | AQ30: 65 | AR30: 642 | AS30: 606 | AT30: 3328 | AU30: 225 | AV30: =AVERAGE(AL30:AU30) -> 673.7 | AW30: =AW29+AV30 -> 9109.3933 | AY30: 189 | AZ30: =B30/B$104 -> 0.0026589948 | BA30: =C30/C$104 -> 0.0099749321 | BB30: =D30/D$104 -> 0.0094855095 | BC30: =E30/E$104 -> 0.011627907 | BD30: =F30/F$104 -> 0.0011881188 | BE30: =G30/G$104 -> 0.002254987 | BF30: =H30/H$104 -> 0.0029056144 | BG30: =I30/I$104 -> 0.00042489909 | ... BR30: =T30/T$104 -> 0.019696377 | BT30: =V30/V$104 -> 0.0041761645 | BU30: =W30/W$104 -> 0.0074626866 | BV30: =X30/X$104 -> 0.0084676318 | BW30: =Y30/Y$104 -> 0.01170351 | BX30: =Z30/Z$104 -> 0.00058689646 | BY30: =AA30/AA$104 -> 0.018961959 | BZ30: =AB30/AB$104 -> 0.0041802703 | CA30: =AC30/AC$104 -> 0.027704394 | ... CS30: =AU30/AU$104 -> 0.0010698849 | CT30: =CT29+AVERAGE(CJ30:CS30) -> 0.10034174 | CU30: =CU29+AVERAGE(BD30:CS30) -> 0.08262504 | CW30: 189 | CX30: =CX29+B30 -> 1806 | CY30: =CY29+C30 -> 1326 | CZ30: =CZ29+D30 -> 2381 | DA30: =DA29+E30 -> 89 | DB30: =DB29+F30 -> 151 | DC30: =DC29+G30 -> 426 | DD30: =DD29+H30 -> 42 | DE30: =DE29+I30 -> 26 | ... DP30: =DP29+T30 -> 3464 | DR30: =DR29+V30 -> 7618 | DS30: =DS29+W30 -> 213 | DT30: =DT29+X30 -> 779 | DU30: =DU29+Y30 -> 1039 | DV30: =DV29+Z30 -> 2696 | DW30: =DW29+AA30 -> 8417 | DX30: =DX29+AB30 -> 4815 | DY30: =DY29+AC30 -> 7813 | ... EQ30: =EQ29+AU30 -> 23475 | ER30: =AVERAGE(EH30:EQ30) -> 9087.9 | ES30: =AVERAGE(DB30:EQ30) -> 4337.0732 | EV30: 189 | EW30: =CX30/CX$102 -> 0.078723682 | EX30: =CY30/CY$102 -> 0.069250052 | EY30: =CZ30/CZ$102 -> 0.10407833 | EZ30: =DA30/DA$102 -> 0.20697674 | FA30: =DB30/DB$102 -> 0.05980198 | FB30: =DC30/DC$102 -> 0.036947095 | FC30: =DD30/DD$102 -> 0.0039366389 | FD30: =DE30/DE$102 -> 0.0027618441 | ... FO30: =DP30/DP$102 -> 0.12315569 | FQ30: =DR30/DR$102 -> 0.13255842 | FR30: =DS30/DS$102 -> 0.072252374 | FS30: =DT30/DT$102 -> 0.21278339 | FT30: =DU30/DU$102 -> 0.04342838 | FU30: =DV30/DV$102 -> 0.038592021 | FV30: =DW30/DW$102 -> 0.10924217 | FW30: =DX30/DX$102 -> 0.07345986 | FX30: =DY30/DY$102 -> 0.077305154 | ... GP30: =EQ30/EQ$102 -> 0.11162466 | GQ30: =AVERAGE(GG30:GP30) -> 0.10034174 | GR30: =AVERAGE(FA30:GP30) -> 0.08262504
A31: 190 | B31: 129 | C31: 768 | D31: 404 | E31: 15 | F31: 2 | G31: 34 | H31: 20 | I31: 20 | J31: 645 | L31: 327 | M31: 691 | N31: 234 | O31: 17 | P31: 1408 | Q31: 207 | R31: 591 | S31: 29 | T31: 315 | V31: 242 | W31: 13 | X31: 41 | Y31: 316 | Z31: 46 | AA31: 1048 | AB31: 86 | AC31: 307 | AD31: 519 | AE31: 99 | AF31: 412 | AG31: 673 | AH31: 1 | AI31: 38 | AJ31: 1026 | AK31: 439 | AL31: 516 | AM31: 563 | AN31: 977 | AO31: 2473 | AP31: 1394 | AQ31: 55 | AR31: 1774 | AS31: 3933 | AT31: 3860 | AU31: 3215 | AV31: =AVERAGE(AL31:AU31) -> 1876 | AW31: =AW30+AV31 -> 10985.393 | AY31: 190 | AZ31: =B31/B$104 -> 0.0056231202 | BA31: =C31/C$104 -> 0.040108628 | BB31: =D31/D$104 -> 0.017659658 | BC31: =E31/E$104 -> 0.034883721 | BD31: =F31/F$104 -> 0.00079207921 | BE31: =G31/G$104 -> 0.0029488291 | BF31: =H31/H$104 -> 0.0018745899 | BG31: =I31/I$104 -> 0.0021244954 | ... BR31: =T31/T$104 -> 0.011199204 | BT31: =V31/V$104 -> 0.0042109659 | BU31: =W31/W$104 -> 0.0044097693 | BV31: =X31/X$104 -> 0.011199126 | BW31: =Y31/Y$104 -> 0.013208247 | BX31: =Z31/Z$104 -> 0.0006584692 | BY31: =AA31/AA$104 -> 0.013601734 | BZ31: =AB31/AB$104 -> 0.0013120557 | CA31: =AC31/AC$104 -> 0.0030375889 | ... CS31: =AU31/AU$104 -> 0.015287466 | CT31: =CT30+AVERAGE(CJ31:CS31) -> 0.12590595 | CU31: =CU30+AVERAGE(BD31:CS31) -> 0.09773768 | CW31: 190 | CX31: =CX30+B31 -> 1935 | CY31: =CY30+C31 -> 2094 | CZ31: =CZ30+D31 -> 2785 | DA31: =DA30+E31 -> 104 | DB31: =DB30+F31 -> 153 | DC31: =DC30+G31 -> 460 | DD31: =DD30+H31 -> 62 | DE31: =DE30+I31 -> 46 | ... DP31: =DP30+T31 -> 3779 | DR31: =DR30+V31 -> 7860 | DS31: =DS30+W31 -> 226 | DT31: =DT30+X31 -> 820 | DU31: =DU30+Y31 -> 1355 | DV31: =DV30+Z31 -> 2742 | DW31: =DW30+AA31 -> 9465 | DX31: =DX30+AB31 -> 4901 | DY31: =DY30+AC31 -> 8120 | ... EQ31: =EQ30+AU31 -> 26690 | ER31: =AVERAGE(EH31:EQ31) -> 10963.9 | ES31: =AVERAGE(DB31:EQ31) -> 5034.7805 | EV31: 190 | EW31: =CX31/CX$102 -> 0.084346803 | EX31: =CY31/CY$102 -> 0.10935868 | EY31: =CZ31/CZ$102 -> 0.12173799 | EZ31: =DA31/DA$102 -> 0.24186047 | FA31: =DB31/DB$102 -> 0.060594059 | FB31: =DC31/DC$102 -> 0.039895924 | FC31: =DD31/DD$102 -> 0.0058112288 | FD31: =DE31/DE$102 -> 0.0048863395 | ... FO31: =DP31/DP$102 -> 0.13435489 | FQ31: =DR31/DR$102 -> 0.13676939 | FR31: =DS31/DS$102 -> 0.076662144 | FS31: =DT31/DT$102 -> 0.22398252 | FT31: =DU31/DU$102 -> 0.056636627 | FU31: =DV31/DV$102 -> 0.03925049 | FV31: =DW31/DW$102 -> 0.1228439 | FW31: =DX31/DX$102 -> 0.074771916 | FX31: =DY31/DY$102 -> 0.080342743 | ... GP31: =EQ31/EQ$102 -> 0.12691212 | GQ31: =AVERAGE(GG31:GP31) -> 0.12590595 | GR31: =AVERAGE(FA31:GP31) -> 0.09773768
A32: 191 | B32: 366 | C32: 361 | D32: 1289 | E32: 7 | F32: 12 | G32: 71 | H32: 3 | I32: 473 | J32: 256 | L32: 52 | M32: 921 | N32: 485 | O32: 10 | P32: 246 | Q32: 218 | R32: 565 | S32: 1165 | T32: 1072 | V32: 133 | W32: 4 | X32: 123 | Y32: 80 | Z32: 911 | AA32: 269 | AB32: 150 | AC32: 633 | AD32: 702 | AE32: 138 | AF32: 332 | AG32: 300 | AH32: 34 | AI32: 122 | AJ32: 279 | AK32: 120 | AL32: 398 | AM32: 1150 | AN32: 392 | AO32: 10 | AP32: 838 | AQ32: 63 | AR32: 446 | AS32: 31 | AT32: 1813 | AU32: 3713 | AV32: =AVERAGE(AL32:AU32) -> 885.4 | AW32: =AW31+AV32 -> 11870.793 | AY32: 191 | AZ32: =B32/B$104 -> 0.015953969 | BA32: =C32/C$104 -> 0.018853144 | BB32: =D32/D$104 -> 0.0563448 | BC32: =E32/E$104 -> 0.01627907 | BD32: =F32/F$104 -> 0.0047524752 | BE32: =G32/G$104 -> 0.0061578491 | BF32: =H32/H$104 -> 0.00028118849 | BG32: =I32/I$104 -> 0.050244317 | ... BR32: =T32/T$104 -> 0.038112845 | BT32: =V32/V$104 -> 0.0023142912 | BU32: =W32/W$104 -> 0.0013568521 | BV32: =X32/X$104 -> 0.033597378 | BW32: =Y32/Y$104 -> 0.0033438599 | BX32: =Z32/Z$104 -> 0.013040553 | BY32: =AA32/AA$104 -> 0.0034912848 | BZ32: =AB32/AB$104 -> 0.0022884692 | CA32: =AC32/AC$104 -> 0.006263172 | ... CS32: =AU32/AU$104 -> 0.017655478 | CT32: =CT31+AVERAGE(CJ32:CS32) -> 0.13996322 | CU32: =CU31+AVERAGE(BD32:CS32) -> 0.11068794 | CW32: 191 | CX32: =CX31+B32 -> 2301 | CY32: =CY31+C32 -> 2455 | CZ32: =CZ31+D32 -> 4074 | DA32: =DA31+E32 -> 111 | DB32: =DB31+F32 -> 165 | DC32: =DC31+G32 -> 531 | DD32: =DD31+H32 -> 65 | DE32: =DE31+I32 -> 519 | ... DP32: =DP31+T32 -> 4851 | DR32: =DR31+V32 -> 7993 | DS32: =DS31+W32 -> 230 | DT32: =DT31+X32 -> 943 | DU32: =DU31+Y32 -> 1435 | DV32: =DV31+Z32 -> 3653 | DW32: =DW31+AA32 -> 9734 | DX32: =DX31+AB32 -> 5051 | DY32: =DY31+AC32 -> 8753 | ... EQ32: =EQ31+AU32 -> 30403 | ER32: =AVERAGE(EH32:EQ32) -> 11849.3 | ES32: =AVERAGE(DB32:EQ32) -> 5491.6829 | EV32: 191 | EW32: =CX32/CX$102 -> 0.10030077 | EX32: =CY32/CY$102 -> 0.12821182 | EY32: =CZ32/CZ$102 -> 0.17808279 | EZ32: =DA32/DA$102 -> 0.25813953 | FA32: =DB32/DB$102 -> 0.065346535 | FB32: =DC32/DC$102 -> 0.046053773 | FC32: =DD32/DD$102 -> 0.0060924173 | FD32: =DE32/DE$102 -> 0.055130656 | ... FO32: =DP32/DP$102 -> 0.17246774 | FQ32: =DR32/DR$102 -> 0.13908368 | FR32: =DS32/DS$102 -> 0.078018996 | FS32: =DT32/DT$102 -> 0.2575799 | FT32: =DU32/DU$102 -> 0.059980487 | FU32: =DV32/DV$102 -> 0.052291043 | FV32: =DW32/DW$102 -> 0.12633519 | FW32: =DX32/DX$102 -> 0.077060385 | FX32: =DY32/DY$102 -> 0.086605915 | ... GP32: =EQ32/EQ$102 -> 0.1445676 | GQ32: =AVERAGE(GG32:GP32) -> 0.13996322 | GR32: =AVERAGE(FA32:GP32) -> 0.11068794
A33: 192 | B33: 549 | C33: 712 | D33: 1135 | E33: 20 | F33: 36 | G33: 463 | H33: 5 | I33: 452 | J33: 63 | L33: 971 | M33: 1430 | N33: 713 | O33: 16 | P33: 511 | Q33: 1080 | R33: 348 | S33: 129 | T33: 1 | V33: 196 | W33: 51 | X33: 96 | Y33: 1057 | Z33: 1981 | AA33: 87 | AB33: 218 | AC33: 157 | AD33: 1260 | AE33: 200 | AF33: 366 | AG33: 212 | AH33: 2 | AI33: 771 | AJ33: 917 | AK33: 1408 | AL33: 175 | AM33: 678 | AN33: 59 | AO33: 3005 | AP33: 1913 | AQ33: 1274 | AR33: 303 | AS33: 5540 | AT33: 769 | AU33: 14444 | AV33: =AVERAGE(AL33:AU33) -> 2816 | AW33: =AW32+AV33 -> 14686.793 | AY33: 192 | AZ33: =B33/B$104 -> 0.023930953 | BA33: =C33/C$104 -> 0.03718404 | BB33: =D33/D$104 -> 0.049613149 | BC33: =E33/E$104 -> 0.046511628 | BD33: =F33/F$104 -> 0.014257426 | BE33: =G33/G$104 -> 0.040156114 | BF33: =H33/H$104 -> 0.00046864748 | BG33: =I33/I$104 -> 0.048013597 | ... BR33: =T33/T$104 -> 3.5553027e-05 | BT33: =V33/V$104 -> 0.0034105344 | BU33: =W33/W$104 -> 0.017299864 | BV33: =X33/X$104 -> 0.026222344 | BW33: =Y33/Y$104 -> 0.044180749 | BX33: =Z33/Z$104 -> 0.028357119 | BY33: =AA33/AA$104 -> 0.0011291516 | BZ33: =AB33/AB$104 -> 0.0033259085 | CA33: =AC33/AC$104 -> 0.001553425 | ... CS33: =AU33/AU$104 -> 0.068681854 | CT33: =CT32+AVERAGE(CJ33:CS33) -> 0.1691731 | CU33: =CU32+AVERAGE(BD33:CS33) -> 0.13148426 | CW33: 192 | CX33: =CX32+B33 -> 2850 | CY33: =CY32+C33 -> 3167 | CZ33: =CZ32+D33 -> 5209 | DA33: =DA32+E33 -> 131 | DB33: =DB32+F33 -> 201 | DC33: =DC32+G33 -> 994 | DD33: =DD32+H33 -> 70 | DE33: =DE32+I33 -> 971 | ... DP33: =DP32+T33 -> 4852 | DR33: =DR32+V33 -> 8189 | DS33: =DS32+W33 -> 281 | DT33: =DT32+X33 -> 1039 | DU33: =DU32+Y33 -> 2492 | DV33: =DV32+Z33 -> 5634 | DW33: =DW32+AA33 -> 9821 | DX33: =DX32+AB33 -> 5269 | DY33: =DY32+AC33 -> 8910 | ... EQ33: =EQ32+AU33 -> 44847 | ER33: =AVERAGE(EH33:EQ33) -> 14665.3 | ES33: =AVERAGE(DB33:EQ33) -> 6549.1707 | EV33: 192 | EW33: =CX33/CX$102 -> 0.12423172 | EX33: =CY33/CY$102 -> 0.16539586 | EY33: =CZ33/CZ$102 -> 0.22769594 | EZ33: =DA33/DA$102 -> 0.30465116 | FA33: =DB33/DB$102 -> 0.07960396 | FB33: =DC33/DC$102 -> 0.086209887 | FC33: =DD33/DD$102 -> 0.0065610648 | FD33: =DE33/DE$102 -> 0.10314425 | ... FO33: =DP33/DP$102 -> 0.17250329 | FQ33: =DR33/DR$102 -> 0.14249421 | FR33: =DS33/DS$102 -> 0.09531886 | FS33: =DT33/DT$102 -> 0.28380224 | FT33: =DU33/DU$102 -> 0.10416124 | FU33: =DV33/DV$102 -> 0.080648163 | FV33: =DW33/DW$102 -> 0.12746434 | FW33: =DX33/DX$102 -> 0.080386294 | FX33: =DY33/DY$102 -> 0.08815934 | ... GP33: =EQ33/EQ$102 -> 0.21324945 | GQ33: =AVERAGE(GG33:GP33) -> 0.1691731 | GR33: =AVERAGE(FA33:GP33) -> 0.13148426
... A47: 206 | B47: 409 | C47: 677 | D47: 799 | E47: 4 | F47: 30 | G47: 1002 | H47: 147 | I47: 233 | J47: 291 | L47: 883 | M47: 1469 | N47: 2484 | O47: 377 | P47: 186 | Q47: 3051 | R47: 1267 | S47: 859 | T47: 721 | V47: 458 | W47: 40 | X47: 367 | Y47: 790 | Z47: 613 | AA47: 94 | AB47: 198 | AC47: 2422 | AD47: 1564 | AE47: 463 | AF47: 330 | AG47: 882 | AH47: 384 | AI47: 1740 | AJ47: 798 | AK47: 516 | AL47: 366 | AM47: 13 | AN47: 266 | AO47: 94 | AP47: 2601 | AQ47: 43 | AR47: 231 | AS47: 2579 | AT47: 6133 | AU47: 3696 | AV47: =AVERAGE(AL47:AU47) -> 1602.2 | AW47: =AW46+AV47 -> 36181.593 | AY47: 206 | AZ47: =B47/B$104 -> 0.017828342 | BA47: =C47/C$104 -> 0.035356173 | BB47: =D47/D$104 -> 0.034925908 | BC47: =E47/E$104 -> 0.0093023256 | BD47: =F47/F$104 -> 0.011881188 | BE47: =G47/G$104 -> 0.086903729 | BF47: =H47/H$104 -> 0.013778236 | BG47: =I47/I$104 -> 0.024750372 | ... BR47: =T47/T$104 -> 0.025633733 | BT47: =V47/V$104 -> 0.007969514 | BU47: =W47/W$104 -> 0.013568521 | BV47: =X47/X$104 -> 0.10024583 | BW47: =Y47/Y$104 -> 0.033020616 | BX47: =Z47/Z$104 -> 0.0087748178 | BY47: =AA47/AA$104 -> 0.0012200029 | BZ47: =AB47/AB$104 -> 0.0030207793 | CA47: =AC47/AC$104 -> 0.023964301 | ... CS47: =AU47/AU$104 -> 0.017574642 | CT47: =CT46+AVERAGE(CJ47:CS47) -> 0.43145669 | CU47: =CU46+AVERAGE(BD47:CS47) -> 0.40917197 | CW47: 206 | CX47: =CX46+B47 -> 11209 | CY47: =CY46+C47 -> 11473 | CZ47: =CZ46+D47 -> 17087 | DA47: =DA46+E47 -> 193 | DB47: =DB46+F47 -> 941 | DC47: =DC46+G47 -> 5361 | DD47: =DD46+H47 -> 2881 | DE47: =DE46+I47 -> 4083 | ... DP47: =DP46+T47 -> 12159 | DR47: =DR46+V47 -> 20702 | DS47: =DS46+W47 -> 1129 | DT47: =DT46+X47 -> 2421 | DU47: =DU46+Y47 -> 13831 | DV47: =DV46+Z47 -> 21638 | DW47: =DW46+AA47 -> 25195 | DX47: =DX46+AB47 -> 16044 | DY47: =DY46+AC47 -> 44882 | ... EQ47: =EQ46+AU47 -> 109782 | ER47: =AVERAGE(EH47:EQ47) -> 36160.1 | ES47: =AVERAGE(DB47:EQ47) -> 18367.488 | EV47: 206 | EW47: =CX47/CX$102 -> 0.48860119 | EX47: =CY47/CY$102 -> 0.59917485 | EY47: =CZ47/CZ$102 -> 0.74690737 | EZ47: =DA47/DA$102 -> 0.44883721 | FA47: =DB47/DB$102 -> 0.37267327 | FB47: =DC47/DC$102 -> 0.46496097 | FC47: =DD47/DD$102 -> 0.27003468 | FD47: =DE47/DE$102 -> 0.43371574 | ... FO47: =DP47/DP$102 -> 0.43228926 | FQ47: =DR47/DR$102 -> 0.36022899 | FR47: =DS47/DS$102 -> 0.38297151 | FS47: =DT47/DT$102 -> 0.66129473 | FT47: =DU47/DU$102 -> 0.57811158 | FU47: =DV47/DV$102 -> 0.30973819 | FV47: =DW47/DW$102 -> 0.3269997 | FW47: =DX47/DX$102 -> 0.24477466 | FX47: =DY47/DY$102 -> 0.44408165 | ... GP47: =EQ47/EQ$102 -> 0.52201823 | GQ47: =AVERAGE(GG47:GP47) -> 0.43145669 | GR47: =AVERAGE(FA47:GP47) -> 0.40917197
A48: 207 | B48: 756 | C48: 1203 | D48: 727 | E48: 1 | F48: 113 | G48: 324 | H48: 261 | I48: 395 | J48: 55 | K48: 14 | L48: 2210 | M48: 3841 | N48: 1233 | O48: 460 | P48: 187 | Q48: 1187 | R48: 1065 | S48: 534 | T48: 782 | V48: 603 | W48: 53 | X48: 41 | Y48: 225 | Z48: 1695 | AA48: 116 | AB48: 571 | AC48: 1956 | AD48: 2657 | AE48: 10 | AF48: 308 | AG48: 11 | AH48: 646 | AI48: 589 | AJ48: 643 | AK48: 282 | AL48: 543 | AM48: 462 | AN48: 47 | AO48: 7699 | AP48: 1218 | AQ48: 213 | AR48: 861 | AS48: 4850 | AT48: 1214 | AU48: 2719 | AV48: =AVERAGE(AL48:AU48) -> 1982.6 | AW48: =AW47+AV48 -> 38164.193 | AY48: 207 | AZ48: =B48/B$104 -> 0.0329541 | BA48: =C48/C$104 -> 0.062826405 | BB48: =D48/D$104 -> 0.031778642 | BC48: =E48/E$104 -> 0.0023255814 | BD48: =F48/F$104 -> 0.044752475 | BE48: =G48/G$104 -> 0.028100607 | BF48: =H48/H$104 -> 0.024463399 | BG48: =I48/I$104 -> 0.041958785 | ... BR48: =T48/T$104 -> 0.027802467 | BT48: =V48/V$104 -> 0.010492613 | BU48: =W48/W$104 -> 0.01797829 | BV48: =X48/X$104 -> 0.011199126 | BW48: =Y48/Y$104 -> 0.0094046059 | BX48: =Z48/Z$104 -> 0.024263159 | BY48: =AA48/AA$104 -> 0.0015055354 | BZ48: =AB48/AB$104 -> 0.0087114393 | CA48: =AC48/AC$104 -> 0.019353498 | ... CS48: =AU48/AU$104 -> 0.012928964 | CT48: =CT47+AVERAGE(CJ48:CS48) -> 0.45998263 | CU48: =CU47+AVERAGE(BD48:CS48) -> 0.43365842 | CW48: 207 | CX48: =CX47+B48 -> 11965 | CY48: =CY47+C48 -> 12676 | CZ48: =CZ47+D48 -> 17814 | DA48: =DA47+E48 -> 194 | DB48: =DB47+F48 -> 1054 | DC48: =DC47+G48 -> 5685 | DD48: =DD47+H48 -> 3142 | DE48: =DE47+I48 -> 4478 | ... DP48: =DP47+T48 -> 12941 | DR48: =DR47+V48 -> 21305 | DS48: =DS47+W48 -> 1182 | DT48: =DT47+X48 -> 2462 | DU48: =DU47+Y48 -> 14056 | DV48: =DV47+Z48 -> 23333 | DW48: =DW47+AA48 -> 25311 | DX48: =DX47+AB48 -> 16615 | DY48: =DY47+AC48 -> 46838 | ... EQ48: =EQ47+AU48 -> 112501 | ER48: =AVERAGE(EH48:EQ48) -> 38142.7 | ES48: =AVERAGE(DB48:EQ48) -> 19413.659 | EV48: 207 | EW48: =CX48/CX$102 -> 0.52155529 | EX48: =CY48/CY$102 -> 0.66200125 | EY48: =CZ48/CZ$102 -> 0.77868602 | EZ48: =DA48/DA$102 -> 0.45116279 | FA48: =DB48/DB$102 -> 0.41742574 | FB48: =DC48/DC$102 -> 0.49306158 | FC48: =DD48/DD$102 -> 0.29449808 | FD48: =DE48/DE$102 -> 0.47567453 | ... FO48: =DP48/DP$102 -> 0.46009173 | FQ48: =DR48/DR$102 -> 0.37072161 | FR48: =DS48/DS$102 -> 0.4009498 | FS48: =DT48/DT$102 -> 0.67249385 | FT48: =DU48/DU$102 -> 0.58751618 | FU48: =DV48/DV$102 -> 0.33400135 | FV48: =DW48/DW$102 -> 0.32850524 | FW48: =DX48/DX$102 -> 0.2534861 | FX48: =DY48/DY$102 -> 0.46343515 | ... GP48: =EQ48/EQ$102 -> 0.5349472 | GQ48: =AVERAGE(GG48:GP48) -> 0.45998263 | GR48: =AVERAGE(FA48:GP48) -> 0.43365842
A49: 208 | B49: 727 | C49: 1003 | D49: 435 | E49: 0 | F49: 44 | G49: 92 | H49: 202 | I49: 199 | J49: 130 | K49: 124 | L49: 1908 | M49: 1493 | N49: 735 | O49: 286 | P49: 708 | Q49: 317 | R49: 1136 | S49: 938 | T49: 174 | V49: 581 | W49: 242 | X49: 31 | Y49: 683 | Z49: 881 | AA49: 1443 | AB49: 654 | AC49: 6318 | AD49: 1480 | AE49: 51 | AF49: 168 | AG49: 0 | AH49: 963 | AI49: 954 | AJ49: 2498 | AK49: 541 | AL49: 361 | AM49: 1817 | AN49: 419 | AO49: 1769 | AP49: 435 | AQ49: 3665 | AR49: 254 | AS49: 734 | AT49: 926 | AU49: 1177 | AV49: =AVERAGE(AL49:AU49) -> 1155.7 | AW49: =AW48+AV49 -> 39319.893 | AY49: 208 | AZ49: =B49/B$104 -> 0.031689987 | BA49: =C49/C$104 -> 0.05238145 | BB49: =D49/D$104 -> 0.019014731 | BC49: =E49/E$104 -> 0 | BD49: =F49/F$104 -> 0.017425743 | BE49: =G49/G$104 -> 0.0079791847 | BF49: =H49/H$104 -> 0.018933358 | BG49: =I49/I$104 -> 0.02113873 | ... BR49: =T49/T$104 -> 0.0061862268 | BT49: =V49/V$104 -> 0.010109798 | BU49: =W49/W$104 -> 0.082089552 | BV49: =X49/X$104 -> 0.0084676318 | BW49: =Y49/Y$104 -> 0.028548204 | BX49: =Z49/Z$104 -> 0.012611117 | BY49: =AA49/AA$104 -> 0.018728342 | BZ49: =AB49/AB$104 -> 0.0099777256 | CA49: =AC49/AC$104 -> 0.062512986 | ... CS49: =AU49/AU$104 -> 0.0055966867 | CT49: =CT48+AVERAGE(CJ49:CS49) -> 0.48595958 | CU49: =CU48+AVERAGE(BD49:CS49) -> 0.45995553 | CW49: 208 | CX49: =CX48+B49 -> 12692 | CY49: =CY48+C49 -> 13679 | CZ49: =CZ48+D49 -> 18249 | DA49: =DA48+E49 -> 194 | DB49: =DB48+F49 -> 1098 | DC49: =DC48+G49 -> 5777 | DD49: =DD48+H49 -> 3344 | DE49: =DE48+I49 -> 4677 | ... DP49: =DP48+T49 -> 13115 | DR49: =DR48+V49 -> 21886 | DS49: =DS48+W49 -> 1424 | DT49: =DT48+X49 -> 2493 | DU49: =DU48+Y49 -> 14739 | DV49: =DV48+Z49 -> 24214 | DW49: =DW48+AA49 -> 26754 | DX49: =DX48+AB49 -> 17269 | DY49: =DY48+AC49 -> 53156 | ... EQ49: =EQ48+AU49 -> 113678 | ER49: =AVERAGE(EH49:EQ49) -> 39298.4 | ES49: =AVERAGE(DB49:EQ49) -> 20329.049 | EV49: 208 | EW49: =CX49/CX$102 -> 0.55324528 | EX49: =CY49/CY$102 -> 0.7143827 | EY49: =CZ49/CZ$102 -> 0.79770075 | EZ49: =DA49/DA$102 -> 0.45116279 | FA49: =DB49/DB$102 -> 0.43485149 | FB49: =DC49/DC$102 -> 0.50104076 | FC49: =DD49/DD$102 -> 0.31343144 | FD49: =DE49/DE$102 -> 0.49681326 | ... FO49: =DP49/DP$102 -> 0.46627795 | FQ49: =DR49/DR$102 -> 0.3808314 | FR49: =DS49/DS$102 -> 0.48303935 | FS49: =DT49/DT$102 -> 0.68096149 | FT49: =DU49/DU$102 -> 0.61606439 | FU49: =DV49/DV$102 -> 0.34661246 | FV49: =DW49/DW$102 -> 0.34723358 | FW49: =DX49/DX$102 -> 0.26346383 | FX49: =DY49/DY$102 -> 0.52594813 | ... GP49: =EQ49/EQ$102 -> 0.54054388 | GQ49: =AVERAGE(GG49:GP49) -> 0.48595958 | GR49: =AVERAGE(FA49:GP49) -> 0.45995553
A50: 209 | B50: 530 | C50: 497 | D50: 251 | E50: 1 | F50: 92 | G50: 242 | H50: 518 | I50: 492 | J50: 65 | K50: 54 | L50: 568 | M50: 1865 | N50: 1335 | O50: 429 | P50: 311 | Q50: 724 | R50: 1631 | S50: 1088 | T50: 305 | V50: 52 | W50: 110 | X50: 47 | Y50: 106 | Z50: 1071 | AA50: 2666 | AB50: 388 | AC50: 2893 | AD50: 1411 | AE50: 84 | AF50: 65 | AG50: 1133 | AH50: 1639 | AI50: 1450 | AJ50: 1097 | AK50: 220 | AL50: 178 | AM50: 541 | AN50: 1278 | AO50: 34 | AP50: 1375 | AQ50: 1679 | AR50: 787 | AS50: 1573 | AT50: 1432 | AU50: 3585 | AV50: =AVERAGE(AL50:AU50) -> 1246.2 | AW50: =AW49+AV50 -> 40566.093 | AY50: 209 | AZ50: =B50/B$104 -> 0.023102742 | BA50: =C50/C$104 -> 0.025955713 | BB50: =D50/D$104 -> 0.010971718 | BC50: =E50/E$104 -> 0.0023255814 | BD50: =F50/F$104 -> 0.036435644 | BE50: =G50/G$104 -> 0.020988725 | BF50: =H50/H$104 -> 0.048551879 | BG50: =I50/I$104 -> 0.052262588 | ... BR50: =T50/T$104 -> 0.010843673 | BT50: =V50/V$104 -> 0.00090483565 | BU50: =W50/W$104 -> 0.037313433 | BV50: =X50/X$104 -> 0.012838022 | BW50: =Y50/Y$104 -> 0.0044306143 | BX50: =Z50/Z$104 -> 0.015330881 | BY50: =AA50/AA$104 -> 0.034601358 | BZ50: =AB50/AB$104 -> 0.0059195069 | CA50: =AC50/AC$104 -> 0.028624576 | ... CS50: =AU50/AU$104 -> 0.017046832 | CT50: =CT49+AVERAGE(CJ50:CS50) -> 0.50420317 | CU50: =CU49+AVERAGE(BD50:CS50) -> 0.48490689 | CW50: 209 | CX50: =CX49+B50 -> 13222 | CY50: =CY49+C50 -> 14176 | CZ50: =CZ49+D50 -> 18500 | DA50: =DA49+E50 -> 195 | DB50: =DB49+F50 -> 1190 | DC50: =DC49+G50 -> 6019 | DD50: =DD49+H50 -> 3862 | DE50: =DE49+I50 -> 5169 | ... DP50: =DP49+T50 -> 13420 | DR50: =DR49+V50 -> 21938 | DS50: =DS49+W50 -> 1534 | DT50: =DT49+X50 -> 2540 | DU50: =DU49+Y50 -> 14845 | DV50: =DV49+Z50 -> 25285 | DW50: =DW49+AA50 -> 29420 | DX50: =DX49+AB50 -> 17657 | DY50: =DY49+AC50 -> 56049 | ... EQ50: =EQ49+AU50 -> 117263 | ER50: =AVERAGE(EH50:EQ50) -> 40544.6 | ES50: =AVERAGE(DB50:EQ50) -> 21222.049 | EV50: 209 | EW50: =CX50/CX$102 -> 0.57634802 | EX50: =CY50/CY$102 -> 0.74033842 | EY50: =CZ50/CZ$102 -> 0.80867247 | EZ50: =DA50/DA$102 -> 0.45348837 | FA50: =DB50/DB$102 -> 0.47128713 | FB50: =DC50/DC$102 -> 0.52202949 | FC50: =DD50/DD$102 -> 0.36198332 | FD50: =DE50/DE$102 -> 0.54907584 | ... FO50: =DP50/DP$102 -> 0.47712163 | FQ50: =DR50/DR$102 -> 0.38173624 | FR50: =DS50/DS$102 -> 0.52035278 | FS50: =DT50/DT$102 -> 0.69379951 | FT50: =DU50/DU$102 -> 0.620495 | FU50: =DV50/DV$102 -> 0.36194334 | FV50: =DW50/DW$102 -> 0.38183494 | FW50: =DX50/DX$102 -> 0.26938333 | FX50: =DY50/DY$102 -> 0.55457271 | ... GP50: =EQ50/EQ$102 -> 0.55759071 | GQ50: =AVERAGE(GG50:GP50) -> 0.50420317 | GR50: =AVERAGE(FA50:GP50) -> 0.48490689
A51: 210 | B51: 668 | C51: 633 | D51: 667 | E51: 0 | F51: 27 | G51: 592 | H51: 92 | I51: 557 | J51: 467 | K51: 50 | L51: 602 | M51: 7041 | N51: 1037 | O51: 417 | P51: 491 | Q51: 1002 | R51: 276 | S51: 614 | T51: 853 | V51: 68 | W51: 34 | X51: 37 | Y51: 646 | Z51: 748 | AA51: 1591 | AB51: 106 | AC51: 4457 | AD51: 702 | AE51: 532 | AF51: 9 | AG51: 187 | AH51: 401 | AI51: 1659 | AJ51: 310 | AK51: 60 | AL51: 102 | AM51: 413 | AN51: 1739 | AO51: 1161 | AP51: 1332 | AQ51: 1050 | AR51: 1754 | AS51: 864 | AT51: 3736 | AU51: 6822 | AV51: =AVERAGE(AL51:AU51) -> 1897.3 | AW51: =AW50+AV51 -> 42463.393 | AY51: 210 | AZ51: =B51/B$104 -> 0.029118173 | BA51: =C51/C$104 -> 0.033058283 | BB51: =D51/D$104 -> 0.029155921 | BC51: =E51/E$104 -> 0 | BD51: =F51/F$104 -> 0.010693069 | BE51: =G51/G$104 -> 0.051344319 | BF51: =H51/H$104 -> 0.0086231137 | BG51: =I51/I$104 -> 0.059167198 | ... BR51: =T51/T$104 -> 0.030326732 | BT51: =V51/V$104 -> 0.0011832466 | BU51: =W51/W$104 -> 0.011533243 | BV51: =X51/X$104 -> 0.010106528 | BW51: =Y51/Y$104 -> 0.027001669 | BX51: =Z51/Z$104 -> 0.010707282 | BY51: =AA51/AA$104 -> 0.020649197 | BZ51: =AB51/AB$104 -> 0.0016171849 | CA51: =AC51/AC$104 -> 0.044099459 | ... CS51: =AU51/AU$104 -> 0.03243891 | CT51: =CT50+AVERAGE(CJ51:CS51) -> 0.52593651 | CU51: =CU50+AVERAGE(BD51:CS51) -> 0.50877939 | CW51: 210 | CX51: =CX50+B51 -> 13890 | CY51: =CY50+C51 -> 14809 | CZ51: =CZ50+D51 -> 19167 | DA51: =DA50+E51 -> 195 | DB51: =DB50+F51 -> 1217 | DC51: =DC50+G51 -> 6611 | DD51: =DD50+H51 -> 3954 | DE51: =DE50+I51 -> 5726 | ... DP51: =DP50+T51 -> 14273 | DR51: =DR50+V51 -> 22006 | DS51: =DS50+W51 -> 1568 | DT51: =DT50+X51 -> 2577 | DU51: =DU50+Y51 -> 15491 | DV51: =DV50+Z51 -> 26033 | DW51: =DW50+AA51 -> 31011 | DX51: =DX50+AB51 -> 17763 | DY51: =DY50+AC51 -> 60506 | ... EQ51: =EQ50+AU51 -> 124085 | ER51: =AVERAGE(EH51:EQ51) -> 42441.9 | ES51: =AVERAGE(DB51:EQ51) -> 22310.78 | EV51: 210 | EW51: =CX51/CX$102 -> 0.6054662 | EX51: =CY51/CY$102 -> 0.7733967 | EY51: =CZ51/CZ$102 -> 0.83782839 | EZ51: =DA51/DA$102 -> 0.45348837 | FA51: =DB51/DB$102 -> 0.4819802 | FB51: =DC51/DC$102 -> 0.57337381 | FC51: =DD51/DD$102 -> 0.37060643 | FD51: =DE51/DE$102 -> 0.60824304 | ... FO51: =DP51/DP$102 -> 0.50744836 | FQ51: =DR51/DR$102 -> 0.38291949 | FR51: =DS51/DS$102 -> 0.53188602 | FS51: =DT51/DT$102 -> 0.70390604 | FT51: =DU51/DU$102 -> 0.64749667 | FU51: =DV51/DV$102 -> 0.37265062 | FV51: =DW51/DW$102 -> 0.40248413 | FW51: =DX51/DX$102 -> 0.27100052 | FX51: =DY51/DY$102 -> 0.59867217 | ... GP51: =EQ51/EQ$102 -> 0.59002962 | GQ51: =AVERAGE(GG51:GP51) -> 0.52593651 | GR51: =AVERAGE(FA51:GP51) -> 0.50877939
A52: 211 | B52: 915 | C52: 736 | D52: 272 | E52: 1 | F52: 37 | G52: 622 | H52: 89 | I52: 321 | J52: 254 | K52: 38 | L52: 264 | M52: 1016 | N52: 639 | O52: 374 | P52: 760 | Q52: 249 | R52: 78 | S52: 139 | T52: 1085 | V52: 53 | W52: 87 | X52: 80 | Y52: 522 | Z52: 1140 | AA52: 1235 | AB52: 4194 | AC52: 1504 | AD52: 801 | AE52: 390 | AF52: 151 | AG52: 189 | AH52: 315 | AI52: 518 | AJ52: 715 | AK52: 351 | AL52: 192 | AM52: 138 | AN52: 350 | AO52: 499 | AP52: 1295 | AQ52: 337 | AR52: 3446 | AS52: 1156 | AT52: 159 | AU52: 8570 | AV52: =AVERAGE(AL52:AU52) -> 1614.2 | AW52: =AW51+AV52 -> 44077.593 | AY52: 211 | AZ52: =B52/B$104 -> 0.039884922 | BA52: =C52/C$104 -> 0.038437435 | BB52: =D52/D$104 -> 0.011889671 | BC52: =E52/E$104 -> 0.0023255814 | BD52: =F52/F$104 -> 0.014653465 | BE52: =G52/G$104 -> 0.053946227 | BF52: =H52/H$104 -> 0.0083419252 | BG52: =I52/I$104 -> 0.034098152 | ... BR52: =T52/T$104 -> 0.038575035 | BT52: =V52/V$104 -> 0.00092223634 | BU52: =W52/W$104 -> 0.029511533 | BV52: =X52/X$104 -> 0.021851953 | BW52: =Y52/Y$104 -> 0.021818686 | BX52: =Z52/Z$104 -> 0.016318585 | BY52: =AA52/AA$104 -> 0.016028761 | BZ52: =AB52/AB$104 -> 0.063985598 | CA52: =AC52/AC$104 -> 0.014881217 | ... CS52: =AU52/AU$104 -> 0.040750726 | CT52: =CT51+AVERAGE(CJ52:CS52) -> 0.54356383 | CU52: =CU51+AVERAGE(BD52:CS52) -> 0.52842348 | CW52: 211 | CX52: =CX51+B52 -> 14805 | CY52: =CY51+C52 -> 15545 | CZ52: =CZ51+D52 -> 19439 | DA52: =DA51+E52 -> 196 | DB52: =DB51+F52 -> 1254 | DC52: =DC51+G52 -> 7233 | DD52: =DD51+H52 -> 4043 | DE52: =DE51+I52 -> 6047 | ... DP52: =DP51+T52 -> 15358 | DR52: =DR51+V52 -> 22059 | DS52: =DS51+W52 -> 1655 | DT52: =DT51+X52 -> 2657 | DU52: =DU51+Y52 -> 16013 | DV52: =DV51+Z52 -> 27173 | DW52: =DW51+AA52 -> 32246 | DX52: =DX51+AB52 -> 21957 | DY52: =DY51+AC52 -> 62010 | ... EQ52: =EQ51+AU52 -> 132655 | ER52: =AVERAGE(EH52:EQ52) -> 44056.1 | ES52: =AVERAGE(DB52:EQ52) -> 23148.634 | EV52: 211 | EW52: =CX52/CX$102 -> 0.64535112 | EX52: =CY52/CY$102 -> 0.81183413 | EY52: =CZ52/CZ$102 -> 0.84971806 | EZ52: =DA52/DA$102 -> 0.45581395 | FA52: =DB52/DB$102 -> 0.49663366 | FB52: =DC52/DC$102 -> 0.62732003 | FC52: =DD52/DD$102 -> 0.37894836 | FD52: =DE52/DE$102 -> 0.64234119 | ... FO52: =DP52/DP$102 -> 0.54602339 | FQ52: =DR52/DR$102 -> 0.38384172 | FR52: =DS52/DS$102 -> 0.56139756 | FS52: =DT52/DT$102 -> 0.72575799 | FT52: =DU52/DU$102 -> 0.66931535 | FU52: =DV52/DV$102 -> 0.38896921 | FV52: =DW52/DW$102 -> 0.41851289 | FW52: =DX52/DX$102 -> 0.33498612 | FX52: =DY52/DY$102 -> 0.61355339 | ... GP52: =EQ52/EQ$102 -> 0.63078035 | GQ52: =AVERAGE(GG52:GP52) -> 0.54356383 | GR52: =AVERAGE(FA52:GP52) -> 0.52842348
A53: 212 | B53: 634 | C53: 319 | D53: 385 | E53: 15 | F53: 49 | G53: 339 | H53: 68 | I53: 334 | J53: 159 | K53: 44 | L53: 54 | M53: 1233 | N53: 432 | O53: 351 | P53: 118 | Q53: 1100 | R53: 387 | S53: 861 | T53: 599 | V53: 1057 | W53: 56 | X53: 15 | Y53: 602 | Z53: 2557 | AA53: 6155 | AB53: 1019 | AC53: 331 | AD53: 2195 | AE53: 238 | AF53: 294 | AG53: 928 | AH53: 1245 | AI53: 1541 | AJ53: 1158 | AK53: 267 | AL53: 380.50541 | AM53: 194 | AN53: 1286 | AO53: 2216 | AP53: 988 | AQ53: 801 | AR53: 1062 | AS53: 1450 | AT53: 1573 | AU53: 4108 | AV53: =AVERAGE(AL53:AU53) -> 1405.8505 | AW53: =AW52+AV53 -> 45483.444 | AY53: 212 | AZ53: =B53/B$104 -> 0.02763611 | BA53: =C53/C$104 -> 0.016659703 | BB53: =D53/D$104 -> 0.01682913 | BC53: =E53/E$104 -> 0.034883721 | BD53: =F53/F$104 -> 0.019405941 | BE53: =G53/G$104 -> 0.029401561 | BF53: =H53/H$104 -> 0.0063736058 | BG53: =I53/I$104 -> 0.035479074 | ... BR53: =T53/T$104 -> 0.021296263 | BT53: =V53/V$104 -> 0.018392525 | BU53: =W53/W$104 -> 0.018995929 | BV53: =X53/X$104 -> 0.0040972412 | BW53: =Y53/Y$104 -> 0.025162546 | BX53: =Z53/Z$104 -> 0.036602299 | BY53: =AA53/AA$104 -> 0.07988423 | BZ53: =AB53/AB$104 -> 0.015546334 | CA53: =AC53/AC$104 -> 0.0032750552 | ... CS53: =AU53/AU$104 -> 0.01953372 | CT53: =CT52+AVERAGE(CJ53:CS53) -> 0.56266667 | CU53: =CU52+AVERAGE(BD53:CS53) -> 0.55181927 | CW53: 212 | CX53: =CX52+B53 -> 15439 | CY53: =CY52+C53 -> 15864 | CZ53: =CZ52+D53 -> 19824 | DA53: =DA52+E53 -> 211 | DB53: =DB52+F53 -> 1303 | DC53: =DC52+G53 -> 7572 | DD53: =DD52+H53 -> 4111 | DE53: =DE52+I53 -> 6381 | ... DP53: =DP52+T53 -> 15957 | DR53: =DR52+V53 -> 23116 | DS53: =DS52+W53 -> 1711 | DT53: =DT52+X53 -> 2672 | DU53: =DU52+Y53 -> 16615 | DV53: =DV52+Z53 -> 29730 | DW53: =DW52+AA53 -> 38401 | DX53: =DX52+AB53 -> 22976 | DY53: =DY52+AC53 -> 62341 | ... EQ53: =EQ52+AU53 -> 136763 | ER53: =AVERAGE(EH53:EQ53) -> 45461.951 | ES53: =AVERAGE(DB53:EQ53) -> 24120.451 | EV53: 212 | EW53: =CX53/CX$102 -> 0.67298723 | EX53: =CY53/CY$102 -> 0.82849384 | EY53: =CZ53/CZ$102 -> 0.86654719 | EZ53: =DA53/DA$102 -> 0.49069767 | FA53: =DB53/DB$102 -> 0.5160396 | FB53: =DC53/DC$102 -> 0.6567216 | FC53: =DD53/DD$102 -> 0.38532196 | FD53: =DE53/DE$102 -> 0.67782027 | ... FO53: =DP53/DP$102 -> 0.56731966 | FQ53: =DR53/DR$102 -> 0.40223425 | FR53: =DS53/DS$102 -> 0.58039349 | FS53: =DT53/DT$102 -> 0.72985523 | FT53: =DU53/DU$102 -> 0.6944779 | FU53: =DV53/DV$102 -> 0.42557151 | FV53: =DW53/DW$102 -> 0.49839712 | FW53: =DX53/DX$102 -> 0.35053245 | FX53: =DY53/DY$102 -> 0.61682844 | ... GP53: =EQ53/EQ$102 -> 0.65031407 | GQ53: =AVERAGE(GG53:GP53) -> 0.56266667 | GR53: =AVERAGE(FA53:GP53) -> 0.55181927
A54: 213 | B54: 737 | C54: 357 | D54: 101 | E54: 42 | F54: 68 | G54: 155 | H54: 143 | I54: 261 | J54: 290 | K54: 5 | L54: 598 | M54: 5502 | N54: 1706 | O54: 227 | P54: 679 | Q54: 1319 | R54: 174 | S54: 112 | T54: 1001 | V54: 1509 | W54: 307 | X54: 36 | Y54: 1262 | Z54: 1077 | AA54: 4165 | AB54: 948 | AC54: 1783 | AD54: 1039 | AE54: 112 | AF54: 384 | AG54: 570 | AH54: 580 | AI54: 1797 | AJ54: 1817 | AK54: 553 | AL54: 440.47157 | AM54: 48 | AN54: 161 | AO54: 3902 | AP54: 1091 | AQ54: 693 | AR54: 982 | AS54: 88 | AT54: 4006 | AU54: 5634 | AV54: =AVERAGE(AL54:AU54) -> 1704.5472 | AW54: =AW53+AV54 -> 47187.991 | AY54: 213 | AZ54: =B54/B$104 -> 0.032125888 | BA54: =C54/C$104 -> 0.018644245 | BB54: =D54/D$104 -> 0.0044149145 | BC54: =E54/E$104 -> 0.097674419 | BD54: =F54/F$104 -> 0.026930693 | BE54: =G54/G$104 -> 0.013443192 | BF54: =H54/H$104 -> 0.013403318 | BG54: =I54/I$104 -> 0.027724665 | ... BR54: =T54/T$104 -> 0.03558858 | BT54: =V54/V$104 -> 0.026257635 | BU54: =W54/W$104 -> 0.1041384 | BV54: =X54/X$104 -> 0.0098333789 | BW54: =Y54/Y$104 -> 0.05274939 | BX54: =Z54/Z$104 -> 0.015416768 | BY54: =AA54/AA$104 -> 0.054056509 | BZ54: =AB54/AB$104 -> 0.014463125 | CA54: =AC54/AC$104 -> 0.017641762 | ... CS54: =AU54/AU$104 -> 0.026789917 | CT54: =CT53+AVERAGE(CJ54:CS54) -> 0.58236597 | CU54: =CU53+AVERAGE(BD54:CS54) -> 0.57840098 | CW54: 213 | CX54: =CX53+B54 -> 16176 | CY54: =CY53+C54 -> 16221 | CZ54: =CZ53+D54 -> 19925 | DA54: =DA53+E54 -> 253 | DB54: =DB53+F54 -> 1371 | DC54: =DC53+G54 -> 7727 | DD54: =DD53+H54 -> 4254 | DE54: =DE53+I54 -> 6642 | ... DP54: =DP53+T54 -> 16958 | DR54: =DR53+V54 -> 24625 | DS54: =DS53+W54 -> 2018 | DT54: =DT53+X54 -> 2708 | DU54: =DU53+Y54 -> 17877 | DV54: =DV53+Z54 -> 30807 | DW54: =DW53+AA54 -> 42566 | DX54: =DX53+AB54 -> 23924 | DY54: =DY53+AC54 -> 64124 | ... EQ54: =EQ53+AU54 -> 142397 | ER54: =AVERAGE(EH54:EQ54) -> 47166.498 | ES54: =AVERAGE(DB54:EQ54) -> 25272.268 | EV54: 213 | EW54: =CX54/CX$102 -> 0.70511312 | EX54: =CY54/CY$102 -> 0.84713808 | EY54: =CZ54/CZ$102 -> 0.8709621 | EZ54: =DA54/DA$102 -> 0.58837209 | FA54: =DB54/DB$102 -> 0.5429703 | FB54: =DC54/DC$102 -> 0.67016479 | FC54: =DD54/DD$102 -> 0.39872528 | FD54: =DE54/DE$102 -> 0.70554493 | ... FO54: =DP54/DP$102 -> 0.60290824 | FQ54: =DR54/DR$102 -> 0.42849188 | FR54: =DS54/DS$102 -> 0.68453189 | FS54: =DT54/DT$102 -> 0.73968861 | FT54: =DU54/DU$102 -> 0.74722729 | FU54: =DV54/DV$102 -> 0.44098828 | FV54: =DW54/DW$102 -> 0.55245363 | FW54: =DX54/DX$102 -> 0.36499558 | FX54: =DY54/DY$102 -> 0.6344702 | ... GP54: =EQ54/EQ$102 -> 0.67710399 | GQ54: =AVERAGE(GG54:GP54) -> 0.58236597 | GR54: =AVERAGE(FA54:GP54) -> 0.57840098
A55: 214 | B55: 378 | C55: 363 | D55: 212 | E55: 46 | F55: 48 | G55: 47 | H55: 192 | I55: 155 | J55: 40 | K55: 24 | L55: 739 | M55: 1941 | N55: 2040 | O55: 127 | P55: 614 | Q55: 1685 | R55: 2610 | S55: 254 | T55: 126 | V55: 2583 | W55: 41 | X55: 50 | Y55: 547 | Z55: 365 | AA55: 1195 | AB55: 560 | AC55: 2878 | AD55: 3756 | AE55: 86 | AF55: 332 | AG55: 120 | AH55: 627 | AI55: 1107 | AJ55: 944 | AK55: 329 | AL55: 10 | AM55: 354 | AN55: 2426 | AO55: 328 | AP55: 1308 | AQ55: 1071 | AR55: 1346 | AS55: 695 | AT55: 1404 | AU55: 4884 | AV55: =AVERAGE(AL55:AU55) -> 1382.6 | AW55: =AW54+AV55 -> 48570.591 | AY55: 214 | AZ55: =B55/B$104 -> 0.01647705 | BA55: =C55/C$104 -> 0.018957593 | BB55: =D55/D$104 -> 0.0092669493 | BC55: =E55/E$104 -> 0.10697674 | BD55: =F55/F$104 -> 0.019009901 | BE55: =G55/G$104 -> 0.0040763226 | BF55: =H55/H$104 -> 0.017996063 | BG55: =I55/I$104 -> 0.01646484 | ... BR55: =T55/T$104 -> 0.0044796814 | BT55: =V55/V$104 -> 0.044945971 | BU55: =W55/W$104 -> 0.013907734 | BV55: =X55/X$104 -> 0.013657471 | BW55: =Y55/Y$104 -> 0.022863642 | BX55: =Z55/Z$104 -> 0.00522481 | BY55: =AA55/AA$104 -> 0.015509611 | BZ55: =AB55/AB$104 -> 0.0085436182 | CA55: =AC55/AC$104 -> 0.028476159 | ... CS55: =AU55/AU$104 -> 0.023223634 | CT55: =CT54+AVERAGE(CJ55:CS55) -> 0.59993956 | CU55: =CU54+AVERAGE(BD55:CS55) -> 0.59949388 | CW55: 214 | CX55: =CX54+B55 -> 16554 | CY55: =CY54+C55 -> 16584 | CZ55: =CZ54+D55 -> 20137 | DA55: =DA54+E55 -> 299 | DB55: =DB54+F55 -> 1419 | DC55: =DC54+G55 -> 7774 | DD55: =DD54+H55 -> 4446 | DE55: =DE54+I55 -> 6797 | ... DP55: =DP54+T55 -> 17084 | DR55: =DR54+V55 -> 27208 | DS55: =DS54+W55 -> 2059 | DT55: =DT54+X55 -> 2758 | DU55: =DU54+Y55 -> 18424 | DV55: =DV54+Z55 -> 31172 | DW55: =DW54+AA55 -> 43761 | DX55: =DX54+AB55 -> 24484 | DY55: =DY54+AC55 -> 67002 | ... EQ55: =EQ54+AU55 -> 147281 | ER55: =AVERAGE(EH55:EQ55) -> 48549.098 | ES55: =AVERAGE(DB55:EQ55) -> 26247.585 | EV55: 214 | EW55: =CX55/CX$102 -> 0.72159017 | EX55: =CY55/CY$102 -> 0.86609568 | EY55: =CZ55/CZ$102 -> 0.88022905 | EZ55: =DA55/DA$102 -> 0.69534884 | FA55: =DB55/DB$102 -> 0.5619802 | FB55: =DC55/DC$102 -> 0.67424111 | FC55: =DD55/DD$102 -> 0.41672134 | FD55: =DE55/DE$102 -> 0.72200977 | ... FO55: =DP55/DP$102 -> 0.60738792 | FQ55: =DR55/DR$102 -> 0.47343785 | FR55: =DS55/DS$102 -> 0.69843962 | FS55: =DT55/DT$102 -> 0.75334608 | FT55: =DU55/DU$102 -> 0.77009093 | FU55: =DV55/DV$102 -> 0.44621309 | FV55: =DW55/DW$102 -> 0.56796324 | FW55: =DX55/DX$102 -> 0.37353919 | FX55: =DY55/DY$102 -> 0.66294636 | ... GP55: =EQ55/EQ$102 -> 0.70032762 | GQ55: =AVERAGE(GG55:GP55) -> 0.59993956 | GR55: =AVERAGE(FA55:GP55) -> 0.59949388
A56: 215 | B56: 405 | C56: 404 | D56: 264 | E56: 2 | F56: 34 | G56: 332 | H56: 173 | I56: 129 | J56: 636 | K56: 33 | L56: 703 | M56: 406 | N56: 1114 | O56: 169 | P56: 157 | Q56: 956 | R56: 684 | S56: 1135 | T56: 592 | V56: 753 | W56: 29 | X56: 26 | Y56: 216 | Z56: 2631 | AA56: 431 | AB56: 2034 | AC56: 2833 | AD56: 1146 | AE56: 220 | AF56: 182 | AG56: 164 | AH56: 358 | AI56: 426 | AJ56: 572 | AK56: 364 | AL56: 105 | AM56: 162 | AN56: 834 | AO56: 3980 | AP56: 189 | AQ56: 652 | AR56: 2471 | AS56: 2200 | AT56: 4483 | AU56: 3627 | AV56: =AVERAGE(AL56:AU56) -> 1870.3 | AW56: =AW55+AV56 -> 50440.891 | AY56: 215 | AZ56: =B56/B$104 -> 0.017653982 | BA56: =C56/C$104 -> 0.021098809 | BB56: =D56/D$104 -> 0.011539975 | BC56: =E56/E$104 -> 0.0046511628 | BD56: =F56/F$104 -> 0.013465347 | BE56: =G56/G$104 -> 0.028794449 | BF56: =H56/H$104 -> 0.016215203 | BG56: =I56/I$104 -> 0.013702996 | ... BR56: =T56/T$104 -> 0.021047392 | BT56: =V56/V$104 -> 0.013102716 | BU56: =W56/W$104 -> 0.0098371777 | BV56: =X56/X$104 -> 0.0071018847 | BW56: =Y56/Y$104 -> 0.0090284217 | BX56: =Z56/Z$104 -> 0.037661575 | BY56: =AA56/AA$104 -> 0.0055938429 | BZ56: =AB56/AB$104 -> 0.031031642 | CA56: =AC56/AC$104 -> 0.02803091 | ... CS56: =AU56/AU$104 -> 0.017246544 | CT56: =CT55+AVERAGE(CJ56:CS56) -> 0.62166389 | CU56: =CU55+AVERAGE(BD56:CS56) -> 0.61952569 | CW56: 215 | CX56: =CX55+B56 -> 16959 | CY56: =CY55+C56 -> 16988 | CZ56: =CZ55+D56 -> 20401 | DA56: =DA55+E56 -> 301 | DB56: =DB55+F56 -> 1453 | DC56: =DC55+G56 -> 8106 | DD56: =DD55+H56 -> 4619 | DE56: =DE55+I56 -> 6926 | ... DP56: =DP55+T56 -> 17676 | DR56: =DR55+V56 -> 27961 | DS56: =DS55+W56 -> 2088 | DT56: =DT55+X56 -> 2784 | DU56: =DU55+Y56 -> 18640 | DV56: =DV55+Z56 -> 33803 | DW56: =DW55+AA56 -> 44192 | DX56: =DX55+AB56 -> 26518 | DY56: =DY55+AC56 -> 69835 | ... EQ56: =EQ55+AU56 -> 150908 | ER56: =AVERAGE(EH56:EQ56) -> 50419.398 | ES56: =AVERAGE(DB56:EQ56) -> 27182.731 | EV56: 215 | EW56: =CX56/CX$102 -> 0.73924415 | EX56: =CY56/CY$102 -> 0.88719449 | EY56: =CZ56/CZ$102 -> 0.89176903 | EZ56: =DA56/DA$102 -> 0.7 | FA56: =DB56/DB$102 -> 0.57544554 | FB56: =DC56/DC$102 -> 0.70303556 | FC56: =DD56/DD$102 -> 0.43293655 | FD56: =DE56/DE$102 -> 0.73571277 | ... FO56: =DP56/DP$102 -> 0.62843531 | FQ56: =DR56/DR$102 -> 0.48654057 | FR56: =DS56/DS$102 -> 0.7082768 | FS56: =DT56/DT$102 -> 0.76044797 | FT56: =DU56/DU$102 -> 0.77911935 | FU56: =DV56/DV$102 -> 0.48387466 | FV56: =DW56/DW$102 -> 0.57355709 | FW56: =DX56/DX$102 -> 0.40457084 | FX56: =DY56/DY$102 -> 0.69097727 | ... GP56: =EQ56/EQ$102 -> 0.71757417 | GQ56: =AVERAGE(GG56:GP56) -> 0.62166389 | GR56: =AVERAGE(FA56:GP56) -> 0.61952569
A57: 216 | B57: 225 | C57: 303 | D57: 151 | E57: 1 | F57: 47 | G57: 119 | H57: 228 | I57: 48 | J57: 255 | K57: 114 | L57: 982 | M57: 1134 | N57: 341 | O57: 337 | P57: 542 | Q57: 669 | R57: 1582 | S57: 457 | T57: 680 | V57: 2523 | W57: 28 | X57: 18 | Y57: 416 | Z57: 1786 | AA57: 2260 | AB57: 372 | AC57: 1841 | AD57: 1085 | AE57: 100 | AF57: 38 | AG57: 261 | AH57: 225 | AI57: 720 | AJ57: 1063 | AK57: 211 | AL57: 389 | AM57: 138 | AN57: 911 | AO57: 2494 | AP57: 982 | AQ57: 1669 | AR57: 2674 | AS57: 1217 | AT57: 1621 | AU57: 9655 | AV57: =AVERAGE(AL57:AU57) -> 2175 | AW57: =AW56+AV57 -> 52615.891 | AY57: 216 | AZ57: =B57/B$104 -> 0.0098077678 | BA57: =C57/C$104 -> 0.015824107 | BB57: =D57/D$104 -> 0.0066005158 | BC57: =E57/E$104 -> 0.0023255814 | BD57: =F57/F$104 -> 0.018613861 | BE57: =G57/G$104 -> 0.010320902 | BF57: =H57/H$104 -> 0.021370325 | BG57: =I57/I$104 -> 0.005098789 | ... BR57: =T57/T$104 -> 0.024176059 | BT57: =V57/V$104 -> 0.04390193 | BU57: =W57/W$104 -> 0.0094979647 | BV57: =X57/X$104 -> 0.0049166894 | BW57: =Y57/Y$104 -> 0.017388071 | BX57: =Z57/Z$104 -> 0.025565783 | BY57: =AA57/AA$104 -> 0.029331984 | BZ57: =AB57/AB$104 -> 0.0056754035 | CA57: =AC57/AC$104 -> 0.018215639 | ... CS57: =AU57/AU$104 -> 0.045909949 | CT57: =CT56+AVERAGE(CJ57:CS57) -> 0.64746405 | CU57: =CU56+AVERAGE(BD57:CS57) -> 0.64092599 | CW57: 216 | CX57: =CX56+B57 -> 17184 | CY57: =CY56+C57 -> 17291 | CZ57: =CZ56+D57 -> 20552 | DA57: =DA56+E57 -> 302 | DB57: =DB56+F57 -> 1500 | DC57: =DC56+G57 -> 8225 | DD57: =DD56+H57 -> 4847 | DE57: =DE56+I57 -> 6974 | ... DP57: =DP56+T57 -> 18356 | DR57: =DR56+V57 -> 30484 | DS57: =DS56+W57 -> 2116 | DT57: =DT56+X57 -> 2802 | DU57: =DU56+Y57 -> 19056 | DV57: =DV56+Z57 -> 35589 | DW57: =DW56+AA57 -> 46452 | DX57: =DX56+AB57 -> 26890 | DY57: =DY56+AC57 -> 71676 | ... EQ57: =EQ56+AU57 -> 160563 | ER57: =AVERAGE(EH57:EQ57) -> 52594.398 | ES57: =AVERAGE(DB57:EQ57) -> 28212.78 | EV57: 216 | EW57: =CX57/CX$102 -> 0.74905192 | EX57: =CY57/CY$102 -> 0.90301859 | EY57: =CZ57/CZ$102 -> 0.89836954 | EZ57: =DA57/DA$102 -> 0.70232558 | FA57: =DB57/DB$102 -> 0.59405941 | FB57: =DC57/DC$102 -> 0.71335646 | FC57: =DD57/DD$102 -> 0.45430687 | FD57: =DE57/DE$102 -> 0.74081156 | ... FO57: =DP57/DP$102 -> 0.65261137 | FQ57: =DR57/DR$102 -> 0.5304425 | FR57: =DS57/DS$102 -> 0.71777476 | FS57: =DT57/DT$102 -> 0.76536465 | FT57: =DU57/DU$102 -> 0.79650742 | FU57: =DV57/DV$102 -> 0.50944044 | FV57: =DW57/DW$102 -> 0.60288907 | FW57: =DX57/DX$102 -> 0.41024624 | FX57: =DY57/DY$102 -> 0.70919291 | ... GP57: =EQ57/EQ$102 -> 0.76348412 | GQ57: =AVERAGE(GG57:GP57) -> 0.64746405 | GR57: =AVERAGE(FA57:GP57) -> 0.64092599
A58: 217 | B58: 365 | C58: 263 | D58: 317 | E58: 0 | F58: 101 | G58: 29 | H58: 104 | I58: 176 | J58: 758 | K58: 136 | L58: 186 | M58: 1906 | N58: 1432 | O58: 855 | P58: 894 | Q58: 643 | R58: 514 | S58: 324 | T58: 100 | V58: 2321 | W58: 18 | X58: 16 | Y58: 161 | Z58: 1275 | AA58: 1006 | AB58: 335 | AC58: 3273 | AD58: 1979 | AE58: 54 | AF58: 588 | AG58: 109 | AH58: 123 | AI58: 1278 | AJ58: 874 | AK58: 72 | AL58: 377 | AM58: 33 | AN58: 1178 | AO58: 0 | AP58: 3333 | AQ58: 1621 | AR58: 577 | AS58: 6599 | AT58: 2681 | AU58: 2008 | AV58: =AVERAGE(AL58:AU58) -> 1840.7 | AW58: =AW57+AV58 -> 54456.591 | AY58: 217 | AZ58: =B58/B$104 -> 0.015910379 | BA58: =C58/C$104 -> 0.013735116 | BB58: =D58/D$104 -> 0.013856712 | BC58: =E58/E$104 -> 0 | BD58: =F58/F$104 -> 0.04 | BE58: =G58/G$104 -> 0.0025151778 | BF58: =H58/H$104 -> 0.0097478677 | BG58: =I58/I$104 -> 0.01869556 | ... BR58: =T58/T$104 -> 0.0035553027 | BT58: =V58/V$104 -> 0.040386991 | BU58: =W58/W$104 -> 0.0061058345 | BV58: =X58/X$104 -> 0.0043703906 | BW58: =Y58/Y$104 -> 0.006729518 | BX58: =Z58/Z$104 -> 0.018251049 | BY58: =AA58/AA$104 -> 0.013056626 | BZ58: =AB58/AB$104 -> 0.0051109145 | CA58: =AC58/AC$104 -> 0.032384458 | ... CS58: =AU58/AU$104 -> 0.0095481282 | CT58: =CT57+AVERAGE(CJ58:CS58) -> 0.67344287 | CU58: =CU57+AVERAGE(BD58:CS58) -> 0.66462291 | CW58: 217 | CX58: =CX57+B58 -> 17549 | CY58: =CY57+C58 -> 17554 | CZ58: =CZ57+D58 -> 20869 | DA58: =DA57+E58 -> 302 | DB58: =DB57+F58 -> 1601 | DC58: =DC57+G58 -> 8254 | DD58: =DD57+H58 -> 4951 | DE58: =DE57+I58 -> 7150 | ... DP58: =DP57+T58 -> 18456 | DR58: =DR57+V58 -> 32805 | DS58: =DS57+W58 -> 2134 | DT58: =DT57+X58 -> 2818 | DU58: =DU57+Y58 -> 19217 | DV58: =DV57+Z58 -> 36864 | DW58: =DW57+AA58 -> 47458 | DX58: =DX57+AB58 -> 27225 | DY58: =DY57+AC58 -> 74949 | ... EQ58: =EQ57+AU58 -> 162571 | ER58: =AVERAGE(EH58:EQ58) -> 54435.098 | ES58: =AVERAGE(DB58:EQ58) -> 29189.536 | EV58: 217 | EW58: =CX58/CX$102 -> 0.76496229 | EX58: =CY58/CY$102 -> 0.91675371 | EY58: =CZ58/CZ$102 -> 0.91222625 | EZ58: =DA58/DA$102 -> 0.70232558 | FA58: =DB58/DB$102 -> 0.63405941 | FB58: =DC58/DC$102 -> 0.71587164 | FC58: =DD58/DD$102 -> 0.46405474 | FD58: =DE58/DE$102 -> 0.75950712 | ... FO58: =DP58/DP$102 -> 0.65616667 | FQ58: =DR58/DR$102 -> 0.57082949 | FR58: =DS58/DS$102 -> 0.7238806 | FS58: =DT58/DT$102 -> 0.76973505 | FT58: =DU58/DU$102 -> 0.80323694 | FU58: =DV58/DV$102 -> 0.52769149 | FV58: =DW58/DW$102 -> 0.6159457 | FW58: =DX58/DX$102 -> 0.41535715 | FX58: =DY58/DY$102 -> 0.74157737 | ... GP58: =EQ58/EQ$102 -> 0.77303224 | GQ58: =AVERAGE(GG58:GP58) -> 0.67344287 | GR58: =AVERAGE(FA58:GP58) -> 0.66462291
A59: 218 | B59: 1574 | C59: 153 | D59: 113 | E59: 2 | F59: 168 | G59: 353 | H59: 321 | I59: 183 | J59: 356 | K59: 81 | L59: 1516 | M59: 689 | N59: 214 | O59: 75 | P59: 558 | Q59: 1090 | R59: 574 | S59: 796 | T59: 909 | V59: 3364 | W59: 48 | X59: 33 | Y59: 656 | Z59: 1307 | AA59: 2090 | AB59: 1121 | AC59: 732 | AD59: 1950 | AE59: 6 | AF59: 54 | AG59: 128 | AH59: 384 | AI59: 760 | AJ59: 798 | AK59: 218 | AL59: 346 | AM59: 257 | AN59: 2920 | AO59: 39 | AP59: 1081 | AQ59: 2092 | AR59: 978 | AS59: 695 | AT59: 3579 | AU59: 2235 | AV59: =AVERAGE(AL59:AU59) -> 1422.2 | AW59: =AW58+AV59 -> 55878.791 | AY59: 218 | AZ59: =B59/B$104 -> 0.068610784 | BA59: =C59/C$104 -> 0.0079903906 | BB59: =D59/D$104 -> 0.0049394588 | BC59: =E59/E$104 -> 0.0046511628 | BD59: =F59/F$104 -> 0.066534653 | BE59: =G59/G$104 -> 0.030615785 | BF59: =H59/H$104 -> 0.030087168 | BG59: =I59/I$104 -> 0.019439133 | ... BR59: =T59/T$104 -> 0.032317702 | BT59: =V59/V$104 -> 0.058535906 | BU59: =W59/W$104 -> 0.016282225 | BV59: =X59/X$104 -> 0.0090139306 | BW59: =Y59/Y$104 -> 0.027419651 | BX59: =Z59/Z$104 -> 0.018709114 | BY59: =AA59/AA$104 -> 0.027125595 | BZ59: =AB59/AB$104 -> 0.017102493 | CA59: =AC59/AC$104 -> 0.0072427202 | ... CS59: =AU59/AU$104 -> 0.010627523 | CT59: =CT58+AVERAGE(CJ59:CS59) -> 0.69519429 | CU59: =CU58+AVERAGE(BD59:CS59) -> 0.68749241 | CW59: 218 | CX59: =CX58+B59 -> 19123 | CY59: =CY58+C59 -> 17707 | CZ59: =CZ58+D59 -> 20982 | DA59: =DA58+E59 -> 304 | DB59: =DB58+F59 -> 1769 | DC59: =DC58+G59 -> 8607 | DD59: =DD58+H59 -> 5272 | DE59: =DE58+I59 -> 7333 | ... DP59: =DP58+T59 -> 19365 | DR59: =DR58+V59 -> 36169 | DS59: =DS58+W59 -> 2182 | DT59: =DT58+X59 -> 2851 | DU59: =DU58+Y59 -> 19873 | DV59: =DV58+Z59 -> 38171 | DW59: =DW58+AA59 -> 49548 | DX59: =DX58+AB59 -> 28346 | DY59: =DY58+AC59 -> 75681 | ... EQ59: =EQ58+AU59 -> 164806 | ER59: =AVERAGE(EH59:EQ59) -> 55857.298 | ES59: =AVERAGE(DB59:EQ59) -> 30061.585 | EV59: 218 | EW59: =CX59/CX$102 -> 0.83357308 | EX59: =CY59/CY$102 -> 0.9247441 | EY59: =CZ59/CZ$102 -> 0.91716571 | EZ59: =DA59/DA$102 -> 0.70697674 | FA59: =DB59/DB$102 -> 0.70059406 | FB59: =DC59/DC$102 -> 0.74648742 | FC59: =DD59/DD$102 -> 0.49414191 | FD59: =DE59/DE$102 -> 0.77894625 | ... FO59: =DP59/DP$102 -> 0.68848437 | FQ59: =DR59/DR$102 -> 0.6293654 | FR59: =DS59/DS$102 -> 0.74016282 | FS59: =DT59/DT$102 -> 0.77874898 | FT59: =DU59/DU$102 -> 0.83065659 | FU59: =DV59/DV$102 -> 0.54640061 | FV59: =DW59/DW$102 -> 0.64307129 | FW59: =DX59/DX$102 -> 0.43245965 | FX59: =DY59/DY$102 -> 0.74882009 | ... GP59: =EQ59/EQ$102 -> 0.78365977 | GQ59: =AVERAGE(GG59:GP59) -> 0.69519429 | GR59: =AVERAGE(FA59:GP59) -> 0.68749241
... A73: 232 | B73: 146 | C73: 81 | D73: 54 | E73: 2 | F73: 6 | G73: 125 | H73: 451 | I73: 65 | J73: 132 | K73: 61 | L73: 56 | M73: 806 | N73: 274 | O73: 72 | P73: 147 | Q73: 314 | R73: 264 | S73: 46 | T73: 604 | V73: 601 | W73: 29 | X73: 47 | Y73: 94 | Z73: 960 | AA73: 411 | AB73: 767 | AC73: 614 | AD73: 1261 | AE73: 145 | AF73: 275 | AG73: 5 | AH73: 834 | AI73: 104 | AJ73: 263 | AK73: 13 | AL73: 297 | AM73: 100 | AN73: 1232 | AO73: 304 | AP73: 15 | AQ73: 499 | AR73: 591 | AS73: 190 | AT73: 635 | AU73: 1087 | AV73: =AVERAGE(AL73:AU73) -> 495 | AW73: =AW72+AV73 -> 72307.191 | AY73: 232 | AZ73: =B73/B$104 -> 0.0063641515 | BA73: =C73/C$104 -> 0.0042302068 | BB73: =D73/D$104 -> 0.0023604494 | BC73: =E73/E$104 -> 0.0046511628 | BD73: =F73/F$104 -> 0.0023762376 | BE73: =G73/G$104 -> 0.010841284 | BF73: =H73/H$104 -> 0.042272003 | BG73: =I73/I$104 -> 0.0069046102 | ... BR73: =T73/T$104 -> 0.021474029 | BT73: =V73/V$104 -> 0.010457812 | BU73: =W73/W$104 -> 0.0098371777 | BV73: =X73/X$104 -> 0.012838022 | BW73: =Y73/Y$104 -> 0.0039290354 | BX73: =Z73/Z$104 -> 0.013741966 | BY73: =AA73/AA$104 -> 0.0053342678 | BZ73: =AB73/AB$104 -> 0.011701706 | CA73: =AC73/AC$104 -> 0.0060751779 | ... CS73: =AU73/AU$104 -> 0.0051687327 | CT73: =CT72+AVERAGE(CJ73:CS73) -> 0.91236671 | CU73: =CU72+AVERAGE(BD73:CS73) -> 0.90373031 | CW73: 232 | CX73: =CX72+B73 -> 22300 | CY73: =CY72+C73 -> 18706 | CZ73: =CZ72+D73 -> 22513 | DA73: =DA72+E73 -> 428 | DB73: =DB72+F73 -> 2440 | DC73: =DC72+G73 -> 10692 | DD73: =DD72+H73 -> 9272 | DE73: =DE72+I73 -> 8810 | ... DP73: =DP72+T73 -> 23990 | DR73: =DR72+V73 -> 51020 | DS73: =DS72+W73 -> 2719 | DT73: =DT72+X73 -> 3110 | DU73: =DU72+Y73 -> 22581.447 | DV73: =DV72+Z73 -> 61918 | DW73: =DW72+AA73 -> 68614 | DX73: =DX72+AB73 -> 51384 | DY73: =DY72+AC73 -> 88243 | ... EQ73: =EQ72+AU73 -> 206415 | ER73: =AVERAGE(EH73:EQ73) -> 72285.698 | ES73: =AVERAGE(DB73:EQ73) -> 39267.191 | EV73: 232 | EW73: =CX73/CX$102 -> 0.97205876 | EX73: =CY73/CY$102 -> 0.97691665 | EY73: =CZ73/CZ$102 -> 0.98408882 | EZ73: =DA73/DA$102 -> 0.99534884 | FA73: =DB73/DB$102 -> 0.96633663 | FB73: =DC73/DC$102 -> 0.92732003 | FC73: =DD73/DD$102 -> 0.86905989 | FD73: =DE73/DE$102 -> 0.93584024 | ... FO73: =DP73/DP$102 -> 0.85291713 | FQ73: =DR73/DR$102 -> 0.88778298 | FR73: =DS73/DS$102 -> 0.92232022 | FS73: =DT73/DT$102 -> 0.84949467 | FT73: =DU73/DU$102 -> 0.94386495 | FU73: =DV73/DV$102 -> 0.88632818 | FV73: =DW73/DW$102 -> 0.89052421 | FW73: =DX73/DX$102 -> 0.783938 | FX73: =DY73/DY$102 -> 0.87311387 | ... GP73: =EQ73/EQ$102 -> 0.98151239 | GQ73: =AVERAGE(GG73:GP73) -> 0.91236671 | GR73: =AVERAGE(FA73:GP73) -> 0.90373031
A74: 233 | B74: 83 | C74: 50 | D74: 31 | E74: 0 | F74: 6 | G74: 149 | H74: 320 | I74: 140 | J74: 41 | K74: 0 | M74: 426 | N74: 280 | O74: 182 | P74: 206 | Q74: 335 | R74: 142 | S74: 374 | T74: 785 | V74: 742 | W74: 12 | X74: 246 | Y74: 82 | Z74: 825 | AA74: 741 | AB74: 1173 | AC74: 1962 | AD74: 833 | AE74: 51 | AF74: 257 | AG74: 1084 | AH74: 733 | AI74: 280 | AJ74: 113 | AK74: 16 | AL74: 448 | AM74: 88 | AN74: 945 | AO74: 395 | AP74: 725 | AQ74: 126 | AR74: 358 | AS74: 542 | AT74: 972 | AU74: 1349 | AV74: =AVERAGE(AL74:AU74) -> 594.8 | AW74: =AW73+AV74 -> 72901.991 | AY74: 233 | AZ74: =B74/B$104 -> 0.0036179765 | BA74: =C74/C$104 -> 0.0026112388 | BB74: =D74/D$104 -> 0.0013550728 | BC74: =E74/E$104 -> 0 | BD74: =F74/F$104 -> 0.0023762376 | BE74: =G74/G$104 -> 0.01292281 | BF74: =H74/H$104 -> 0.029993439 | BG74: =I74/I$104 -> 0.014871468 | ... BR74: =T74/T$104 -> 0.027909126 | BT74: =V74/V$104 -> 0.012911309 | BU74: =W74/W$104 -> 0.0040705563 | BV74: =X74/X$104 -> 0.067194756 | BW74: =Y74/Y$104 -> 0.0034274564 | BX74: =Z74/Z$104 -> 0.011809502 | BY74: =AA74/AA$104 -> 0.0096172566 | BZ74: =AB74/AB$104 -> 0.017895829 | CA74: =AC74/AC$104 -> 0.019412865 | ... CS74: =AU74/AU$104 -> 0.0064145542 | CT74: =CT73+AVERAGE(CJ74:CS74) -> 0.92235243 | CU74: =CU73+AVERAGE(BD74:CS74) -> 0.91721178 | CW74: 233 | CX74: =CX73+B74 -> 22383 | CY74: =CY73+C74 -> 18756 | CZ74: =CZ73+D74 -> 22544 | DA74: =DA73+E74 -> 428 | DB74: =DB73+F74 -> 2446 | DC74: =DC73+G74 -> 10841 | DD74: =DD73+H74 -> 9592 | DE74: =DE73+I74 -> 8950 | ... DP74: =DP73+T74 -> 24775 | DR74: =DR73+V74 -> 51762 | DS74: =DS73+W74 -> 2731 | DT74: =DT73+X74 -> 3356 | DU74: =DU73+Y74 -> 22663.447 | DV74: =DV73+Z74 -> 62743 | DW74: =DW73+AA74 -> 69355 | DX74: =DX73+AB74 -> 52557 | DY74: =DY73+AC74 -> 90205 | ... EQ74: =EQ73+AU74 -> 207764 | ER74: =AVERAGE(EH74:EQ74) -> 72880.498 | ES74: =AVERAGE(DB74:EQ74) -> 39718.02 | EV74: 233 | EW74: =CX74/CX$102 -> 0.97567674 | EX74: =CY74/CY$102 -> 0.97952789 | EY74: =CZ74/CZ$102 -> 0.9854439 | EZ74: =DA74/DA$102 -> 0.99534884 | FA74: =DB74/DB$102 -> 0.96871287 | FB74: =DC74/DC$102 -> 0.94024284 | FC74: =DD74/DD$102 -> 0.89905333 | FD74: =DE74/DE$102 -> 0.95071171 | ... FO74: =DP74/DP$102 -> 0.88082625 | FQ74: =DR74/DR$102 -> 0.90069429 | FR74: =DS74/DS$102 -> 0.92639077 | FS74: =DT74/DT$102 -> 0.91668943 | FT74: =DU74/DU$102 -> 0.94729241 | FU74: =DV74/DV$102 -> 0.89813768 | FV74: =DW74/DW$102 -> 0.90014147 | FW74: =DX74/DX$102 -> 0.80183383 | FX74: =DY74/DY$102 -> 0.89252674 | ... GP74: =EQ74/EQ$102 -> 0.98792694 | GQ74: =AVERAGE(GG74:GP74) -> 0.92235243 | GR74: =AVERAGE(FA74:GP74) -> 0.91721178
A75: 234 | B75: 63 | C75: 45 | D75: 56 | E75: 2 | F75: 5 | G75: 17 | H75: 167 | I75: 35 | J75: 6 | K75: 13 | M75: 941 | N75: 1121 | O75: 81 | P75: 167 | Q75: 111 | R75: 286 | S75: 330 | T75: 489 | V75: 369 | W75: 27 | X75: 37 | Y75: 81 | Z75: 112 | AA75: 581 | AB75: 1143 | AC75: 1646 | AD75: 537 | AE75: 70 | AF75: 180 | AG75: 388 | AH75: 149 | AI75: 533 | AJ75: 332 | AK75: 51 | AL75: 294 | AM75: 223 | AN75: 124 | AO75: 323 | AP75: 13 | AQ75: 319 | AR75: 307 | AS75: 83 | AT75: 1434 | AU75: 588 | AV75: =AVERAGE(AL75:AU75) -> 370.8 | AW75: =AW74+AV75 -> 73272.791 | AY75: 234 | AZ75: =B75/B$104 -> 0.002746175 | BA75: =C75/C$104 -> 0.0023501149 | BB75: =D75/D$104 -> 0.0024478734 | BC75: =E75/E$104 -> 0.0046511628 | BD75: =F75/F$104 -> 0.001980198 | BE75: =G75/G$104 -> 0.0014744146 | BF75: =H75/H$104 -> 0.015652826 | BG75: =I75/I$104 -> 0.003717867 | ... BR75: =T75/T$104 -> 0.01738543 | BT75: =V75/V$104 -> 0.006420853 | BU75: =W75/W$104 -> 0.0091587517 | BV75: =X75/X$104 -> 0.010106528 | BW75: =Y75/Y$104 -> 0.0033856581 | BX75: =Z75/Z$104 -> 0.0016032294 | BY75: =AA75/AA$104 -> 0.0075406559 | BZ75: =AB75/AB$104 -> 0.017438135 | CA75: =AC75/AC$104 -> 0.016286226 | ... CS75: =AU75/AU$104 -> 0.0027959658 | CT75: =CT74+AVERAGE(CJ75:CS75) -> 0.92879992 | CU75: =CU74+AVERAGE(BD75:CS75) -> 0.92567214 | CW75: 234 | CX75: =CX74+B75 -> 22446 | CY75: =CY74+C75 -> 18801 | CZ75: =CZ74+D75 -> 22600 | DA75: =DA74+E75 -> 430 | DB75: =DB74+F75 -> 2451 | DC75: =DC74+G75 -> 10858 | DD75: =DD74+H75 -> 9759 | DE75: =DE74+I75 -> 8985 | ... DP75: =DP74+T75 -> 25264 | DR75: =DR74+V75 -> 52131 | DS75: =DS74+W75 -> 2758 | DT75: =DT74+X75 -> 3393 | DU75: =DU74+Y75 -> 22744.447 | DV75: =DV74+Z75 -> 62855 | DW75: =DW74+AA75 -> 69936 | DX75: =DX74+AB75 -> 53700 | DY75: =DY74+AC75 -> 91851 | ... EQ75: =EQ74+AU75 -> 208352 | ER75: =AVERAGE(EH75:EQ75) -> 73251.298 | ES75: =AVERAGE(DB75:EQ75) -> 40052.484 | EV75: 234 | EW75: =CX75/CX$102 -> 0.97842291 | EX75: =CY75/CY$102 -> 0.981878 | EY75: =CZ75/CZ$102 -> 0.98789177 | EZ75: =DA75/DA$102 -> 1 | FA75: =DB75/DB$102 -> 0.97069307 | FB75: =DC75/DC$102 -> 0.94171726 | FC75: =DD75/DD$102 -> 0.91470616 | FD75: =DE75/DE$102 -> 0.95442957 | ... FO75: =DP75/DP$102 -> 0.89821168 | FQ75: =DR75/DR$102 -> 0.90711514 | FR75: =DS75/DS$102 -> 0.93554953 | FS75: =DT75/DT$102 -> 0.92679596 | FT75: =DU75/DU$102 -> 0.95067807 | FU75: =DV75/DV$102 -> 0.89974091 | FV75: =DW75/DW$102 -> 0.90768212 | FW75: =DX75/DX$102 -> 0.81927196 | FX75: =DY75/DY$102 -> 0.90881297 | ... GP75: =EQ75/EQ$102 -> 0.99072291 | GQ75: =AVERAGE(GG75:GP75) -> 0.92879992 | GR75: =AVERAGE(FA75:GP75) -> 0.92567214
A76: 235 | B76: 53 | C76: 24 | D76: 58 | E76: 0 | F76: 7 | G76: 129 | H76: 184 | I76: 90 | K76: 37 | M76: 108 | N76: 494 | O76: 33 | P76: 119 | Q76: 127 | R76: 229 | S76: 234 | T76: 440 | V76: 542 | W76: 46 | X76: 96 | Y76: 152 | Z76: 1218 | AA76: 843 | AB76: 863 | AC76: 668 | AD76: 771 | AE76: 204 | AF76: 87 | AG76: 82 | AH76: 199.52528 | AI76: 202 | AJ76: 125 | AK76: 60 | AL76: 57 | AM76: 211 | AN76: 240 | AO76: 346 | AP76: 53 | AQ76: 260 | AR76: 305 | AS76: 196 | AT76: 868 | AU76: 1003 | AV76: =AVERAGE(AL76:AU76) -> 353.9 | AW76: =AW75+AV76 -> 73626.691 | AY76: 235 | AZ76: =B76/B$104 -> 0.0023102742 | BA76: =C76/C$104 -> 0.0012533946 | BB76: =D76/D$104 -> 0.0025352975 | BC76: =E76/E$104 -> 0 | BD76: =F76/F$104 -> 0.0027722772 | BE76: =G76/G$104 -> 0.011188205 | BF76: =H76/H$104 -> 0.017246227 | BG76: =I76/I$104 -> 0.0095602294 | ... BR76: =T76/T$104 -> 0.015643332 | BT76: =V76/V$104 -> 0.0094311716 | BU76: =W76/W$104 -> 0.015603799 | BV76: =X76/X$104 -> 0.026222344 | BW76: =Y76/Y$104 -> 0.0063533338 | BX76: =Z76/Z$104 -> 0.017435119 | BY76: =AA76/AA$104 -> 0.010941089 | BZ76: =AB76/AB$104 -> 0.013166326 | CA76: =AC76/AC$104 -> 0.0066094769 | ... CS76: =AU76/AU$104 -> 0.004769309 | CT76: =CT75+AVERAGE(CJ76:CS76) -> 0.93356647 | CU76: =CU75+AVERAGE(BD76:CS76) -> 0.93385722 | CW76: 235 | CX76: =CX75+B76 -> 22499 | CY76: =CY75+C76 -> 18825 | CZ76: =CZ75+D76 -> 22658 | DA76: =DA75+E76 -> 430 | DB76: =DB75+F76 -> 2458 | DC76: =DC75+G76 -> 10987 | DD76: =DD75+H76 -> 9943 | DE76: =DE75+I76 -> 9075 | ... DP76: =DP75+T76 -> 25704 | DR76: =DR75+V76 -> 52673 | DS76: =DS75+W76 -> 2804 | DT76: =DT75+X76 -> 3489 | DU76: =DU75+Y76 -> 22896.447 | DV76: =DV75+Z76 -> 64073 | DW76: =DW75+AA76 -> 70779 | DX76: =DX75+AB76 -> 54563 | DY76: =DY75+AC76 -> 92519 | ... EQ76: =EQ75+AU76 -> 209355 | ER76: =AVERAGE(EH76:EQ76) -> 73605.198 | ES76: =AVERAGE(DB76:EQ76) -> 40343.423 | EV76: 235 | EW76: =CX76/CX$102 -> 0.98073319 | EX76: =CY76/CY$102 -> 0.9831314 | EY76: =CZ76/CZ$102 -> 0.99042707 | EZ76: =DA76/DA$102 -> 1 | FA76: =DB76/DB$102 -> 0.97346535 | FB76: =DC76/DC$102 -> 0.95290546 | FC76: =DD76/DD$102 -> 0.93195239 | FD76: =DE76/DE$102 -> 0.9639898 | ... FO76: =DP76/DP$102 -> 0.91385501 | FQ76: =DR76/DR$102 -> 0.91654631 | FR76: =DS76/DS$102 -> 0.95115332 | FS76: =DT76/DT$102 -> 0.9530183 | FT76: =DU76/DU$102 -> 0.9570314 | FU76: =DV76/DV$102 -> 0.91717603 | FV76: =DW76/DW$102 -> 0.91862321 | FW76: =DX76/DX$102 -> 0.83243829 | FX76: =DY76/DY$102 -> 0.91542244 | ... GP76: =EQ76/EQ$102 -> 0.99549222 | GQ76: =AVERAGE(GG76:GP76) -> 0.93356647 | GR76: =AVERAGE(FA76:GP76) -> 0.93385722
A77: 236 | B77: 44 | C77: 29 | D77: 60 | E77: 0 | F77: 9 | G77: 68 | H77: 177 | I77: 129 | K77: 12 | M77: 237 | N77: 393 | O77: 77 | P77: 61 | Q77: 1192 | R77: 199 | S77: 317 | T77: 625 | V77: 53 | W77: 14 | X77: 10 | Y77: 87 | Z77: 440 | AA77: 880 | AB77: 1564 | AC77: 664 | AD77: 560 | AE77: 25 | AF77: 23 | AG77: 29 | AH77: 202.45166 | AI77: 185 | AJ77: 188 | AK77: 43 | AL77: 206 | AM77: 76 | AN77: 889 | AO77: 734 | AP77: 1941 | AQ77: 145 | AR77: 271 | AS77: 184 | AT77: 981 | AU77: 809 | AV77: =AVERAGE(AL77:AU77) -> 623.6 | AW77: =AW76+AV77 -> 74250.291 | AY77: 236 | AZ77: =B77/B$104 -> 0.0019179635 | BA77: =C77/C$104 -> 0.0015145185 | BB77: =D77/D$104 -> 0.0026227215 | BC77: =E77/E$104 -> 0 | BD77: =F77/F$104 -> 0.0035643564 | BE77: =G77/G$104 -> 0.0058976583 | BF77: =H77/H$104 -> 0.016590121 | BG77: =I77/I$104 -> 0.013702996 | ... BR77: =T77/T$104 -> 0.022220642 | BT77: =V77/V$104 -> 0.00092223634 | BU77: =W77/W$104 -> 0.0047489824 | BV77: =X77/X$104 -> 0.0027314941 | BW77: =Y77/Y$104 -> 0.0036364476 | BX77: =Z77/Z$104 -> 0.0062984011 | BY77: =AA77/AA$104 -> 0.011421303 | BZ77: =AB77/AB$104 -> 0.023861105 | CA77: =AC77/AC$104 -> 0.0065698992 | ... CS77: =AU77/AU$104 -> 0.0038468305 | CT77: =CT76+AVERAGE(CJ77:CS77) -> 0.9433688 | CU77: =CU76+AVERAGE(BD77:CS77) -> 0.94204702 | CW77: 236 | CX77: =CX76+B77 -> 22543 | CY77: =CY76+C77 -> 18854 | CZ77: =CZ76+D77 -> 22718 | DA77: =DA76+E77 -> 430 | DB77: =DB76+F77 -> 2467 | DC77: =DC76+G77 -> 11055 | DD77: =DD76+H77 -> 10120 | DE77: =DE76+I77 -> 9204 | ... DP77: =DP76+T77 -> 26329 | DR77: =DR76+V77 -> 52726 | DS77: =DS76+W77 -> 2818 | DT77: =DT76+X77 -> 3499 | DU77: =DU76+Y77 -> 22983.447 | DV77: =DV76+Z77 -> 64513 | DW77: =DW76+AA77 -> 71659 | DX77: =DX76+AB77 -> 56127 | DY77: =DY76+AC77 -> 93183 | ... EQ77: =EQ76+AU77 -> 210164 | ER77: =AVERAGE(EH77:EQ77) -> 74228.798 | ES77: =AVERAGE(DB77:EQ77) -> 40701.947 | EV77: 236 | EW77: =CX77/CX$102 -> 0.98265115 | EX77: =CY77/CY$102 -> 0.98464592 | EY77: =CZ77/CZ$102 -> 0.99304979 | EZ77: =DA77/DA$102 -> 1 | FA77: =DB77/DB$102 -> 0.9770297 | FB77: =DC77/DC$102 -> 0.95880312 | FC77: =DD77/DD$102 -> 0.94854251 | FD77: =DE77/DE$102 -> 0.9776928 | ... FO77: =DP77/DP$102 -> 0.93607566 | FQ77: =DR77/DR$102 -> 0.91746855 | FR77: =DS77/DS$102 -> 0.95590231 | FS77: =DT77/DT$102 -> 0.9557498 | FT77: =DU77/DU$102 -> 0.96066785 | FU77: =DV77/DV$102 -> 0.92347443 | FV77: =DW77/DW$102 -> 0.93004452 | FW77: =DX77/DX$102 -> 0.85629939 | FX77: =DY77/DY$102 -> 0.92199234 | ... GP77: =EQ77/EQ$102 -> 0.99933905 | GQ77: =AVERAGE(GG77:GP77) -> 0.9433688 | GR77: =AVERAGE(FA77:GP77) -> 0.94204702
A78: 237 | B78: 44 | C78: 63 | D78: 29 | E78: 0 | F78: 6 | G78: 41 | H78: 168 | I78: 58 | K78: 38 | M78: 303 | N78: 342 | O78: 11 | P78: 564 | Q78: 104 | R78: 156 | S78: 30 | T78: 42 | V78: 719 | W78: 84 | X78: 5 | Y78: 167 | Z78: 303 | AA78: 516 | AB78: 2833 | AC78: 624 | AD78: 655 | AE78: 0 | AF78: 34 | AG78: 71 | AH78: 200.78766 | AI78: 116 | AJ78: 163 | AK78: 167 | AL78: 54 | AM78: 280 | AN78: 1092 | AO78: 196 | AP78: 57 | AQ78: 145 | AR78: 912 | AS78: 222 | AT78: 459 | AU78: 89 | AV78: =AVERAGE(AL78:AU78) -> 350.6 | AW78: =AW77+AV78 -> 74600.891 | AY78: 237 | AZ78: =B78/B$104 -> 0.0019179635 | BA78: =C78/C$104 -> 0.0032901609 | BB78: =D78/D$104 -> 0.0012676487 | BC78: =E78/E$104 -> 0 | BD78: =F78/F$104 -> 0.0023762376 | BE78: =G78/G$104 -> 0.003555941 | BF78: =H78/H$104 -> 0.015746555 | BG78: =I78/I$104 -> 0.0061610368 | ... BR78: =T78/T$104 -> 0.0014932271 | BT78: =V78/V$104 -> 0.012511093 | BU78: =W78/W$104 -> 0.028493894 | BV78: =X78/X$104 -> 0.0013657471 | BW78: =Y78/Y$104 -> 0.0069803075 | BX78: =Z78/Z$104 -> 0.004337308 | BY78: =AA78/AA$104 -> 0.006697037 | BZ78: =AB78/AB$104 -> 0.043221554 | CA78: =AC78/AC$104 -> 0.0061741221 | ... CS78: =AU78/AU$104 -> 0.00042319891 | CT78: =CT77+AVERAGE(CJ78:CS78) -> 0.9498189 | CU78: =CU77+AVERAGE(BD78:CS78) -> 0.94957559 | CW78: 237 | CX78: =CX77+B78 -> 22587 | CY78: =CY77+C78 -> 18917 | CZ78: =CZ77+D78 -> 22747 | DA78: =DA77+E78 -> 430 | DB78: =DB77+F78 -> 2473 | DC78: =DC77+G78 -> 11096 | DD78: =DD77+H78 -> 10288 | DE78: =DE77+I78 -> 9262 | ... DP78: =DP77+T78 -> 26371 | DR78: =DR77+V78 -> 53445 | DS78: =DS77+W78 -> 2902 | DT78: =DT77+X78 -> 3504 | DU78: =DU77+Y78 -> 23150.447 | DV78: =DV77+Z78 -> 64816 | DW78: =DW77+AA78 -> 72175 | DX78: =DX77+AB78 -> 58960 | DY78: =DY77+AC78 -> 93807 | ... EQ78: =EQ77+AU78 -> 210253 | ER78: =AVERAGE(EH78:EQ78) -> 74579.398 | ES78: =AVERAGE(DB78:EQ78) -> 40995.283 | EV78: 237 | EW78: =CX78/CX$102 -> 0.98456911 | EX78: =CY78/CY$102 -> 0.98793608 | EY78: =CZ78/CZ$102 -> 0.99431744 | EZ78: =DA78/DA$102 -> 1 | FA78: =DB78/DB$102 -> 0.97940594 | FB78: =DC78/DC$102 -> 0.96235906 | FC78: =DD78/DD$102 -> 0.96428906 | FD78: =DE78/DE$102 -> 0.98385383 | ... FO78: =DP78/DP$102 -> 0.93756888 | FQ78: =DR78/DR$102 -> 0.92997964 | FR78: =DS78/DS$102 -> 0.9843962 | FS78: =DT78/DT$102 -> 0.95711554 | FT78: =DU78/DU$102 -> 0.96764816 | FU78: =DV78/DV$102 -> 0.92781174 | FV78: =DW78/DW$102 -> 0.93674155 | FW78: =DX78/DX$102 -> 0.89952095 | FX78: =DY78/DY$102 -> 0.92816646 | ... GP78: =EQ78/EQ$102 -> 0.99976225 | GQ78: =AVERAGE(GG78:GP78) -> 0.9498189 | GR78: =AVERAGE(FA78:GP78) -> 0.94957559
A79: 238 | B79: 60 | C79: 5 | D79: 29 | F79: 5 | G79: 65 | H79: 49 | I79: 35 | K79: 22 | M79: 298 | N79: 399 | O79: 55 | P79: 22 | Q79: 124 | R79: 324 | S79: 241 | T79: 539 | V79: 283 | W79: 16 | X79: 6 | Y79: 123 | Z79: 249 | AA79: 706 | AB79: 1056 | AC79: 704 | AD79: 207 | AE79: 168 | AF79: 33 | AG79: 159 | AH79: 151.35113 | AI79: 151 | AJ79: 201 | AK79: 59 | AL79: 95.540371 | AM79: 333 | AN79: 389 | AO79: 773 | AP79: 35 | AQ79: 265 | AR79: 311 | AS79: 178 | AT79: 102 | AU79: 0 | AV79: =AVERAGE(AL79:AU79) -> 248.15404 | AW79: =AW78+AV79 -> 74849.045 | AY79: 238 | AZ79: =B79/B$104 -> 0.0026154047 | BA79: =C79/C$104 -> 0.00026112388 | BB79: =D79/D$104 -> 0.0012676487 | BC79: =E79/E$104 -> 0 | BD79: =F79/F$104 -> 0.001980198 | BE79: =G79/G$104 -> 0.0056374675 | BF79: =H79/H$104 -> 0.0045927453 | BG79: =I79/I$104 -> 0.003717867 | ... BR79: =T79/T$104 -> 0.019163082 | BT79: =V79/V$104 -> 0.004924394 | BU79: =W79/W$104 -> 0.0054274084 | BV79: =X79/X$104 -> 0.0016388965 | BW79: =Y79/Y$104 -> 0.0051411846 | BX79: =Z79/Z$104 -> 0.0035643224 | BY79: =AA79/AA$104 -> 0.0091630002 | BZ79: =AB79/AB$104 -> 0.016110823 | CA79: =AC79/AC$104 -> 0.0069656762 | ... CS79: =AU79/AU$104 -> 0 | CT79: =CT78+AVERAGE(CJ79:CS79) -> 0.95526414 | CU79: =CU78+AVERAGE(BD79:CS79) -> 0.95563326 | CW79: 238 | CX79: =CX78+B79 -> 22647 | CY79: =CY78+C79 -> 18922 | CZ79: =CZ78+D79 -> 22776 | DA79: =DA78+E79 -> 430 | DB79: =DB78+F79 -> 2478 | DC79: =DC78+G79 -> 11161 | DD79: =DD78+H79 -> 10337 | DE79: =DE78+I79 -> 9297 | ... DP79: =DP78+T79 -> 26910 | DR79: =DR78+V79 -> 53728 | DS79: =DS78+W79 -> 2918 | DT79: =DT78+X79 -> 3510 | DU79: =DU78+Y79 -> 23273.447 | DV79: =DV78+Z79 -> 65065 | DW79: =DW78+AA79 -> 72881 | DX79: =DX78+AB79 -> 60016 | DY79: =DY78+AC79 -> 94511 | ... EQ79: =EQ78+AU79 -> 210253 | ER79: =AVERAGE(EH79:EQ79) -> 74827.552 | ES79: =AVERAGE(DB79:EQ79) -> 41213.134 | EV79: 238 | EW79: =CX79/CX$102 -> 0.98718452 | EX79: =CY79/CY$102 -> 0.9881972 | EY79: =CZ79/CZ$102 -> 0.99558509 | EZ79: =DA79/DA$102 -> 1 | FA79: =DB79/DB$102 -> 0.98138614 | FB79: =DC79/DC$102 -> 0.96799653 | FC79: =DD79/DD$102 -> 0.96888181 | FD79: =DE79/DE$102 -> 0.9875717 | ... FO79: =DP79/DP$102 -> 0.95673197 | FQ79: =DR79/DR$102 -> 0.93490404 | FR79: =DS79/DS$102 -> 0.98982361 | FS79: =DT79/DT$102 -> 0.95875444 | FT79: =DU79/DU$102 -> 0.97278934 | FU79: =DV79/DV$102 -> 0.93137606 | FV79: =DW79/DW$102 -> 0.94590455 | FW79: =DX79/DX$102 -> 0.91563177 | FX79: =DY79/DY$102 -> 0.93513214 | ... GP79: =EQ79/EQ$102 -> 0.99976225 | GQ79: =AVERAGE(GG79:GP79) -> 0.95526414 | GR79: =AVERAGE(FA79:GP79) -> 0.95563326
A80: 239 | B80: 44 | C80: 42 | D80: 20 | F80: 1 | G80: 68 | H80: 80 | I80: 53 | K80: 24 | M80: 338 | N80: 82 | O80: 7 | P80: 47 | Q80: 446 | R80: 209 | S80: 24 | T80: 227 | V80: 131 | W80: 2 | X80: 2 | Y80: 40 | Z80: 83 | AA80: 536 | AB80: 648 | AC80: 1281 | AD80: 320 | AE80: 316 | AF80: 6 | AG80: 102 | AH80: 130.09054 | AI80: 127 | AJ80: 146 | AK80: 135 | AL80: 82.88703 | AM80: 229 | AN80: 148 | AO80: 411 | AP80: 136 | AQ80: 566 | AR80: 571 | AS80: 391 | AT80: 539 | AU80: 0 | AV80: =AVERAGE(AL80:AU80) -> 307.3887 | AW80: =AW79+AV80 -> 75156.434 | AY80: 239 | AZ80: =B80/B$104 -> 0.0019179635 | BA80: =C80/C$104 -> 0.0021934406 | BB80: =D80/D$104 -> 0.0008742405 | BC80: =E80/E$104 -> 0 | BD80: =F80/F$104 -> 0.0003960396 | BE80: =G80/G$104 -> 0.0058976583 | BF80: =H80/H$104 -> 0.0074983597 | BG80: =I80/I$104 -> 0.0056299129 | ... BR80: =T80/T$104 -> 0.0080705372 | BT80: =V80/V$104 -> 0.0022794898 | BU80: =W80/W$104 -> 0.00067842605 | BV80: =X80/X$104 -> 0.00054629883 | BW80: =Y80/Y$104 -> 0.0016719299 | BX80: =Z80/Z$104 -> 0.0011881075 | BY80: =AA80/AA$104 -> 0.006956612 | BZ80: =AB80/AB$104 -> 0.0098861868 | CA80: =AC80/AC$104 -> 0.01267476 | ... CS80: =AU80/AU$104 -> 0 | CT80: =CT79+AVERAGE(CJ80:CS80) -> 0.96108616 | CU80: =CU79+AVERAGE(BD80:CS80) -> 0.96109211 | CW80: 239 | CX80: =CX79+B80 -> 22691 | CY80: =CY79+C80 -> 18964 | CZ80: =CZ79+D80 -> 22796 | DA80: =DA79+E80 -> 430 | DB80: =DB79+F80 -> 2479 | DC80: =DC79+G80 -> 11229 | DD80: =DD79+H80 -> 10417 | DE80: =DE79+I80 -> 9350 | ... DP80: =DP79+T80 -> 27137 | DR80: =DR79+V80 -> 53859 | DS80: =DS79+W80 -> 2920 | DT80: =DT79+X80 -> 3512 | DU80: =DU79+Y80 -> 23313.447 | DV80: =DV79+Z80 -> 65148 | DW80: =DW79+AA80 -> 73417 | DX80: =DX79+AB80 -> 60664 | DY80: =DY79+AC80 -> 95792 | ... EQ80: =EQ79+AU80 -> 210253 | ER80: =AVERAGE(EH80:EQ80) -> 75134.94 | ES80: =AVERAGE(DB80:EQ80) -> 41424.963 | EV80: 239 | EW80: =CX80/CX$102 -> 0.98910248 | EX80: =CY80/CY$102 -> 0.99039064 | EY80: =CZ80/CZ$102 -> 0.99645933 | EZ80: =DA80/DA$102 -> 1 | FA80: =DB80/DB$102 -> 0.98178218 | FB80: =DC80/DC$102 -> 0.97389419 | FC80: =DD80/DD$102 -> 0.97638017 | FD80: =DE80/DE$102 -> 0.99320161 | ... FO80: =DP80/DP$102 -> 0.9648025 | FQ80: =DR80/DR$102 -> 0.93718353 | FR80: =DS80/DS$102 -> 0.99050204 | FS80: =DT80/DT$102 -> 0.95930074 | FT80: =DU80/DU$102 -> 0.97446127 | FU80: =DV80/DV$102 -> 0.93256416 | FV80: =DW80/DW$102 -> 0.95286117 | FW80: =DX80/DX$102 -> 0.92551796 | FX80: =DY80/DY$102 -> 0.9478069 | ... GP80: =EQ80/EQ$102 -> 0.99976225 | GQ80: =AVERAGE(GG80:GP80) -> 0.96108616 | GR80: =AVERAGE(FA80:GP80) -> 0.96109211
A81: 240 | B81: 25 | C81: 31 | D81: 21 | F81: 3 | G81: 10 | H81: 48 | I81: 22 | K81: 9 | M81: 153 | N81: 328 | O81: 45 | P81: 163 | Q81: 186 | R81: 156 | S81: 17 | T81: 264 | V81: 144 | W81: 13 | X81: 22 | Y81: 79 | Z81: 292 | AA81: 391 | AB81: 1145 | AC81: 1646 | AD81: 242 | AE81: 17 | AF81: 39 | AG81: 53 | AH81: 8 | AI81: 74 | AJ81: 113 | AK81: 209 | AL81: 73 | AM81: 89 | AN81: 331 | AO81: 37 | AP81: 1187 | AQ81: 487 | AR81: 648 | AS81: 374 | AT81: 710 | AU81: 8 | AV81: =AVERAGE(AL81:AU81) -> 394.4 | AW81: =AW80+AV81 -> 75550.834 | AY81: 240 | AZ81: =B81/B$104 -> 0.001089752 | BA81: =C81/C$104 -> 0.001618968 | BB81: =D81/D$104 -> 0.00091795253 | BC81: =E81/E$104 -> 0 | BD81: =F81/F$104 -> 0.0011881188 | BE81: =G81/G$104 -> 0.00086730269 | BF81: =H81/H$104 -> 0.0044990158 | BG81: =I81/I$104 -> 0.002336945 | ... BR81: =T81/T$104 -> 0.0093859992 | BT81: =V81/V$104 -> 0.0025056987 | BU81: =W81/W$104 -> 0.0044097693 | BV81: =X81/X$104 -> 0.0060092871 | BW81: =Y81/Y$104 -> 0.0033020616 | BX81: =Z81/Z$104 -> 0.004179848 | BY81: =AA81/AA$104 -> 0.0050746927 | BZ81: =AB81/AB$104 -> 0.017468648 | CA81: =AC81/AC$104 -> 0.016286226 | ... CS81: =AU81/AU$104 -> 3.8040351e-05 | CT81: =CT80+AVERAGE(CJ81:CS81) -> 0.96783883 | CU81: =CU80+AVERAGE(BD81:CS81) -> 0.96614617 | CW81: 240 | CX81: =CX80+B81 -> 22716 | CY81: =CY80+C81 -> 18995 | CZ81: =CZ80+D81 -> 22817 | DA81: =DA80+E81 -> 430 | DB81: =DB80+F81 -> 2482 | DC81: =DC80+G81 -> 11239 | DD81: =DD80+H81 -> 10465 | DE81: =DE80+I81 -> 9372 | ... DP81: =DP80+T81 -> 27401 | DR81: =DR80+V81 -> 54003 | DS81: =DS80+W81 -> 2933 | DT81: =DT80+X81 -> 3534 | DU81: =DU80+Y81 -> 23392.447 | DV81: =DV80+Z81 -> 65440 | DW81: =DW80+AA81 -> 73808 | DX81: =DX80+AB81 -> 61809 | DY81: =DY80+AC81 -> 97438 | ... EQ81: =EQ80+AU81 -> 210261 | ER81: =AVERAGE(EH81:EQ81) -> 75529.34 | ES81: =AVERAGE(DB81:EQ81) -> 41664.841 | EV81: 240 | EW81: =CX81/CX$102 -> 0.99019223 | EX81: =CY81/CY$102 -> 0.99200961 | EY81: =CZ81/CZ$102 -> 0.99737728 | EZ81: =DA81/DA$102 -> 1 | FA81: =DB81/DB$102 -> 0.9829703 | FB81: =DC81/DC$102 -> 0.97476149 | FC81: =DD81/DD$102 -> 0.98087918 | FD81: =DE81/DE$102 -> 0.99553856 | ... FO81: =DP81/DP$102 -> 0.9741885 | FQ81: =DR81/DR$102 -> 0.93968922 | FR81: =DS81/DS$102 -> 0.9949118 | FS81: =DT81/DT$102 -> 0.96531002 | FT81: =DU81/DU$102 -> 0.97776333 | FU81: =DV81/DV$102 -> 0.93674401 | FV81: =DW81/DW$102 -> 0.95793586 | FW81: =DX81/DX$102 -> 0.9429866 | FX81: =DY81/DY$102 -> 0.96409313 | ... GP81: =EQ81/EQ$102 -> 0.99980029 | GQ81: =AVERAGE(GG81:GP81) -> 0.96783883 | GR81: =AVERAGE(FA81:GP81) -> 0.96614617
A82: 241 | B82: 16 | C82: 44 | D82: 13 | F82: 4 | G82: 12 | H82: 38 | I82: 5 | K82: 42 | M82: 155 | N82: 367 | O82: 46 | P82: 16 | Q82: 162 | R82: 427 | S82: 192 | T82: 367 | V82: 706 | W82: 8 | X82: 7 | Y82: 64 | Z82: 210 | AA82: 71 | AB82: 322 | AC82: 515 | AD82: 376 | AE82: 23 | AF82: 88 | AG82: 54 | AH82: 22 | AI82: 105 | AJ82: 74 | AK82: 12 | AL82: 225 | AM82: 232 | AN82: 226 | AO82: 17 | AP82: 436 | AQ82: 112 | AR82: 830 | AS82: 255 | AT82: 410 | AU82: 16 | AV82: =AVERAGE(AL82:AU82) -> 275.9 | AW82: =AW81+AV82 -> 75826.734 | AY82: 241 | AZ82: =B82/B$104 -> 0.00069744126 | BA82: =C82/C$104 -> 0.0022978901 | BB82: =D82/D$104 -> 0.00056825633 | BC82: =E82/E$104 -> 0 | BD82: =F82/F$104 -> 0.0015841584 | BE82: =G82/G$104 -> 0.0010407632 | BF82: =H82/H$104 -> 0.0035617209 | BG82: =I82/I$104 -> 0.00053112386 | ... BR82: =T82/T$104 -> 0.013047961 | BT82: =V82/V$104 -> 0.012284884 | BU82: =W82/W$104 -> 0.0027137042 | BV82: =X82/X$104 -> 0.0019120459 | BW82: =Y82/Y$104 -> 0.0026750879 | BX82: =Z82/Z$104 -> 0.0030060551 | BY82: =AA82/AA$104 -> 0.00092149152 | BZ82: =AB82/AB$104 -> 0.0049125805 | CA82: =AC82/AC$104 -> 0.0050956296 | ... CS82: =AU82/AU$104 -> 7.6080703e-05 | CT82: =CT81+AVERAGE(CJ82:CS82) -> 0.97392506 | CU82: =CU81+AVERAGE(BD82:CS82) -> 0.97108666 | CW82: 241 | CX82: =CX81+B82 -> 22732 | CY82: =CY81+C82 -> 19039 | CZ82: =CZ81+D82 -> 22830 | DA82: =DA81+E82 -> 430 | DB82: =DB81+F82 -> 2486 | DC82: =DC81+G82 -> 11251 | DD82: =DD81+H82 -> 10503 | DE82: =DE81+I82 -> 9377 | ... DP82: =DP81+T82 -> 27768 | DR82: =DR81+V82 -> 54709 | DS82: =DS81+W82 -> 2941 | DT82: =DT81+X82 -> 3541 | DU82: =DU81+Y82 -> 23456.447 | DV82: =DV81+Z82 -> 65650 | DW82: =DW81+AA82 -> 73879 | DX82: =DX81+AB82 -> 62131 | DY82: =DY81+AC82 -> 97953 | ... EQ82: =EQ81+AU82 -> 210277 | ER82: =AVERAGE(EH82:EQ82) -> 75805.24 | ES82: =AVERAGE(DB82:EQ82) -> 41841.646 | EV82: 241 | EW82: =CX82/CX$102 -> 0.99088967 | EX82: =CY82/CY$102 -> 0.9943075 | EY82: =CZ82/CZ$102 -> 0.99794553 | EZ82: =DA82/DA$102 -> 1 | FA82: =DB82/DB$102 -> 0.98455446 | FB82: =DC82/DC$102 -> 0.97580225 | FC82: =DD82/DD$102 -> 0.9844409 | FD82: =DE82/DE$102 -> 0.99606968 | ... FO82: =DP82/DP$102 -> 0.98723646 | FQ82: =DR82/DR$102 -> 0.95197411 | FR82: =DS82/DS$102 -> 0.99762551 | FS82: =DT82/DT$102 -> 0.96722207 | FT82: =DU82/DU$102 -> 0.98043842 | FU82: =DV82/DV$102 -> 0.93975007 | FV82: =DW82/DW$102 -> 0.95885735 | FW82: =DX82/DX$102 -> 0.94789919 | FX82: =DY82/DY$102 -> 0.96918876 | ... GP82: =EQ82/EQ$102 -> 0.99987637 | GQ82: =AVERAGE(GG82:GP82) -> 0.97392506 | GR82: =AVERAGE(FA82:GP82) -> 0.97108666
A83: 242 | B83: 35 | C83: 22 | D83: 0 | F83: 2 | G83: 56 | H83: 88 | I83: 10 | K83: 31 | M83: 79 | N83: 236 | O83: 109 | P83: 27 | Q83: 228 | R83: 197 | S83: 110 | T83: 245 | V83: 46 | W83: 7 | X83: 74 | Y83: 81 | Z83: 270 | AA83: 240 | AB83: 266 | AC83: 696 | AD83: 555 | AE83: 73 | AF83: 0 | AG83: 69 | AH83: 111 | AI83: 33 | AJ83: 92 | AK83: 347 | AL83: 23 | AM83: 78 | AN83: 127 | AO83: 0 | AP83: 102 | AQ83: 331 | AR83: 376 | AS83: 942 | AT83: 220 | AU83: 26 | AV83: =AVERAGE(AL83:AU83) -> 222.5 | AW83: =AW82+AV83 -> 76049.234 | AY83: 242 | AZ83: =B83/B$104 -> 0.0015256528 | BA83: =C83/C$104 -> 0.0011489451 | BB83: =D83/D$104 -> 0 | BC83: =E83/E$104 -> 0 | BD83: =F83/F$104 -> 0.00079207921 | BE83: =G83/G$104 -> 0.0048568951 | BF83: =H83/H$104 -> 0.0082481957 | BG83: =I83/I$104 -> 0.0010622477 | ... BR83: =T83/T$104 -> 0.0087104917 | BT83: =V83/V$104 -> 0.00080043154 | BU83: =W83/W$104 -> 0.0023744912 | BV83: =X83/X$104 -> 0.020213057 | BW83: =Y83/Y$104 -> 0.0033856581 | BX83: =Z83/Z$104 -> 0.0038649279 | BY83: =AA83/AA$104 -> 0.0031149009 | BZ83: =AB83/AB$104 -> 0.0040582187 | CA83: =AC83/AC$104 -> 0.0068865208 | ... CS83: =AU83/AU$104 -> 0.00012363114 | CT83: =CT82+AVERAGE(CJ83:CS83) -> 0.97752477 | CU83: =CU82+AVERAGE(BD83:CS83) -> 0.97599934 | CW83: 242 | CX83: =CX82+B83 -> 22767 | CY83: =CY82+C83 -> 19061 | CZ83: =CZ82+D83 -> 22830 | DA83: =DA82+E83 -> 430 | DB83: =DB82+F83 -> 2488 | DC83: =DC82+G83 -> 11307 | DD83: =DD82+H83 -> 10591 | DE83: =DE82+I83 -> 9387 | ... DP83: =DP82+T83 -> 28013 | DR83: =DR82+V83 -> 54755 | DS83: =DS82+W83 -> 2948 | DT83: =DT82+X83 -> 3615 | DU83: =DU82+Y83 -> 23537.447 | DV83: =DV82+Z83 -> 65920 | DW83: =DW82+AA83 -> 74119 | DX83: =DX82+AB83 -> 62397 | DY83: =DY82+AC83 -> 98649 | ... EQ83: =EQ82+AU83 -> 210303 | ER83: =AVERAGE(EH83:EQ83) -> 76027.74 | ES83: =AVERAGE(DB83:EQ83) -> 42002.694 | EV83: 242 | EW83: =CX83/CX$102 -> 0.99241533 | EX83: =CY83/CY$102 -> 0.99545644 | EY83: =CZ83/CZ$102 -> 0.99794553 | EZ83: =DA83/DA$102 -> 1 | FA83: =DB83/DB$102 -> 0.98534653 | FB83: =DC83/DC$102 -> 0.98065915 | FC83: =DD83/DD$102 -> 0.9926891 | FD83: =DE83/DE$102 -> 0.99713193 | ... FO83: =DP83/DP$102 -> 0.99594695 | FQ83: =DR83/DR$102 -> 0.95277454 | FR83: =DS83/DS$102 -> 1 | FS83: =DT83/DT$102 -> 0.98743513 | FT83: =DU83/DU$102 -> 0.98382408 | FU83: =DV83/DV$102 -> 0.943615 | FV83: =DW83/DW$102 -> 0.96197225 | FW83: =DX83/DX$102 -> 0.9519574 | FX83: =DY83/DY$102 -> 0.97607528 | ... GP83: =EQ83/EQ$102 -> 1 | GQ83: =AVERAGE(GG83:GP83) -> 0.97752477 | GR83: =AVERAGE(FA83:GP83) -> 0.97599934
A84: 243 | B84: 23 | C84: 11 | D84: 4 | F84: 3 | G84: 20 | H84: 78 | I84: 27 | K84: 26 | M84: 81 | N84: 261 | O84: 107 | P84: 64 | Q84: 63 | R84: 170 | S84: 25 | T84: 114 | V84: 42 | X84: 2 | Y84: 51 | Z84: 544 | AA84: 260 | AB84: 153 | AC84: 546 | AD84: 164 | AE84: 36 | AF84: 40 | AG84: 54 | AH84: 74 | AI84: 64 | AJ84: 49 | AK84: 128 | AL84: 223 | AM84: 44 | AN84: 252 | AO84: 262 | AP84: 66 | AQ84: 173 | AR84: 532 | AS84: 236 | AT84: 475 | AV84: =AVERAGE(AL84:AU84) -> 251.44444 | AW84: =AW83+AV84 -> 76300.678 | AY84: 243 | AZ84: =B84/B$104 -> 0.0010025718 | BA84: =C84/C$104 -> 0.00057447253 | BB84: =D84/D$104 -> 0.0001748481 | BC84: =E84/E$104 -> 0 | BD84: =F84/F$104 -> 0.0011881188 | BE84: =G84/G$104 -> 0.0017346054 | BF84: =H84/H$104 -> 0.0073109007 | BG84: =I84/I$104 -> 0.0028680688 | ... BR84: =T84/T$104 -> 0.0040530451 | BT84: =V84/V$104 -> 0.00073082879 | BU84: =W84/W$104 -> 0 | BV84: =X84/X$104 -> 0.00054629883 | BW84: =Y84/Y$104 -> 0.0021317107 | BX84: =Z84/Z$104 -> 0.007787114 | BY84: =AA84/AA$104 -> 0.003374476 | BZ84: =AB84/AB$104 -> 0.0023342386 | CA84: =AC84/AC$104 -> 0.0054023569 | ... CS84: =AU84/AU$104 -> 0 | CT84: =CT83+AVERAGE(CJ84:CS84) -> 0.98218566 | CU84: =CU83+AVERAGE(BD84:CS84) -> 0.97972104 | CW84: 243 | CX84: =CX83+B84 -> 22790 | CY84: =CY83+C84 -> 19072 | CZ84: =CZ83+D84 -> 22834 | DA84: =DA83+E84 -> 430 | DB84: =DB83+F84 -> 2491 | DC84: =DC83+G84 -> 11327 | DD84: =DD83+H84 -> 10669 | DE84: =DE83+I84 -> 9414 | ... DP84: =DP83+T84 -> 28127 | DR84: =DR83+V84 -> 54797 | DS84: =DS83+W84 -> 2948 | DT84: =DT83+X84 -> 3617 | DU84: =DU83+Y84 -> 23588.447 | DV84: =DV83+Z84 -> 66464 | DW84: =DW83+AA84 -> 74379 | DX84: =DX83+AB84 -> 62550 | DY84: =DY83+AC84 -> 99195 | ... EQ84: =EQ83+AU84 -> 210303 | ER84: =AVERAGE(EH84:EQ84) -> 76254.04 | ES84: =AVERAGE(DB84:EQ84) -> 42137.06 | EV84: 243 | EW84: =CX84/CX$102 -> 0.9934179 | EX84: =CY84/CY$102 -> 0.99603092 | EY84: =CZ84/CZ$102 -> 0.99812038 | EZ84: =DA84/DA$102 -> 1 | FA84: =DB84/DB$102 -> 0.98653465 | FB84: =DC84/DC$102 -> 0.98239376 | FC84: =DD84/DD$102 -> 1 | FD84: =DE84/DE$102 -> 1 | ... FO84: =DP84/DP$102 -> 1 | FQ84: =DR84/DR$102 -> 0.95350537 | FR84: =DS84/DS$102 -> 1 | FS84: =DT84/DT$102 -> 0.98798143 | FT84: =DU84/DU$102 -> 0.98595579 | FU84: =DV84/DV$102 -> 0.95140211 | FV84: =DW84/DW$102 -> 0.96534673 | FW84: =DX84/DX$102 -> 0.95429164 | FX84: =DY84/DY$102 -> 0.98147763 | ... GP84: =EQ84/EQ$102 -> 1 | GQ84: =AVERAGE(GG84:GP84) -> 0.98218566 | GR84: =AVERAGE(FA84:GP84) -> 0.97972104
A85: 244 | B85: 25 | C85: 17 | D85: 7 | F85: 6 | G85: 9 | K85: 25 | M85: 140 | N85: 201 | O85: 23 | P85: 202 | Q85: 80 | R85: 229 | V85: 150 | X85: 1 | Y85: 47 | Z85: 252 | AA85: 100 | AB85: 142 | AC85: 1246 | AD85: 53 | AE85: 8 | AF85: 15 | AG85: 59 | AH85: 38 | AI85: 36 | AJ85: 101 | AK85: 54 | AL85: 207 | AM85: 31 | AN85: 338 | AO85: 288 | AP85: 33 | AQ85: 444 | AR85: 412 | AS85: 274 | AT85: 729 | AV85: =AVERAGE(AL85:AU85) -> 306.22222 | AW85: =AW84+AV85 -> 76606.9 | AY85: 244 | AZ85: =B85/B$104 -> 0.001089752 | BA85: =C85/C$104 -> 0.00088782118 | BB85: =D85/D$104 -> 0.00030598418 | BC85: =E85/E$104 -> 0 | BD85: =F85/F$104 -> 0.0023762376 | BE85: =G85/G$104 -> 0.00078057242 | BF85: =H85/H$104 -> 0 | BG85: =I85/I$104 -> 0 | ... BR85: =T85/T$104 -> 0 | BT85: =V85/V$104 -> 0.0026101028 | BU85: =W85/W$104 -> 0 | BV85: =X85/X$104 -> 0.00027314941 | BW85: =Y85/Y$104 -> 0.0019645177 | BX85: =Z85/Z$104 -> 0.0036072661 | BY85: =AA85/AA$104 -> 0.0012978754 | BZ85: =AB85/AB$104 -> 0.0021664175 | CA85: =AC85/AC$104 -> 0.012328455 | ... CS85: =AU85/AU$104 -> 0 | CT85: =CT84+AVERAGE(CJ85:CS85) -> 0.98747228 | CU85: =CU84+AVERAGE(BD85:CS85) -> 0.98295909 | CW85: 244 | CX85: =CX84+B85 -> 22815 | CY85: =CY84+C85 -> 19089 | CZ85: =CZ84+D85 -> 22841 | DA85: =DA84+E85 -> 430 | DB85: =DB84+F85 -> 2497 | DC85: =DC84+G85 -> 11336 | DD85: =DD84+H85 -> 10669 | DE85: =DE84+I85 -> 9414 | ... DP85: =DP84+T85 -> 28127 | DR85: =DR84+V85 -> 54947 | DS85: =DS84+W85 -> 2948 | DT85: =DT84+X85 -> 3618 | DU85: =DU84+Y85 -> 23635.447 | DV85: =DV84+Z85 -> 66716 | DW85: =DW84+AA85 -> 74479 | DX85: =DX84+AB85 -> 62692 | DY85: =DY84+AC85 -> 100441 | ... EQ85: =EQ84+AU85 -> 210303 | ER85: =AVERAGE(EH85:EQ85) -> 76529.64 | ES85: =AVERAGE(DB85:EQ85) -> 42282.743 | EV85: 244 | EW85: =CX85/CX$102 -> 0.99450765 | EX85: =CY85/CY$102 -> 0.99691874 | EY85: =CZ85/CZ$102 -> 0.99842637 | EZ85: =DA85/DA$102 -> 1 | FA85: =DB85/DB$102 -> 0.98891089 | FB85: =DC85/DC$102 -> 0.98317433 | FC85: =DD85/DD$102 -> 1 | FD85: =DE85/DE$102 -> 1 | ... FO85: =DP85/DP$102 -> 1 | FQ85: =DR85/DR$102 -> 0.95611547 | FR85: =DS85/DS$102 -> 1 | FS85: =DT85/DT$102 -> 0.98825458 | FT85: =DU85/DU$102 -> 0.98792031 | FU85: =DV85/DV$102 -> 0.95500938 | FV85: =DW85/DW$102 -> 0.9666446 | FW85: =DX85/DX$102 -> 0.95645806 | FX85: =DY85/DY$102 -> 0.99380609 | ... GP85: =EQ85/EQ$102 -> 1 | GQ85: =AVERAGE(GG85:GP85) -> 0.98747228 | GR85: =AVERAGE(FA85:GP85) -> 0.98295909
A86: 245 | B86: 32 | C86: 23 | D86: 7 | F86: 5 | G86: 17 | K86: 26 | M86: 72 | N86: 111 | O86: 86 | P86: 35 | Q86: 182 | R86: 207 | V86: 447 | X86: 3 | Y86: 51 | Z86: 967 | AA86: 127 | AB86: 252 | AC86: 626 | AD86: 490 | AE86: 32 | AF86: 6 | AG86: 80 | AH86: 53 | AI86: 57 | AJ86: 28 | AK86: 221 | AM86: 15 | AN86: 253 | AO86: 175 | AP86: 44 | AQ86: 150 | AR86: 251 | AS86: 100 | AT86: 776 | AV86: =AVERAGE(AL86:AU86) -> 220.5 | AW86: =AW85+AV86 -> 76827.4 | AY86: 245 | AZ86: =B86/B$104 -> 0.0013948825 | BA86: =C86/C$104 -> 0.0012011698 | BB86: =D86/D$104 -> 0.00030598418 | BC86: =E86/E$104 -> 0 | BD86: =F86/F$104 -> 0.001980198 | BE86: =G86/G$104 -> 0.0014744146 | BF86: =H86/H$104 -> 0 | BG86: =I86/I$104 -> 0 | ... BR86: =T86/T$104 -> 0 | BT86: =V86/V$104 -> 0.0077781065 | BU86: =W86/W$104 -> 0 | BV86: =X86/X$104 -> 0.00081944824 | BW86: =Y86/Y$104 -> 0.0021317107 | BX86: =Z86/Z$104 -> 0.013842168 | BY86: =AA86/AA$104 -> 0.0016483017 | BZ86: =AB86/AB$104 -> 0.0038446282 | CA86: =AC86/AC$104 -> 0.006193911 | ... CS86: =AU86/AU$104 -> 0 | CT86: =CT85+AVERAGE(CJ86:CS86) -> 0.98971563 | CU86: =CU85+AVERAGE(BD86:CS86) -> 0.98616137 | CW86: 245 | CX86: =CX85+B86 -> 22847 | CY86: =CY85+C86 -> 19112 | CZ86: =CZ85+D86 -> 22848 | DA86: =DA85+E86 -> 430 | DB86: =DB85+F86 -> 2502 | DC86: =DC85+G86 -> 11353 | DD86: =DD85+H86 -> 10669 | DE86: =DE85+I86 -> 9414 | ... DP86: =DP85+T86 -> 28127 | DR86: =DR85+V86 -> 55394 | DS86: =DS85+W86 -> 2948 | DT86: =DT85+X86 -> 3621 | DU86: =DU85+Y86 -> 23686.447 | DV86: =DV85+Z86 -> 67683 | DW86: =DW85+AA86 -> 74606 | DX86: =DX85+AB86 -> 62944 | DY86: =DY85+AC86 -> 101067 | ... EQ86: =EQ85+AU86 -> 210303 | ER86: =AVERAGE(EH86:EQ86) -> 76706.04 | ES86: =AVERAGE(DB86:EQ86) -> 42427.743 | EV86: 245 | EW86: =CX86/CX$102 -> 0.99590253 | EX86: =CY86/CY$102 -> 0.99811991 | EY86: =CZ86/CZ$102 -> 0.99873235 | EZ86: =DA86/DA$102 -> 1 | FA86: =DB86/DB$102 -> 0.99089109 | FB86: =DC86/DC$102 -> 0.98464874 | FC86: =DD86/DD$102 -> 1 | FD86: =DE86/DE$102 -> 1 | ... FO86: =DP86/DP$102 -> 1 | FQ86: =DR86/DR$102 -> 0.96389358 | FR86: =DS86/DS$102 -> 1 | FS86: =DT86/DT$102 -> 0.98907402 | FT86: =DU86/DU$102 -> 0.99005202 | FU86: =DV86/DV$102 -> 0.96885154 | FV86: =DW86/DW$102 -> 0.9682929 | FW86: =DX86/DX$102 -> 0.96030269 | FX86: =DY86/DY$102 -> 1 | ... GP86: =EQ86/EQ$102 -> 1 | GQ86: =AVERAGE(GG86:GP86) -> 0.98971563 | GR86: =AVERAGE(FA86:GP86) -> 0.98616137
A87: 246 | B87: 30 | C87: 10 | D87: 5 | F87: 12 | G87: 8 | K87: 34 | M87: 42 | N87: 207 | O87: 183 | P87: 25 | Q87: 77 | R87: 69 | V87: 111 | X87: 2 | Y87: 29 | Z87: 236 | AA87: 119 | AB87: 400 | AD87: 349 | AE87: 17 | AF87: 41 | AG87: 18 | AH87: 96 | AI87: 104 | AJ87: 62 | AK87: 126 | AM87: 105 | AN87: 371 | AO87: 120 | AP87: 29 | AQ87: 171 | AR87: 412 | AS87: 44 | AT87: 776 | AV87: =AVERAGE(AL87:AU87) -> 253.5 | AW87: =AW86+AV87 -> 77080.9 | AY87: 246 | AZ87: =B87/B$104 -> 0.0013077024 | BA87: =C87/C$104 -> 0.00052224775 | BB87: =D87/D$104 -> 0.00021856013 | BC87: =E87/E$104 -> 0 | BD87: =F87/F$104 -> 0.0047524752 | BE87: =G87/G$104 -> 0.00069384215 | BF87: =H87/H$104 -> 0 | BG87: =I87/I$104 -> 0 | ... BR87: =T87/T$104 -> 0 | BT87: =V87/V$104 -> 0.0019314761 | BU87: =W87/W$104 -> 0 | BV87: =X87/X$104 -> 0.00054629883 | BW87: =Y87/Y$104 -> 0.0012121492 | BX87: =Z87/Z$104 -> 0.0033782333 | BY87: =AA87/AA$104 -> 0.0015444717 | BZ87: =AB87/AB$104 -> 0.0061025844 | CA87: =AC87/AC$104 -> 0 | ... CS87: =AU87/AU$104 -> 0 | CT87: =CT86+AVERAGE(CJ87:CS87) -> 0.99272361 | CU87: =CU86+AVERAGE(BD87:CS87) -> 0.98914089 | CW87: 246 | CX87: =CX86+B87 -> 22877 | CY87: =CY86+C87 -> 19122 | CZ87: =CZ86+D87 -> 22853 | DA87: =DA86+E87 -> 430 | DB87: =DB86+F87 -> 2514 | DC87: =DC86+G87 -> 11361 | DD87: =DD86+H87 -> 10669 | DE87: =DE86+I87 -> 9414 | ... DP87: =DP86+T87 -> 28127 | DR87: =DR86+V87 -> 55505 | DS87: =DS86+W87 -> 2948 | DT87: =DT86+X87 -> 3623 | DU87: =DU86+Y87 -> 23715.447 | DV87: =DV86+Z87 -> 67919 | DW87: =DW86+AA87 -> 74725 | DX87: =DX86+AB87 -> 63344 | DY87: =DY86+AC87 -> 101067 | ... EQ87: =EQ86+AU87 -> 210303 | ER87: =AVERAGE(EH87:EQ87) -> 76908.84 | ES87: =AVERAGE(DB87:EQ87) -> 42534.938 | EV87: 246 | EW87: =CX87/CX$102 -> 0.99721023 | EX87: =CY87/CY$102 -> 0.99864216 | EY87: =CZ87/CZ$102 -> 0.99895091 | EZ87: =DA87/DA$102 -> 1 | FA87: =DB87/DB$102 -> 0.99564356 | FB87: =DC87/DC$102 -> 0.98534258 | FC87: =DD87/DD$102 -> 1 | FD87: =DE87/DE$102 -> 1 | ... FO87: =DP87/DP$102 -> 1 | FQ87: =DR87/DR$102 -> 0.96582505 | FR87: =DS87/DS$102 -> 1 | FS87: =DT87/DT$102 -> 0.98962032 | FT87: =DU87/DU$102 -> 0.99126417 | FU87: =DV87/DV$102 -> 0.97222978 | FV87: =DW87/DW$102 -> 0.96983738 | FW87: =DX87/DX$102 -> 0.96640527 | FX87: =DY87/DY$102 -> 1 | ... GP87: =EQ87/EQ$102 -> 1 | GQ87: =AVERAGE(GG87:GP87) -> 0.99272361 | GR87: =AVERAGE(FA87:GP87) -> 0.98914089
A88: 247 | B88: 14 | C88: 6 | D88: 18 | F88: 4 | G88: 25 | K88: 27 | M88: 70 | N88: 176 | O88: 82 | P88: 98 | Q88: 108 | V88: 762 | X88: 6 | Y88: 22 | Z88: 81 | AA88: 486 | AB88: 598 | AD88: 304 | AE88: 6 | AF88: 63 | AG88: 37 | AH88: 46 | AI88: 4 | AJ88: 103 | AM88: 20 | AN88: 122 | AO88: 126 | AP88: 417 | AQ88: 174 | AR88: 313 | AS88: 209 | AT88: 475 | AV88: =AVERAGE(AL88:AU88) -> 232 | AW88: =AW87+AV88 -> 77312.9 | AY88: 247 | AZ88: =B88/B$104 -> 0.0006102611 | BA88: =C88/C$104 -> 0.00031334865 | BB88: =D88/D$104 -> 0.00078681645 | BC88: =E88/E$104 -> 0 | BD88: =F88/F$104 -> 0.0015841584 | BE88: =G88/G$104 -> 0.0021682567 | BF88: =H88/H$104 -> 0 | BG88: =I88/I$104 -> 0 | ... BR88: =T88/T$104 -> 0 | BT88: =V88/V$104 -> 0.013259322 | BU88: =W88/W$104 -> 0 | BV88: =X88/X$104 -> 0.0016388965 | BW88: =Y88/Y$104 -> 0.00091956147 | BX88: =Z88/Z$104 -> 0.0011594784 | BY88: =AA88/AA$104 -> 0.0063076743 | BZ88: =AB88/AB$104 -> 0.0091233637 | CA88: =AC88/AC$104 -> 0 | ... CS88: =AU88/AU$104 -> 0 | CT88: =CT87+AVERAGE(CJ88:CS88) -> 0.99540837 | CU88: =CU87+AVERAGE(BD88:CS88) -> 0.99191054 | CW88: 247 | CX88: =CX87+B88 -> 22891 | CY88: =CY87+C88 -> 19128 | CZ88: =CZ87+D88 -> 22871 | DA88: =DA87+E88 -> 430 | DB88: =DB87+F88 -> 2518 | DC88: =DC87+G88 -> 11386 | DD88: =DD87+H88 -> 10669 | DE88: =DE87+I88 -> 9414 | ... DP88: =DP87+T88 -> 28127 | DR88: =DR87+V88 -> 56267 | DS88: =DS87+W88 -> 2948 | DT88: =DT87+X88 -> 3629 | DU88: =DU87+Y88 -> 23737.447 | DV88: =DV87+Z88 -> 68000 | DW88: =DW87+AA88 -> 75211 | DX88: =DX87+AB88 -> 63942 | DY88: =DY87+AC88 -> 101067 | ... EQ88: =EQ87+AU88 -> 210303 | ER88: =AVERAGE(EH88:EQ88) -> 77094.44 | ES88: =AVERAGE(DB88:EQ88) -> 42656.011 | EV88: 247 | EW88: =CX88/CX$102 -> 0.9978205 | EX88: =CY88/CY$102 -> 0.9989555 | EY88: =CZ88/CZ$102 -> 0.99973773 | EZ88: =DA88/DA$102 -> 1 | FA88: =DB88/DB$102 -> 0.99722772 | FB88: =DC88/DC$102 -> 0.98751084 | FC88: =DD88/DD$102 -> 1 | FD88: =DE88/DE$102 -> 1 | ... FO88: =DP88/DP$102 -> 1 | FQ88: =DR88/DR$102 -> 0.97908438 | FR88: =DS88/DS$102 -> 1 | FS88: =DT88/DT$102 -> 0.99125922 | FT88: =DU88/DU$102 -> 0.99218373 | FU88: =DV88/DV$102 -> 0.97338926 | FV88: =DW88/DW$102 -> 0.97614505 | FW88: =DX88/DX$102 -> 0.97552864 | FX88: =DY88/DY$102 -> 1 | ... GP88: =EQ88/EQ$102 -> 1 | GQ88: =AVERAGE(GG88:GP88) -> 0.99540837 | GR88: =AVERAGE(FA88:GP88) -> 0.99191054
A89: 248 | B89: 15 | C89: 20 | D89: 6 | F89: 1 | G89: 27 | K89: 26 | M89: 79 | N89: 64 | O89: 48 | V89: 358 | X89: 16 | Y89: 21 | Z89: 233 | AA89: 142 | AB89: 200 | AD89: 373 | AE89: 22 | AF89: 68 | AG89: 158 | AH89: 13 | AI89: 10 | AJ89: 38 | AM89: 31 | AN89: 307 | AP89: 65 | AQ89: 57 | AS89: 6 | AT89: 797 | AV89: =AVERAGE(AL89:AU89) -> 210.5 | AW89: =AW88+AV89 -> 77523.4 | AY89: 248 | AZ89: =B89/B$104 -> 0.00065385118 | BA89: =C89/C$104 -> 0.0010444955 | BB89: =D89/D$104 -> 0.00026227215 | BC89: =E89/E$104 -> 0 | BD89: =F89/F$104 -> 0.0003960396 | BE89: =G89/G$104 -> 0.0023417173 | BF89: =H89/H$104 -> 0 | BG89: =I89/I$104 -> 0 | ... BR89: =T89/T$104 -> 0 | BT89: =V89/V$104 -> 0.0062294454 | BU89: =W89/W$104 -> 0 | BV89: =X89/X$104 -> 0.0043703906 | BW89: =Y89/Y$104 -> 0.00087776322 | BX89: =Z89/Z$104 -> 0.0033352897 | BY89: =AA89/AA$104 -> 0.001842983 | BZ89: =AB89/AB$104 -> 0.0030512922 | CA89: =AC89/AC$104 -> 0 | ... CS89: =AU89/AU$104 -> 0 | CT89: =CT88+AVERAGE(CJ89:CS89) -> 0.99687456 | CU89: =CU88+AVERAGE(BD89:CS89) -> 0.99391529 | CW89: 248 | CX89: =CX88+B89 -> 22906 | CY89: =CY88+C89 -> 19148 | CZ89: =CZ88+D89 -> 22877 | DA89: =DA88+E89 -> 430 | DB89: =DB88+F89 -> 2519 | DC89: =DC88+G89 -> 11413 | DD89: =DD88+H89 -> 10669 | DE89: =DE88+I89 -> 9414 | ... DP89: =DP88+T89 -> 28127 | DR89: =DR88+V89 -> 56625 | DS89: =DS88+W89 -> 2948 | DT89: =DT88+X89 -> 3645 | DU89: =DU88+Y89 -> 23758.447 | DV89: =DV88+Z89 -> 68233 | DW89: =DW88+AA89 -> 75353 | DX89: =DX88+AB89 -> 64142 | DY89: =DY88+AC89 -> 101067 | ... EQ89: =EQ88+AU89 -> 210303 | ER89: =AVERAGE(EH89:EQ89) -> 77220.74 | ES89: =AVERAGE(DB89:EQ89) -> 42733.085 | EV89: 248 | EW89: =CX89/CX$102 -> 0.99847435 | EX89: =CY89/CY$102 -> 1 | EY89: =CZ89/CZ$102 -> 1 | EZ89: =DA89/DA$102 -> 1 | FA89: =DB89/DB$102 -> 0.99762376 | FB89: =DC89/DC$102 -> 0.98985256 | FC89: =DD89/DD$102 -> 1 | FD89: =DE89/DE$102 -> 1 | ... FO89: =DP89/DP$102 -> 1 | FQ89: =DR89/DR$102 -> 0.98531382 | FR89: =DS89/DS$102 -> 1 | FS89: =DT89/DT$102 -> 0.99562961 | FT89: =DU89/DU$102 -> 0.99306149 | FU89: =DV89/DV$102 -> 0.97672455 | FV89: =DW89/DW$102 -> 0.97798803 | FW89: =DX89/DX$102 -> 0.97857993 | FX89: =DY89/DY$102 -> 1 | ... GP89: =EQ89/EQ$102 -> 1 | GQ89: =AVERAGE(GG89:GP89) -> 0.99687456 | GR89: =AVERAGE(FA89:GP89) -> 0.99391529
A90: 249 | B90: 23 | D90: 0 | F90: 1 | G90: 25 | K90: 7 | M90: 21 | O90: 3 | V90: 251 | X90: 7 | Y90: 68 | Z90: 175 | AA90: 397 | AB90: 321 | AD90: 377 | AE90: 44 | AF90: 12 | AG90: 66 | AH90: 76 | AM90: 12 | AN90: 244 | AP90: 3 | AQ90: 136 | AV90: =AVERAGE(AL90:AU90) -> 98.75 | AW90: =AW89+AV90 -> 77622.15 | AY90: 249 | AZ90: =B90/B$104 -> 0.0010025718 | BA90: =C90/C$104 -> 0 | BB90: =D90/D$104 -> 0 | BC90: =E90/E$104 -> 0 | BD90: =F90/F$104 -> 0.0003960396 | BE90: =G90/G$104 -> 0.0021682567 | BF90: =H90/H$104 -> 0 | BG90: =I90/I$104 -> 0 | ... BR90: =T90/T$104 -> 0 | BT90: =V90/V$104 -> 0.0043675721 | BU90: =W90/W$104 -> 0 | BV90: =X90/X$104 -> 0.0019120459 | BW90: =Y90/Y$104 -> 0.0028422809 | BX90: =Z90/Z$104 -> 0.0025050459 | BY90: =AA90/AA$104 -> 0.0051525653 | BZ90: =AB90/AB$104 -> 0.004897324 | CA90: =AC90/AC$104 -> 0 | ... CS90: =AU90/AU$104 -> 0 | CT90: =CT89+AVERAGE(CJ90:CS90) -> 0.99770268 | CU90: =CU89+AVERAGE(BD90:CS90) -> 0.99525831 | CW90: 249 | CX90: =CX89+B90 -> 22929 | CY90: =CY89+C90 -> 19148 | CZ90: =CZ89+D90 -> 22877 | DA90: =DA89+E90 -> 430 | DB90: =DB89+F90 -> 2520 | DC90: =DC89+G90 -> 11438 | DD90: =DD89+H90 -> 10669 | DE90: =DE89+I90 -> 9414 | ... DP90: =DP89+T90 -> 28127 | DR90: =DR89+V90 -> 56876 | DS90: =DS89+W90 -> 2948 | DT90: =DT89+X90 -> 3652 | DU90: =DU89+Y90 -> 23826.447 | DV90: =DV89+Z90 -> 68408 | DW90: =DW89+AA90 -> 75750 | DX90: =DX89+AB90 -> 64463 | DY90: =DY89+AC90 -> 101067 | ... EQ90: =EQ89+AU90 -> 210303 | ER90: =AVERAGE(EH90:EQ90) -> 77260.24 | ES90: =AVERAGE(DB90:EQ90) -> 42787.865 | EV90: 249 | EW90: =CX90/CX$102 -> 0.99947692 | EX90: =CY90/CY$102 -> 1 | EY90: =CZ90/CZ$102 -> 1 | EZ90: =DA90/DA$102 -> 1 | FA90: =DB90/DB$102 -> 0.9980198 | FB90: =DC90/DC$102 -> 0.99202082 | FC90: =DD90/DD$102 -> 1 | FD90: =DE90/DE$102 -> 1 | ... FO90: =DP90/DP$102 -> 1 | FQ90: =DR90/DR$102 -> 0.98968139 | FR90: =DS90/DS$102 -> 1 | FS90: =DT90/DT$102 -> 0.99754166 | FT90: =DU90/DU$102 -> 0.99590377 | FU90: =DV90/DV$102 -> 0.97922959 | FV90: =DW90/DW$102 -> 0.9831406 | FW90: =DX90/DX$102 -> 0.98347725 | FX90: =DY90/DY$102 -> 1 | ... GP90: =EQ90/EQ$102 -> 1 | GQ90: =AVERAGE(GG90:GP90) -> 0.99770268 | GR90: =AVERAGE(FA90:GP90) -> 0.99525831
A91: 250 | B91: 0 | F91: 0 | G91: 18 | K91: 12 | M91: 253 | V91: 57 | X91: 0 | Y91: 39 | Z91: 405 | AA91: 683 | AB91: 188 | AD91: 287 | AE91: 18 | AF91: 13 | AG91: 24 | AH91: 56 | AM91: 32 | AN91: 224 | AP91: 113 | AQ91: 91 | AV91: =AVERAGE(AL91:AU91) -> 115 | AW91: =AW90+AV91 -> 77737.15 | AY91: 250 | AZ91: =B91/B$104 -> 0 | BA91: =C91/C$104 -> 0 | BB91: =D91/D$104 -> 0 | BC91: =E91/E$104 -> 0 | BD91: =F91/F$104 -> 0 | BE91: =G91/G$104 -> 0.0015611448 | BF91: =H91/H$104 -> 0 | BG91: =I91/I$104 -> 0 | ... BR91: =T91/T$104 -> 0 | BT91: =V91/V$104 -> 0.00099183908 | BU91: =W91/W$104 -> 0 | BV91: =X91/X$104 -> 0 | BW91: =Y91/Y$104 -> 0.0016301317 | BX91: =Z91/Z$104 -> 0.0057973919 | BY91: =AA91/AA$104 -> 0.0088644888 | BZ91: =AB91/AB$104 -> 0.0028682147 | CA91: =AC91/AC$104 -> 0 | ... CS91: =AU91/AU$104 -> 0 | CT91: =CT90+AVERAGE(CJ91:CS91) -> 0.9986605 | CU91: =CU90+AVERAGE(BD91:CS91) -> 0.99653073 | CW91: 250 | CX91: =CX90+B91 -> 22929 | CY91: =CY90+C91 -> 19148 | CZ91: =CZ90+D91 -> 22877 | DA91: =DA90+E91 -> 430 | DB91: =DB90+F91 -> 2520 | DC91: =DC90+G91 -> 11456 | DD91: =DD90+H91 -> 10669 | DE91: =DE90+I91 -> 9414 | ... DP91: =DP90+T91 -> 28127 | DR91: =DR90+V91 -> 56933 | DS91: =DS90+W91 -> 2948 | DT91: =DT90+X91 -> 3652 | DU91: =DU90+Y91 -> 23865.447 | DV91: =DV90+Z91 -> 68813 | DW91: =DW90+AA91 -> 76433 | DX91: =DX90+AB91 -> 64651 | DY91: =DY90+AC91 -> 101067 | ... EQ91: =EQ90+AU91 -> 210303 | ER91: =AVERAGE(EH91:EQ91) -> 77306.24 | ES91: =AVERAGE(DB91:EQ91) -> 42849.158 | EV91: 250 | EW91: =CX91/CX$102 -> 0.99947692 | EX91: =CY91/CY$102 -> 1 | EY91: =CZ91/CZ$102 -> 1 | EZ91: =DA91/DA$102 -> 1 | FA91: =DB91/DB$102 -> 0.9980198 | FB91: =DC91/DC$102 -> 0.99358196 | FC91: =DD91/DD$102 -> 1 | FD91: =DE91/DE$102 -> 1 | ... FO91: =DP91/DP$102 -> 1 | FQ91: =DR91/DR$102 -> 0.99067323 | FR91: =DS91/DS$102 -> 1 | FS91: =DT91/DT$102 -> 0.99754166 | FT91: =DU91/DU$102 -> 0.9975339 | FU91: =DV91/DV$102 -> 0.98502698 | FV91: =DW91/DW$102 -> 0.99200509 | FW91: =DX91/DX$102 -> 0.98634547 | FX91: =DY91/DY$102 -> 1 | ... GP91: =EQ91/EQ$102 -> 1 | GQ91: =AVERAGE(GG91:GP91) -> 0.9986605 | GR91: =AVERAGE(FA91:GP91) -> 0.99653073
A92: 251 | B92: 4 | F92: 0 | G92: 21 | K92: 5 | M92: 7 | V92: 178 | X92: 4 | Y92: 20 | Z92: 354 | AA92: 239 | AB92: 146 | AD92: 505 | AE92: 5 | AF92: 17 | AG92: 12 | AH92: 14 | AN92: 256 | AP92: 80 | AQ92: 58 | AV92: =AVERAGE(AL92:AU92) -> 131.33333 | AW92: =AW91+AV92 -> 77868.484 | AY92: 251 | AZ92: =B92/B$104 -> 0.00017436032 | BA92: =C92/C$104 -> 0 | BB92: =D92/D$104 -> 0 | BC92: =E92/E$104 -> 0 | BD92: =F92/F$104 -> 0 | BE92: =G92/G$104 -> 0.0018213356 | BF92: =H92/H$104 -> 0 | BG92: =I92/I$104 -> 0 | ... BR92: =T92/T$104 -> 0 | BT92: =V92/V$104 -> 0.003097322 | BU92: =W92/W$104 -> 0 | BV92: =X92/X$104 -> 0.0010925977 | BW92: =Y92/Y$104 -> 0.00083596497 | BX92: =Z92/Z$104 -> 0.0050673499 | BY92: =AA92/AA$104 -> 0.0031019222 | BZ92: =AB92/AB$104 -> 0.0022274433 | CA92: =AC92/AC$104 -> 0 | ... CS92: =AU92/AU$104 -> 0 | CT92: =CT91+AVERAGE(CJ92:CS92) -> 0.99939845 | CU92: =CU91+AVERAGE(BD92:CS92) -> 0.99746057 | CW92: 251 | CX92: =CX91+B92 -> 22933 | CY92: =CY91+C92 -> 19148 | CZ92: =CZ91+D92 -> 22877 | DA92: =DA91+E92 -> 430 | DB92: =DB91+F92 -> 2520 | DC92: =DC91+G92 -> 11477 | DD92: =DD91+H92 -> 10669 | DE92: =DE91+I92 -> 9414 | ... DP92: =DP91+T92 -> 28127 | DR92: =DR91+V92 -> 57111 | DS92: =DS91+W92 -> 2948 | DT92: =DT91+X92 -> 3656 | DU92: =DU91+Y92 -> 23885.447 | DV92: =DV91+Z92 -> 69167 | DW92: =DW91+AA92 -> 76672 | DX92: =DX91+AB92 -> 64797 | DY92: =DY91+AC92 -> 101067 | ... EQ92: =EQ91+AU92 -> 210303 | ER92: =AVERAGE(EH92:EQ92) -> 77345.64 | ES92: =AVERAGE(DB92:EQ92) -> 42896.011 | EV92: 251 | EW92: =CX92/CX$102 -> 0.99965128 | EX92: =CY92/CY$102 -> 1 | EY92: =CZ92/CZ$102 -> 1 | EZ92: =DA92/DA$102 -> 1 | FA92: =DB92/DB$102 -> 0.9980198 | FB92: =DC92/DC$102 -> 0.9954033 | FC92: =DD92/DD$102 -> 1 | FD92: =DE92/DE$102 -> 1 | ... FO92: =DP92/DP$102 -> 1 | FQ92: =DR92/DR$102 -> 0.99377055 | FR92: =DS92/DS$102 -> 1 | FS92: =DT92/DT$102 -> 0.99863425 | FT92: =DU92/DU$102 -> 0.99836987 | FU92: =DV92/DV$102 -> 0.99009433 | FV92: =DW92/DW$102 -> 0.99510701 | FW92: =DX92/DX$102 -> 0.98857291 | FX92: =DY92/DY$102 -> 1 | ... GP92: =EQ92/EQ$102 -> 1 | GQ92: =AVERAGE(GG92:GP92) -> 0.99939845 | GR92: =AVERAGE(FA92:GP92) -> 0.99746057
A93: 252 | B93: 5 | F93: 2 | G93: 12 | K93: 24 | M93: 8 | V93: 358 | X93: 2 | Y93: 13 | Z93: 159 | AA93: 95 | AB93: 81 | AD93: 236 | AE93: 6 | AF93: 31 | AG93: 80 | AN93: 54 | AP93: 28 | AV93: =AVERAGE(AL93:AU93) -> 41 | AW93: =AW92+AV93 -> 77909.484 | AY93: 252 | AZ93: =B93/B$104 -> 0.00021795039 | BA93: =C93/C$104 -> 0 | BB93: =D93/D$104 -> 0 | BC93: =E93/E$104 -> 0 | BD93: =F93/F$104 -> 0.00079207921 | BE93: =G93/G$104 -> 0.0010407632 | BF93: =H93/H$104 -> 0 | BG93: =I93/I$104 -> 0 | ... BR93: =T93/T$104 -> 0 | BT93: =V93/V$104 -> 0.0062294454 | BU93: =W93/W$104 -> 0 | BV93: =X93/X$104 -> 0.00054629883 | BW93: =Y93/Y$104 -> 0.00054337723 | BX93: =Z93/Z$104 -> 0.0022760131 | BY93: =AA93/AA$104 -> 0.0012329816 | BZ93: =AB93/AB$104 -> 0.0012357734 | CA93: =AC93/AC$104 -> 0 | ... CS93: =AU93/AU$104 -> 0 | CT93: =CT92+AVERAGE(CJ93:CS93) -> 0.9995433 | CU93: =CU92+AVERAGE(BD93:CS93) -> 0.99842352 | CW93: 252 | CX93: =CX92+B93 -> 22938 | CY93: =CY92+C93 -> 19148 | CZ93: =CZ92+D93 -> 22877 | DA93: =DA92+E93 -> 430 | DB93: =DB92+F93 -> 2522 | DC93: =DC92+G93 -> 11489 | DD93: =DD92+H93 -> 10669 | DE93: =DE92+I93 -> 9414 | ... DP93: =DP92+T93 -> 28127 | DR93: =DR92+V93 -> 57469 | DS93: =DS92+W93 -> 2948 | DT93: =DT92+X93 -> 3658 | DU93: =DU92+Y93 -> 23898.447 | DV93: =DV92+Z93 -> 69326 | DW93: =DW92+AA93 -> 76767 | DX93: =DX92+AB93 -> 64878 | DY93: =DY92+AC93 -> 101067 | ... EQ93: =EQ92+AU93 -> 210303 | ER93: =AVERAGE(EH93:EQ93) -> 77353.84 | ES93: =AVERAGE(DB93:EQ93) -> 42925.011 | EV93: 252 | EW93: =CX93/CX$102 -> 0.99986923 | EX93: =CY93/CY$102 -> 1 | EY93: =CZ93/CZ$102 -> 1 | EZ93: =DA93/DA$102 -> 1 | FA93: =DB93/DB$102 -> 0.99881188 | FB93: =DC93/DC$102 -> 0.99644406 | FC93: =DD93/DD$102 -> 1 | FD93: =DE93/DE$102 -> 1 | ... FO93: =DP93/DP$102 -> 1 | FQ93: =DR93/DR$102 -> 1 | FR93: =DS93/DS$102 -> 1 | FS93: =DT93/DT$102 -> 0.99918055 | FT93: =DU93/DU$102 -> 0.99891325 | FU93: =DV93/DV$102 -> 0.99237035 | FV93: =DW93/DW$102 -> 0.99633999 | FW93: =DX93/DX$102 -> 0.98980868 | FX93: =DY93/DY$102 -> 1 | ... GP93: =EQ93/EQ$102 -> 1 | GQ93: =AVERAGE(GG93:GP93) -> 0.9995433 | GR93: =AVERAGE(FA93:GP93) -> 0.99842352
A94: 253 | B94: 0 | F94: 0 | G94: 11 | K94: 6 | M94: 3 | X94: 0 | Y94: 26 | Z94: 59 | AA94: 131 | AB94: 290 | AD94: 161 | AE94: 6 | AF94: 7 | AN94: 253 | AV94: =AVERAGE(AL94:AU94) -> 253 | AW94: =AW93+AV94 -> 78162.484 | AY94: 253 | AZ94: =B94/B$104 -> 0 | BA94: =C94/C$104 -> 0 | BB94: =D94/D$104 -> 0 | BC94: =E94/E$104 -> 0 | BD94: =F94/F$104 -> 0 | BE94: =G94/G$104 -> 0.00095403296 | BF94: =H94/H$104 -> 0 | BG94: =I94/I$104 -> 0 | ... BR94: =T94/T$104 -> 0 | BT94: =V94/V$104 -> 0 | BU94: =W94/W$104 -> 0 | BV94: =X94/X$104 -> 0 | BW94: =Y94/Y$104 -> 0.0010867545 | BX94: =Z94/Z$104 -> 0.00084455832 | BY94: =AA94/AA$104 -> 0.0017002167 | BZ94: =AB94/AB$104 -> 0.0044243737 | CA94: =AC94/AC$104 -> 0 | ... CS94: =AU94/AU$104 -> 0 | CT94: =CT93+AVERAGE(CJ94:CS94) -> 1 | CU94: =CU93+AVERAGE(BD94:CS94) -> 0.99892031 | CW94: 253 | CX94: =CX93+B94 -> 22938 | CY94: =CY93+C94 -> 19148 | CZ94: =CZ93+D94 -> 22877 | DA94: =DA93+E94 -> 430 | DB94: =DB93+F94 -> 2522 | DC94: =DC93+G94 -> 11500 | DD94: =DD93+H94 -> 10669 | DE94: =DE93+I94 -> 9414 | ... DP94: =DP93+T94 -> 28127 | DR94: =DR93+V94 -> 57469 | DS94: =DS93+W94 -> 2948 | DT94: =DT93+X94 -> 3658 | DU94: =DU93+Y94 -> 23924.447 | DV94: =DV93+Z94 -> 69385 | DW94: =DW93+AA94 -> 76898 | DX94: =DX93+AB94 -> 65168 | DY94: =DY93+AC94 -> 101067 | ... EQ94: =EQ93+AU94 -> 210303 | ER94: =AVERAGE(EH94:EQ94) -> 77379.14 | ES94: =AVERAGE(DB94:EQ94) -> 42948.255 | EV94: 253 | EW94: =CX94/CX$102 -> 0.99986923 | EX94: =CY94/CY$102 -> 1 | EY94: =CZ94/CZ$102 -> 1 | EZ94: =DA94/DA$102 -> 1 | FA94: =DB94/DB$102 -> 0.99881188 | FB94: =DC94/DC$102 -> 0.99739809 | FC94: =DD94/DD$102 -> 1 | FD94: =DE94/DE$102 -> 1 | ... FO94: =DP94/DP$102 -> 1 | FQ94: =DR94/DR$102 -> 1 | FR94: =DS94/DS$102 -> 1 | FS94: =DT94/DT$102 -> 0.99918055 | FT94: =DU94/DU$102 -> 1 | FU94: =DV94/DV$102 -> 0.9932149 | FV94: =DW94/DW$102 -> 0.99804021 | FW94: =DX94/DX$102 -> 0.99423306 | FX94: =DY94/DY$102 -> 1 | ... GP94: =EQ94/EQ$102 -> 1 | GQ94: =AVERAGE(GG94:GP94) -> 1 | GR94: =AVERAGE(FA94:GP94) -> 0.99892031
A95: 254 | B95: 0 | F95: 0 | G95: 5 | K95: 7 | M95: 14 | X95: 2 | Z95: 129 | AA95: 151 | AB95: 157 | AD95: 311 | AY95: 254 | AZ95: =B95/B$104 -> 0 | BA95: =C95/C$104 -> 0 | BB95: =D95/D$104 -> 0 | BC95: =E95/E$104 -> 0 | BD95: =F95/F$104 -> 0 | BE95: =G95/G$104 -> 0.00043365134 | BF95: =H95/H$104 -> 0 | BG95: =I95/I$104 -> 0 | ... BR95: =T95/T$104 -> 0 | BT95: =V95/V$104 -> 0 | BU95: =W95/W$104 -> 0 | BV95: =X95/X$104 -> 0.00054629883 | BW95: =Y95/Y$104 -> 0 | BX95: =Z95/Z$104 -> 0.0018465767 | BY95: =AA95/AA$104 -> 0.0019597918 | BZ95: =AB95/AB$104 -> 0.0023952644 | CA95: =AC95/AC$104 -> 0 | ... CS95: =AU95/AU$104 -> 0 | CT95: =CT94+AVERAGE(CJ95:CS95) -> 1 | CU95: =CU94+AVERAGE(BD95:CS95) -> 0.99930432 | CW95: 254 | CX95: =CX94+B95 -> 22938 | CY95: =CY94+C95 -> 19148 | CZ95: =CZ94+D95 -> 22877 | DA95: =DA94+E95 -> 430 | DB95: =DB94+F95 -> 2522 | DC95: =DC94+G95 -> 11505 | DD95: =DD94+H95 -> 10669 | DE95: =DE94+I95 -> 9414 | ... DP95: =DP94+T95 -> 28127 | DR95: =DR94+V95 -> 57469 | DS95: =DS94+W95 -> 2948 | DT95: =DT94+X95 -> 3660 | DU95: =DU94+Y95 -> 23924.447 | DV95: =DV94+Z95 -> 69514 | DW95: =DW94+AA95 -> 77049 | DX95: =DX94+AB95 -> 65325 | DY95: =DY94+AC95 -> 101067 | ... EQ95: =EQ94+AU95 -> 210303 | ER95: =AVERAGE(EH95:EQ95) -> 77379.14 | ES95: =AVERAGE(DB95:EQ95) -> 42967.182 | EV95: 254 | EW95: =CX95/CX$102 -> 0.99986923 | EX95: =CY95/CY$102 -> 1 | EY95: =CZ95/CZ$102 -> 1 | EZ95: =DA95/DA$102 -> 1 | FA95: =DB95/DB$102 -> 0.99881188 | FB95: =DC95/DC$102 -> 0.99783174 | FC95: =DD95/DD$102 -> 1 | FD95: =DE95/DE$102 -> 1 | ... FO95: =DP95/DP$102 -> 1 | FQ95: =DR95/DR$102 -> 1 | FR95: =DS95/DS$102 -> 1 | FS95: =DT95/DT$102 -> 0.99972685 | FT95: =DU95/DU$102 -> 1 | FU95: =DV95/DV$102 -> 0.99506148 | FV95: =DW95/DW$102 -> 1 | FW95: =DX95/DX$102 -> 0.99662832 | FX95: =DY95/DY$102 -> 1 | ... GP95: =EQ95/EQ$102 -> 1 | GQ95: =AVERAGE(GG95:GP95) -> 1 | GR95: =AVERAGE(FA95:GP95) -> 0.99930432
A96: 255 | B96: 0 | F96: 1 | G96: 3 | K96: 3 | M96: 36 | X96: 1 | Z96: 40 | AB96: 89 | AD96: 257 | AY96: 255 | AZ96: =B96/B$104 -> 0 | BA96: =C96/C$104 -> 0 | BB96: =D96/D$104 -> 0 | BC96: =E96/E$104 -> 0 | BD96: =F96/F$104 -> 0.0003960396 | BE96: =G96/G$104 -> 0.00026019081 | BF96: =H96/H$104 -> 0 | BG96: =I96/I$104 -> 0 | ... BR96: =T96/T$104 -> 0 | BT96: =V96/V$104 -> 0 | BU96: =W96/W$104 -> 0 | BV96: =X96/X$104 -> 0.00027314941 | BW96: =Y96/Y$104 -> 0 | BX96: =Z96/Z$104 -> 0.00057258192 | BY96: =AA96/AA$104 -> 0 | BZ96: =AB96/AB$104 -> 0.001357825 | CA96: =AC96/AC$104 -> 0 | ... CS96: =AU96/AU$104 -> 0 | CT96: =CT95+AVERAGE(CJ96:CS96) -> 1 | CU96: =CU95+AVERAGE(BD96:CS96) -> 0.9995189 | CW96: 255 | CX96: =CX95+B96 -> 22938 | CY96: =CY95+C96 -> 19148 | CZ96: =CZ95+D96 -> 22877 | DA96: =DA95+E96 -> 430 | DB96: =DB95+F96 -> 2523 | DC96: =DC95+G96 -> 11508 | DD96: =DD95+H96 -> 10669 | DE96: =DE95+I96 -> 9414 | ... DP96: =DP95+T96 -> 28127 | DR96: =DR95+V96 -> 57469 | DS96: =DS95+W96 -> 2948 | DT96: =DT95+X96 -> 3661 | DU96: =DU95+Y96 -> 23924.447 | DV96: =DV95+Z96 -> 69554 | DW96: =DW95+AA96 -> 77049 | DX96: =DX95+AB96 -> 65414 | DY96: =DY95+AC96 -> 101067 | ... EQ96: =EQ95+AU96 -> 210303 | ER96: =AVERAGE(EH96:EQ96) -> 77379.14 | ES96: =AVERAGE(DB96:EQ96) -> 42977.67 | EV96: 255 | EW96: =CX96/CX$102 -> 0.99986923 | EX96: =CY96/CY$102 -> 1 | EY96: =CZ96/CZ$102 -> 1 | EZ96: =DA96/DA$102 -> 1 | FA96: =DB96/DB$102 -> 0.99920792 | FB96: =DC96/DC$102 -> 0.99809193 | FC96: =DD96/DD$102 -> 1 | FD96: =DE96/DE$102 -> 1 | ... FO96: =DP96/DP$102 -> 1 | FQ96: =DR96/DR$102 -> 1 | FR96: =DS96/DS$102 -> 1 | FS96: =DT96/DT$102 -> 1 | FT96: =DU96/DU$102 -> 1 | FU96: =DV96/DV$102 -> 0.99563406 | FV96: =DW96/DW$102 -> 1 | FW96: =DX96/DX$102 -> 0.99798615 | FX96: =DY96/DY$102 -> 1 | ... GP96: =EQ96/EQ$102 -> 1 | GQ96: =AVERAGE(GG96:GP96) -> 1 | GR96: =AVERAGE(FA96:GP96) -> 0.9995189
A97: 256 | B97: 0 | F97: 1 | G97: 5 | K97: 1 | M97: 7 | X97: 0 | Z97: 55 | AB97: 96 | AY97: 256 | AZ97: =B97/B$104 -> 0 | BA97: =C97/C$104 -> 0 | BB97: =D97/D$104 -> 0 | BC97: =E97/E$104 -> 0 | BD97: =F97/F$104 -> 0.0003960396 | BE97: =G97/G$104 -> 0.00043365134 | BF97: =H97/H$104 -> 0 | BG97: =I97/I$104 -> 0 | ... BR97: =T97/T$104 -> 0 | BT97: =V97/V$104 -> 0 | BU97: =W97/W$104 -> 0 | BV97: =X97/X$104 -> 0 | BW97: =Y97/Y$104 -> 0 | BX97: =Z97/Z$104 -> 0.00078730013 | BY97: =AA97/AA$104 -> 0 | BZ97: =AB97/AB$104 -> 0.0014646203 | CA97: =AC97/AC$104 -> 0 | ... CS97: =AU97/AU$104 -> 0 | CT97: =CT96+AVERAGE(CJ97:CS97) -> 1 | CU97: =CU96+AVERAGE(BD97:CS97) -> 0.99960933 | CW97: 256 | CX97: =CX96+B97 -> 22938 | CY97: =CY96+C97 -> 19148 | CZ97: =CZ96+D97 -> 22877 | DA97: =DA96+E97 -> 430 | DB97: =DB96+F97 -> 2524 | DC97: =DC96+G97 -> 11513 | DD97: =DD96+H97 -> 10669 | DE97: =DE96+I97 -> 9414 | ... DP97: =DP96+T97 -> 28127 | DR97: =DR96+V97 -> 57469 | DS97: =DS96+W97 -> 2948 | DT97: =DT96+X97 -> 3661 | DU97: =DU96+Y97 -> 23924.447 | DV97: =DV96+Z97 -> 69609 | DW97: =DW96+AA97 -> 77049 | DX97: =DX96+AB97 -> 65510 | DY97: =DY96+AC97 -> 101067 | ... EQ97: =EQ96+AU97 -> 210303 | ER97: =AVERAGE(EH97:EQ97) -> 77379.14 | ES97: =AVERAGE(DB97:EQ97) -> 42981.694 | EV97: 256 | EW97: =CX97/CX$102 -> 0.99986923 | EX97: =CY97/CY$102 -> 1 | EY97: =CZ97/CZ$102 -> 1 | EZ97: =DA97/DA$102 -> 1 | FA97: =DB97/DB$102 -> 0.99960396 | FB97: =DC97/DC$102 -> 0.99852559 | FC97: =DD97/DD$102 -> 1 | FD97: =DE97/DE$102 -> 1 | ... FO97: =DP97/DP$102 -> 1 | FQ97: =DR97/DR$102 -> 1 | FR97: =DS97/DS$102 -> 1 | FS97: =DT97/DT$102 -> 1 | FT97: =DU97/DU$102 -> 1 | FU97: =DV97/DV$102 -> 0.99642136 | FV97: =DW97/DW$102 -> 1 | FW97: =DX97/DX$102 -> 0.99945077 | FX97: =DY97/DY$102 -> 1 | ... GP97: =EQ97/EQ$102 -> 1 | GQ97: =AVERAGE(GG97:GP97) -> 1 | GR97: =AVERAGE(FA97:GP97) -> 0.99960933
A98: 257 | B98: 2 | F98: 1 | G98: 4 | K98: 7 | M98: 17 | X98: 0 | Z98: 169 | AB98: 36 | AY98: 257 | AZ98: =B98/B$104 -> 8.7180158e-05 | BA98: =C98/C$104 -> 0 | BB98: =D98/D$104 -> 0 | BC98: =E98/E$104 -> 0 | BD98: =F98/F$104 -> 0.0003960396 | BE98: =G98/G$104 -> 0.00034692108 | BF98: =H98/H$104 -> 0 | BG98: =I98/I$104 -> 0 | ... BR98: =T98/T$104 -> 0 | BT98: =V98/V$104 -> 0 | BU98: =W98/W$104 -> 0 | BV98: =X98/X$104 -> 0 | BW98: =Y98/Y$104 -> 0 | BX98: =Z98/Z$104 -> 0.0024191586 | BY98: =AA98/AA$104 -> 0 | BZ98: =AB98/AB$104 -> 0.0005492326 | CA98: =AC98/AC$104 -> 0 | ... CS98: =AU98/AU$104 -> 0 | CT98: =CT97+AVERAGE(CJ98:CS98) -> 1 | CU98: =CU97+AVERAGE(BD98:CS98) -> 0.999796 | CW98: 257 | CX98: =CX97+B98 -> 22940 | CY98: =CY97+C98 -> 19148 | CZ98: =CZ97+D98 -> 22877 | DA98: =DA97+E98 -> 430 | DB98: =DB97+F98 -> 2525 | DC98: =DC97+G98 -> 11517 | DD98: =DD97+H98 -> 10669 | DE98: =DE97+I98 -> 9414 | ... DP98: =DP97+T98 -> 28127 | DR98: =DR97+V98 -> 57469 | DS98: =DS97+W98 -> 2948 | DT98: =DT97+X98 -> 3661 | DU98: =DU97+Y98 -> 23924.447 | DV98: =DV97+Z98 -> 69778 | DW98: =DW97+AA98 -> 77049 | DX98: =DX97+AB98 -> 65546 | DY98: =DY97+AC98 -> 101067 | ... EQ98: =EQ97+AU98 -> 210303 | ER98: =AVERAGE(EH98:EQ98) -> 77379.14 | ES98: =AVERAGE(DB98:EQ98) -> 42987.402 | EV98: 257 | EW98: =CX98/CX$102 -> 0.99995641 | EX98: =CY98/CY$102 -> 1 | EY98: =CZ98/CZ$102 -> 1 | EZ98: =DA98/DA$102 -> 1 | FA98: =DB98/DB$102 -> 1 | FB98: =DC98/DC$102 -> 0.99887251 | FC98: =DD98/DD$102 -> 1 | FD98: =DE98/DE$102 -> 1 | ... FO98: =DP98/DP$102 -> 1 | FQ98: =DR98/DR$102 -> 1 | FR98: =DS98/DS$102 -> 1 | FS98: =DT98/DT$102 -> 1 | FT98: =DU98/DU$102 -> 1 | FU98: =DV98/DV$102 -> 0.99884052 | FV98: =DW98/DW$102 -> 1 | FW98: =DX98/DX$102 -> 1 | FX98: =DY98/DY$102 -> 1 | ... GP98: =EQ98/EQ$102 -> 1 | GQ98: =AVERAGE(GG98:GP98) -> 1 | GR98: =AVERAGE(FA98:GP98) -> 0.999796
A99: 258 | B99: 1 | F99: 0 | G99: 2 | K99: 2 | M99: 32 | Z99: 60 | AY99: 258 | AZ99: =B99/B$104 -> 4.3590079e-05 | BA99: =C99/C$104 -> 0 | BB99: =D99/D$104 -> 0 | BC99: =E99/E$104 -> 0 | BD99: =F99/F$104 -> 0 | BE99: =G99/G$104 -> 0.00017346054 | BF99: =H99/H$104 -> 0 | BG99: =I99/I$104 -> 0 | ... BR99: =T99/T$104 -> 0 | BT99: =V99/V$104 -> 0 | BU99: =W99/W$104 -> 0 | BV99: =X99/X$104 -> 0 | BW99: =Y99/Y$104 -> 0 | BX99: =Z99/Z$104 -> 0.00085887287 | BY99: =AA99/AA$104 -> 0 | BZ99: =AB99/AB$104 -> 0 | CA99: =AC99/AC$104 -> 0 | ... CS99: =AU99/AU$104 -> 0 | CT99: =CT98+AVERAGE(CJ99:CS99) -> 1 | CU99: =CU98+AVERAGE(BD99:CS99) -> 0.99985778 | CW99: 258 | CX99: =CX98+B99 -> 22941 | CY99: =CY98+C99 -> 19148 | CZ99: =CZ98+D99 -> 22877 | DA99: =DA98+E99 -> 430 | DB99: =DB98+F99 -> 2525 | DC99: =DC98+G99 -> 11519 | DD99: =DD98+H99 -> 10669 | DE99: =DE98+I99 -> 9414 | ... DP99: =DP98+T99 -> 28127 | DR99: =DR98+V99 -> 57469 | DS99: =DS98+W99 -> 2948 | DT99: =DT98+X99 -> 3661 | DU99: =DU98+Y99 -> 23924.447 | DV99: =DV98+Z99 -> 69838 | DW99: =DW98+AA99 -> 77049 | DX99: =DX98+AB99 -> 65546 | DY99: =DY98+AC99 -> 101067 | ... EQ99: =EQ98+AU99 -> 210303 | ER99: =AVERAGE(EH99:EQ99) -> 77379.14 | ES99: =AVERAGE(DB99:EQ99) -> 42989.743 | EV99: 258 | EW99: =CX99/CX$102 -> 1 | EX99: =CY99/CY$102 -> 1 | EY99: =CZ99/CZ$102 -> 1 | EZ99: =DA99/DA$102 -> 1 | FA99: =DB99/DB$102 -> 1 | FB99: =DC99/DC$102 -> 0.99904597 | FC99: =DD99/DD$102 -> 1 | FD99: =DE99/DE$102 -> 1 | ... FO99: =DP99/DP$102 -> 1 | FQ99: =DR99/DR$102 -> 1 | FR99: =DS99/DS$102 -> 1 | FS99: =DT99/DT$102 -> 1 | FT99: =DU99/DU$102 -> 1 | FU99: =DV99/DV$102 -> 0.99969939 | FV99: =DW99/DW$102 -> 1 | FW99: =DX99/DX$102 -> 1 | FX99: =DY99/DY$102 -> 1 | ... GP99: =EQ99/EQ$102 -> 1 | GQ99: =AVERAGE(GG99:GP99) -> 1 | GR99: =AVERAGE(FA99:GP99) -> 0.99985778
A100: 259 | B100: 0 | F100: 0 | G100: 8 | K100: 3 | M100: 63 | Z100: 5 | AY100: 259 | AZ100: =B100/B$104 -> 0 | BA100: =C100/C$104 -> 0 | BB100: =D100/D$104 -> 0 | BC100: =E100/E$104 -> 0 | BD100: =F100/F$104 -> 0 | BE100: =G100/G$104 -> 0.00069384215 | BF100: =H100/H$104 -> 0 | BG100: =I100/I$104 -> 0 | ... BR100: =T100/T$104 -> 0 | BT100: =V100/V$104 -> 0 | BU100: =W100/W$104 -> 0 | BV100: =X100/X$104 -> 0 | BW100: =Y100/Y$104 -> 0 | BX100: =Z100/Z$104 -> 7.1572739e-05 | BY100: =AA100/AA$104 -> 0 | BZ100: =AB100/AB$104 -> 0 | CA100: =AC100/AC$104 -> 0 | ... CS100: =AU100/AU$104 -> 0 | CT100: =CT99+AVERAGE(CJ100:CS100) -> 1 | CU100: =CU99+AVERAGE(BD100:CS100) -> 0.99993639 | CW100: 259 | CX100: =CX99+B100 -> 22941 | CY100: =CY99+C100 -> 19148 | CZ100: =CZ99+D100 -> 22877 | DA100: =DA99+E100 -> 430 | DB100: =DB99+F100 -> 2525 | DC100: =DC99+G100 -> 11527 | DD100: =DD99+H100 -> 10669 | DE100: =DE99+I100 -> 9414 | ... DP100: =DP99+T100 -> 28127 | DR100: =DR99+V100 -> 57469 | DS100: =DS99+W100 -> 2948 | DT100: =DT99+X100 -> 3661 | DU100: =DU99+Y100 -> 23924.447 | DV100: =DV99+Z100 -> 69843 | DW100: =DW99+AA100 -> 77049 | DX100: =DX99+AB100 -> 65546 | DY100: =DY99+AC100 -> 101067 | ... EQ100: =EQ99+AU100 -> 210303 | ER100: =AVERAGE(EH100:EQ100) -> 77379.14 | ES100: =AVERAGE(DB100:EQ100) -> 42991.67 | EV100: 259 | EW100: =CX100/CX$102 -> 1 | EX100: =CY100/CY$102 -> 1 | EY100: =CZ100/CZ$102 -> 1 | EZ100: =DA100/DA$102 -> 1 | FA100: =DB100/DB$102 -> 1 | FB100: =DC100/DC$102 -> 0.99973981 | FC100: =DD100/DD$102 -> 1 | FD100: =DE100/DE$102 -> 1 | ... FO100: =DP100/DP$102 -> 1 | FQ100: =DR100/DR$102 -> 1 | FR100: =DS100/DS$102 -> 1 | FS100: =DT100/DT$102 -> 1 | FT100: =DU100/DU$102 -> 1 | FU100: =DV100/DV$102 -> 0.99977097 | FV100: =DW100/DW$102 -> 1 | FW100: =DX100/DX$102 -> 1 | FX100: =DY100/DY$102 -> 1 | ... GP100: =EQ100/EQ$102 -> 1 | GQ100: =AVERAGE(GG100:GP100) -> 1 | GR100: =AVERAGE(FA100:GP100) -> 0.99993639
A101: 260 | B101: 0 | F101: 0 | G101: 0 | K101: 0 | Z101: 0 | AY101: 260 | AZ101: =B101/B$104 -> 0 | BA101: =C101/C$104 -> 0 | BB101: =D101/D$104 -> 0 | BC101: =E101/E$104 -> 0 | BD101: =F101/F$104 -> 0 | BE101: =G101/G$104 -> 0 | BF101: =H101/H$104 -> 0 | BG101: =I101/I$104 -> 0 | ... BR101: =T101/T$104 -> 0 | BT101: =V101/V$104 -> 0 | BU101: =W101/W$104 -> 0 | BV101: =X101/X$104 -> 0 | BW101: =Y101/Y$104 -> 0 | BX101: =Z101/Z$104 -> 0 | BY101: =AA101/AA$104 -> 0 | BZ101: =AB101/AB$104 -> 0 | CA101: =AC101/AC$104 -> 0 | ... CS101: =AU101/AU$104 -> 0 | CT101: =CT100+AVERAGE(CJ101:CS101) -> 1 | CU101: =CU100+AVERAGE(BD101:CS101) -> 0.99993639 | CW101: 260 | CX101: =CX100+B101 -> 22941 | CY101: =CY100+C101 -> 19148 | CZ101: =CZ100+D101 -> 22877 | DA101: =DA100+E101 -> 430 | DB101: =DB100+F101 -> 2525 | DC101: =DC100+G101 -> 11527 | DD101: =DD100+H101 -> 10669 | DE101: =DE100+I101 -> 9414 | ... DP101: =DP100+T101 -> 28127 | DR101: =DR100+V101 -> 57469 | DS101: =DS100+W101 -> 2948 | DT101: =DT100+X101 -> 3661 | DU101: =DU100+Y101 -> 23924.447 | DV101: =DV100+Z101 -> 69843 | DW101: =DW100+AA101 -> 77049 | DX101: =DX100+AB101 -> 65546 | DY101: =DY100+AC101 -> 101067 | ... EQ101: =EQ100+AU101 -> 210303 | ER101: =AVERAGE(EH101:EQ101) -> 77379.14 | ES101: =AVERAGE(DB101:EQ101) -> 42991.67 | EV101: 260 | EW101: =CX101/CX$102 -> 1 | EX101: =CY101/CY$102 -> 1 | EY101: =CZ101/CZ$102 -> 1 | EZ101: =DA101/DA$102 -> 1 | FA101: =DB101/DB$102 -> 1 | FB101: =DC101/DC$102 -> 0.99973981 | FC101: =DD101/DD$102 -> 1 | FD101: =DE101/DE$102 -> 1 | ... FO101: =DP101/DP$102 -> 1 | FQ101: =DR101/DR$102 -> 1 | FR101: =DS101/DS$102 -> 1 | FS101: =DT101/DT$102 -> 1 | FT101: =DU101/DU$102 -> 1 | FU101: =DV101/DV$102 -> 0.99977097 | FV101: =DW101/DW$102 -> 1 | FW101: =DX101/DX$102 -> 1 | FX101: =DY101/DY$102 -> 1 | ... GP101: =EQ101/EQ$102 -> 1 | GQ101: =AVERAGE(GG101:GP101) -> 1 | GR101: =AVERAGE(FA101:GP101) -> 0.99993639
A102: 261 | B102: 0 | F102: 0 | G102: 3 | K102: 4 | Z102: 16 | AY102: 261 | AZ102: =B102/B$104 -> 0 | BA102: =C102/C$104 -> 0 | BB102: =D102/D$104 -> 0 | BC102: =E102/E$104 -> 0 | BD102: =F102/F$104 -> 0 | BE102: =G102/G$104 -> 0.00026019081 | BF102: =H102/H$104 -> 0 | BG102: =I102/I$104 -> 0 | ... BR102: =T102/T$104 -> 0 | BT102: =V102/V$104 -> 0 | BU102: =W102/W$104 -> 0 | BV102: =X102/X$104 -> 0 | BW102: =Y102/Y$104 -> 0 | BX102: =Z102/Z$104 -> 0.00022903277 | BY102: =AA102/AA$104 -> 0 | BZ102: =AB102/AB$104 -> 0 | CA102: =AC102/AC$104 -> 0 | ... CS102: =AU102/AU$104 -> 0 | CT102: =CT101+AVERAGE(CJ102:CS102) -> 1 | CU102: =CU101+AVERAGE(BD102:CS102) -> 1 | CW102: 261 | CX102: =CX101+B102 -> 22941 | CY102: =CY101+C102 -> 19148 | CZ102: =CZ101+D102 -> 22877 | DA102: =DA101+E102 -> 430 | DB102: =DB101+F102 -> 2525 | DC102: =DC101+G102 -> 11530 | DD102: =DD101+H102 -> 10669 | DE102: =DE101+I102 -> 9414 | ... DP102: =DP101+T102 -> 28127 | DR102: =DR101+V102 -> 57469 | DS102: =DS101+W102 -> 2948 | DT102: =DT101+X102 -> 3661 | DU102: =DU101+Y102 -> 23924.447 | DV102: =DV101+Z102 -> 69859 | DW102: =DW101+AA102 -> 77049 | DX102: =DX101+AB102 -> 65546 | DY102: =DY101+AC102 -> 101067 | ... EQ102: =EQ101+AU102 -> 210303 | ER102: =AVERAGE(EH102:EQ102) -> 77379.14 | ES102: =AVERAGE(DB102:EQ102) -> 42992.231 | EV102: 261 | EW102: =CX102/CX$102 -> 1 | EX102: =CY102/CY$102 -> 1 | EY102: =CZ102/CZ$102 -> 1 | EZ102: =DA102/DA$102 -> 1 | FA102: =DB102/DB$102 -> 1 | FB102: =DC102/DC$102 -> 1 | FC102: =DD102/DD$102 -> 1 | FD102: =DE102/DE$102 -> 1 | ... FO102: =DP102/DP$102 -> 1 | FQ102: =DR102/DR$102 -> 1 | FR102: =DS102/DS$102 -> 1 | FS102: =DT102/DT$102 -> 1 | FT102: =DU102/DU$102 -> 1 | FU102: =DV102/DV$102 -> 1 | FV102: =DW102/DW$102 -> 1 | FW102: =DX102/DX$102 -> 1 | FX102: =DY102/DY$102 -> 1 | ... GP102: =EQ102/EQ$102 -> 1 | GQ102: =AVERAGE(GG102:GP102) -> 1 | GR102: =AVERAGE(FA102:GP102) -> 1
EW103: 22941 | EX103: 19148 | EY103: 22877 | EZ103: 430 | FA103: 2525 | FB103: 11530 | FC103: 10669 | FD103: 9414 | FE103: 12990 | FF103: 1888 | FG103: 28669 | FH103: 72517 | FI103: 45039 | FJ103: 10231 | FK103: 24707 | FL103: 39216 | FM103: 34216 | FN103: 18725 | FO103: 28127 | FQ103: 57469 | FR103: 2948 | FS103: 3661 | FT103: 23924 | FU103: 69859 | FV103: 77049 | FW103: 65546 | FX103: 101067 | FY103: 66708 | FZ103: 10021 | GA103: 12503 | GB103: 17030 | GC103: 22529 | GD103: 40272 | GE103: 48355 | GF103: 19485 | GG103: 13539 | GH103: 22553 | GI103: 55397 | GJ103: 72409 | GK103: 59106 | GL103: =EM103/EM$102 -> 0 | GM103: =EN103/EN$102 -> 0 | GN103: =EO103/EO$102 -> 0 | GO103: =EP103/EP$102 -> 0 | GP103: =EQ103/EQ$102 -> 0
A104: Total | B104: =SUM(B5:B102) -> 22941 | C104: =SUM(C5:C102) -> 19148 | D104: =SUM(D5:D102) -> 22877 | E104: =SUM(E5:E102) -> 430 | F104: =SUM(F5:F102) -> 2525 | G104: =SUM(G5:G102) -> 11530 | H104: =SUM(H5:H102) -> 10669 | I104: =SUM(I5:I102) -> 9414 | ... T104: =SUM(T5:T102) -> 28127 | V104: =SUM(V5:V102) -> 57469 | W104: =SUM(W5:W102) -> 2948 | X104: =SUM(X5:X102) -> 3661 | Y104: =SUM(Y5:Y102) -> 23924.447 | Z104: =SUM(Z5:Z102) -> 69859 | AA104: =SUM(AA5:AA102) -> 77049 | AB104: =SUM(AB5:AB102) -> 65546 | AC104: =SUM(AC5:AC102) -> 101067 | ... AV104: =SUM(AV5:AV102) -> 78162.484 | AY104: Total | AZ104: =SUM(AZ5:AZ102) -> 1 | BA104: =SUM(BA5:BA102) -> 1 | BB104: =SUM(BB5:BB102) -> 1 | BC104: =SUM(BC5:BC102) -> 1 | BD104: =SUM(BD5:BD102) -> 1 | BE104: =SUM(BE5:BE102) -> 1 | BF104: =SUM(BF5:BF102) -> 1 | BG104: =SUM(BG5:BG102) -> 1 | ... BR104: =SUM(BR5:BR102) -> 1 | BT104: =SUM(BT5:BT102) -> 1 | BU104: =SUM(BU5:BU102) -> 1 | BV104: =SUM(BV5:BV102) -> 1 | BW104: =SUM(BW5:BW102) -> 1 | BX104: =SUM(BX5:BX102) -> 1 | BY104: =SUM(BY5:BY102) -> 1 | BZ104: =SUM(BZ5:BZ102) -> 1 | CA104: =SUM(CA5:CA102) -> 1 | ... CR104: =SUM(CR5:CR102) -> 1
CX105: =CX102/2 -> 11470.5 | CY105: =CY102/2 -> 9574 | CZ105: =CZ102/2 -> 11438.5 | DA105: =DA102/2 -> 215 | DB105: =DB102/2 -> 1262.5 | DC105: =DC102/2 -> 5765 | DD105: =DD102/2 -> 5334.5 | DE105: =DE102/2 -> 4707 | ... EN105: =EN102/2 -> 30002

Sheet Sheet1
T1: 57469 | U1: 2948 | V1: 3661 | W1: 23924.447 | X1: 69859 | Y1: 77049 | Z1: 65546 | AA1: 101067 | AB1: 66708 | AC1: 10021 | AD1: 12503 | AE1: 17030 | AF1: 22529.206 | AG1: 40272 | AH1: 48355 | AI1: 19485.409 | AJ1: 13539.404 | AK1: 22553 | AL1: 55397 | AM1: 72409 | AN1: 59106 | AO1: 41289 | AP1: 60004 | AQ1: 85785
A2: Year | B2: Escapement
A3: 1982 | B3: 430 | C3: 7000 | D3: 25000
A4: 1983 | B4: 2525 | C4: 7000 | D4: 25000
A5: 1984 | B5: 11530 | C5: 7000 | D5: 25000
A6: 1985 | B6: 10669 | C6: 7000 | D6: 25000
A7: 1986 | B7: 9414 | C7: 7000 | D7: 25000
A8: 1987 | B8: 12990 | C8: 7000 | D8: 25000
A9: 1988 | B9: 1888 | C9: 7000 | D9: 25000
A10: 1989 | B10: 28669 | C10: 7000 | D10: 25000
A11: 1990 | B11: 72517 | C11: 7000 | D11: 25000
A12: 1991 | B12: 45039 | C12: 7000 | D12: 25000
A13: 1992 | B13: 10231 | C13: 7000 | D13: 25000
A14: 1993 | B14: 24707 | C14: 7000 | D14: 25000
... A18: 1997 | B18: 28127 | C18: 7000 | D18: 25000
A19: 1998 | C19: 7000 | D19: 25000
A20: 1999 | B20: 57469 | C20: 7000 | D20: 25000
A21: 2000 | B21: 2948 | C21: 7000 | D21: 25000
A22: 2001 | B22: 3661 | C22: 7000 | D22: 25000
A23: 2002 | B23: 23924 | C23: 7000 | D23: 25000
A24: 2003 | B24: 69859 | C24: 7000 | D24: 25000
A25: 2004 | B25: 77049 | C25: 7000 | D25: 25000
A26: 2005 | B26: 65546 | C26: 7000 | D26: 25000
A27: 2006 | B27: 101067 | C27: 7000 | D27: 25000
A28: 2007 | B28: 66708 | C28: 7000 | D28: 25000
A29: 2008 | B29: 10021 | C29: 7000 | D29: 25000
A30: 2009 | B30: 12503 | C30: 7000 | D30: 25000
A31: 2010 | B31: 17030 | C31: 7000 | D31: 25000
... A46: 2025 | B46: 228974 | C46: 7000 | D46: 25000
